<?xml version="1.0" encoding="UTF-8"?>
<Configuration status="WARN">
  <Properties>
    <Property name="log-path">/tmp/</Property>
  </Properties>
  <Appenders>
    <Console name="Console" target="SYSTEM_OUT" follow="true">
      <PatternLayout>
        <charset>utf-8</charset>
        <pattern>%d %p %C{1.} [%t] %X %m%n</pattern>
      </PatternLayout>
    </Console>
    <RollingFile name="RollingFile" fileName="${log-path}/service_user.log" filePattern="${log-path}/service_user-%d{yyyy-MM-dd}-%i.log" >
      <PatternLayout>
        <charset>utf-8</charset>
        <pattern>%d %p %C{1.} [%t] %X %m%n</pattern>
      </PatternLayout>
      <Policies>
        <SizeBasedTriggeringPolicy size="10 MB" />
      </Policies>
      <DefaultRolloverStrategy max="100"/>
    </RollingFile>
    <RollingFile name="MQRollingFile" fileName="${log-path}/service_user_mq.log" filePattern="${log-path}/service_user_mq-%d{yyyy-MM-dd}-%i.log" >
      <PatternLayout>
        <charset>utf-8</charset>
        <pattern>%d %p %C{1.} [%t] %X %m%n</pattern>
      </PatternLayout>
      <Policies>
        <SizeBasedTriggeringPolicy size="10 MB" />
      </Policies>
      <DefaultRolloverStrategy max="100"/>
    </RollingFile>
  </Appenders>
  <Loggers>
    <Logger name="cn.zjhf.kingold.user.persistence.dao" level="debug" additivity="false">
      <AppenderRef ref="RollingFile"/>
      <AppenderRef ref="Console" />
    </Logger>
    <Logger name="RocketmqClient" level="info" additivity="false">
      <AppenderRef ref="MQRollingFile"/>
    </Logger>
    <Logger name="RocketmqCommon" level="info" additivity="false">
      <AppenderRef ref="MQRollingFile"/>
    </Logger>
    <Logger name="RocketmqRemoting" level="info" additivity="false">
      <AppenderRef ref="MQRollingFile"/>
    </Logger>
    <Root level="info" additivity="false">
      <AppenderRef ref="RollingFile"/>
      <AppenderRef ref="Console" />
    </Root>
  </Loggers>
</Configuration>