<?xml version="1.0" encoding="UTF-8"?>
<DataDic>

    <element name="investorGender">
        <mappingItem value="0" simpleName="男" defaultName="男" fullName="男"/>
        <mappingItem value="1" simpleName="女" defaultName="女" fullName="女"/>
    </element>

    <element name="investorType">
        <mappingItem value="11" simpleName="普通投资人" defaultName="普通投资人" fullName="普通投资人"/>
        <mappingItem value="12" simpleName="理财顾问" defaultName="理财顾问" fullName="理财顾问"/>
        <mappingItem value="19" simpleName="专职理财师" defaultName="专职理财师" fullName="专职理财师"/>
    </element>

    <element name="userStatus">
        <mappingItem value="0" simpleName="正常用户" defaultName="正常用户" fullName="正常用户"/>
        <mappingItem value="1" simpleName="冻结用户" defaultName="冻结用户" fullName="冻结用户"/>
    </element>

    <element name="investorRiskLevel">
        <mappingItem value="1" simpleName="弱" defaultName="弱" fullName="弱"/>
        <mappingItem value="2" simpleName="较弱" defaultName="较弱" fullName="较弱"/>
        <mappingItem value="3" simpleName="中等" defaultName="中等" fullName="中等"/>
        <mappingItem value="4" simpleName="较强" defaultName="较强" fullName="较强"/>
        <mappingItem value="5" simpleName="强" defaultName="强" fullName="强"/>

    </element>

    <element name="investorRiskProduct">
        <mappingItem value="1" simpleName="低风险" defaultName="低风险" fullName="低风险"/>
        <mappingItem value="2" simpleName="中低风险、低风险" defaultName="中风险、中低风险" fullName="中风险、中低风险"/>
        <mappingItem value="3" simpleName="中风险、中低风险、低风险" defaultName="中风险、中低风险、低风险" fullName="中风险、中低风险、低风险"/>
        <mappingItem value="4" simpleName="中高风险、中风险、中低风险、低风险" defaultName="中高风险、中风险、中低风险、低风险" fullName="中高风险、中风险、中低风险、低风险"/>
        <mappingItem value="5" simpleName="高风险、中高风险、中风险、中低风险、低风险" defaultName="高风险、中高风险、中风险、中低风险、低风险" fullName="高风险、中高风险、中风险、中低风险、低风险"/>

    </element>

    <element name="isEligibleInvestor">
        <mappingItem value="0" simpleName="否" defaultName="否" fullName="否"/>
        <mappingItem value="1" simpleName="是" defaultName="是" fullName="是"/>
    </element>

    <element name="userVerifyStatus">
        <mappingItem value="0" simpleName="待身份认证" defaultName="待身份认证" fullName="待身份认证"/>
        <mappingItem value="1" simpleName="待授权" defaultName="待授权" fullName="待授权"/>
        <mappingItem value="2" simpleName="待绑卡" defaultName="待绑卡" fullName="待绑卡"/>
        <mappingItem value="3" simpleName="待设置支付密码" defaultName="待设置支付密码" fullName="待设置支付密码"/>
        <mappingItem value="9" simpleName="已认证" defaultName="已认证" fullName="已认证"/>
    </element>

</DataDic>

