<?xml version="1.0" encoding="UTF-8"?>
<DataDic>

    <element name="accountType">
        <mappingItem value="11" simpleName="平台托管账户" defaultName="平台托管账户" fullName="平台托管账户"/>
        <mappingItem value="12" simpleName="平台结算账户" defaultName="平台结算账户" fullName="平台结算账户"/>
        <mappingItem value="21" simpleName="投资人宝付托管账户" defaultName="投资人宝付托管账户" fullName="投资人宝付托管账户"/>
        <mappingItem value="31" simpleName="融资人宝付托管账户" defaultName="融资人宝付托管账户" fullName="融资人宝付托管账户"/>
        <mappingItem value="41" simpleName="宝付清算账户" defaultName="宝付清算账户" fullName="宝付清算账户"/>
        <mappingItem value="99" simpleName="平台费用账户" defaultName="平台费用账户" fullName="平台费用账户"/>
    </element>

    <element name="accountStatus">
        <mappingItem value="1" simpleName="正常" defaultName="正常" fullName="正常"/>
        <mappingItem value="2" simpleName="冻结" defaultName="冻结" fullName="冻结"/>
        <mappingItem value="3" simpleName="注销" defaultName="注销" fullName="注销"/>
        <mappingItem value="4" simpleName="暂停使用" defaultName="暂停使用" fullName="暂停使用"/>
    </element>

    <element name="openChannel">
        <mappingItem value="1" simpleName="app" defaultName="app" fullName="app"/>
        <mappingItem value="2" simpleName="官网" defaultName="官网" fullName="官网"/>
        <mappingItem value="3" simpleName="内部" defaultName="内部" fullName="内部"/>
    </element>


</DataDic>

