<?xml version="1.0" encoding="UTF-8"?>
<DataDic>


    <element name="tradeType">
        <mappingItem value="1" simpleName="充值" defaultName="宝付充值" fullName="宝付充值"/>
        <mappingItem value="2" simpleName="投标" defaultName="宝付投标" fullName="宝付投标"/>
        <mappingItem value="3" simpleName="满标" defaultName="宝付满标" fullName="宝付满标"/>
        <mappingItem value="4" simpleName="流标" defaultName="宝付流标" fullName="宝付流标"/>
        <mappingItem value="5" simpleName="还款" defaultName="宝付还款" fullName="宝付还款"/>
        <mappingItem value="6" simpleName="提现" defaultName="宝付提现" fullName="宝付提现"/>
        <mappingItem value="11" simpleName="融资方佣金" defaultName="融资方佣金" fullName="融资方佣金"/>
        <mappingItem value="12" simpleName="理财顾问佣金" defaultName="理财顾问佣金" fullName="理财顾问佣金"/>
    </element>

    <element name="isTransactionCheck">
        <mappingItem value="0" simpleName="否" defaultName="否" fullName="否"/>
        <mappingItem value="1" simpleName="是" defaultName="是" fullName="是"/>
    </element>


</DataDic>

