<?xml version="1.0" encoding="UTF-8"?>
<Configuration status="WARN">
  <Properties>
    <Property name="log-path">/tmp/</Property>
  </Properties>
  <Appenders>
    <Console name="Console" target="SYSTEM_OUT" follow="true">
      <PatternLayout>
        <charset>utf-8</charset>
        <pattern>%d %p %C{1.} [%t] %X %m%n</pattern>
      </PatternLayout>
    </Console>
    <RollingFile name="TradeRollingFile" fileName="${log-path}/service_trade.log" filePattern="${log-path}/service_trade-%d{yyyy-MM-dd}-%i.log" >
      <PatternLayout>
        <charset>utf-8</charset>
        <pattern>%d %p %C{1.} [%t] %X %m%n</pattern>
      </PatternLayout>
      <Policies>
        <SizeBasedTriggeringPolicy size="10 MB" />
      </Policies>
      <DefaultRolloverStrategy max="100"/>
    </RollingFile>
    <RollingFile name="PayRollingFile" fileName="${log-path}/service_pay.log" filePattern="${log-path}/service_pay-%d{yyyy-MM-dd}-%i.log" >
      <PatternLayout>
        <charset>utf-8</charset>
        <pattern>%d %p %C{1.} [%t] %X %m%n</pattern>
      </PatternLayout>
      <Policies>
        <SizeBasedTriggeringPolicy size="10 MB" />
      </Policies>
      <DefaultRolloverStrategy max="100"/>
    </RollingFile>
    <RollingFile name="MQRollingFile" fileName="${log-path}/service_trade_mq.log" filePattern="${log-path}/service_trade_mq-%d{yyyy-MM-dd}-%i.log" >
      <PatternLayout>
        <charset>utf-8</charset>
        <pattern>%d %p %C{1.} [%t] %X %m%n</pattern>
      </PatternLayout>
      <Policies>
        <SizeBasedTriggeringPolicy size="10 MB" />
      </Policies>
      <DefaultRolloverStrategy max="100"/>
    </RollingFile>
  </Appenders>
  <Loggers>
    <Logger name="cn.zjhf.kingold.trade.service.impl.PayServiceImpl" level="info" additivity="false">
      <AppenderRef ref="PayRollingFile" level="info"/>
      <AppenderRef ref="Console" />
    </Logger>
    <Logger name="cn.zjhf.kingold.trade.persistence.dao" level="debug" additivity="false">
      <AppenderRef ref="TradeRollingFile"/>
      <AppenderRef ref="Console" />
    </Logger>
    <Logger name="RocketmqClient" level="info" additivity="false">
      <AppenderRef ref="MQRollingFile"/>
    </Logger>
    <Logger name="RocketmqCommon" level="info" additivity="false">
      <AppenderRef ref="MQRollingFile"/>
    </Logger>
    <Logger name="RocketmqRemoting" level="info" additivity="false">
      <AppenderRef ref="MQRollingFile"/>
    </Logger>
    <Logger name="druid.sql" level="debug" additivity="false">
      <AppenderRef ref="TradeRollingFile"/>
      <AppenderRef ref="Console" />
    </Logger>
    <Logger name="druid.sql.DataSource" level="debug" additivity="false">
      <AppenderRef ref="TradeRollingFile"/>
      <AppenderRef ref="Console" />
    </Logger>
    <Logger name="druid.sql.Connection" level="debug" additivity="false">
      <AppenderRef ref="TradeRollingFile"/>
      <AppenderRef ref="Console" />
    </Logger>
    <Logger name="druid.sql.Statement" level="debug" additivity="false">
      <AppenderRef ref="TradeRollingFile"/>
      <AppenderRef ref="Console" />
    </Logger>
    <Logger name="druid.sql.ResultSet" level="debug" additivity="false">
      <AppenderRef ref="TradeRollingFile"/>
      <AppenderRef ref="Console" />
    </Logger>
    <Root level="info">
      <AppenderRef ref="TradeRollingFile"/>
      <AppenderRef ref="Console" />
    </Root>
  </Loggers>
</Configuration>