<?xml version="1.0" encoding="UTF-8"?>
<!DOCTYPE mapper PUBLIC "-//mybatis.org//DTD Mapper 3.0//EN" "http://mybatis.org/dtd/mybatis-3-mapper.dtd">
<mapper namespace="cn.zjhf.kingold.tool.baofoo.mapper.AccountMapper">
  <!-- -->
  <update id="updateAmount" parameterType="java.util.Map">
    UPDATE kingold_trade.account
    SET account_cash_amount = account_cash_amount + #{amount},
        account_freeze_amount = account_freeze_amount - #{amount}
    WHERE account_uuid = #{accountUuid}
  </update>
  <!-- -->
  <update id="updatePlatformAmount" parameterType="java.util.Map">
    UPDATE kingold_trade.account
    SET account_total_assets = account_total_assets - #{amount},
    account_cash_amount =  account_cash_amount - ${amount}
    WHERE account_uuid = #{accountUuid}
  </update>
  <!-- -->
  <insert id="addTransaction" parameterType="cn.zjhf.kingold.tool.baofoo.entity.AccountTransaction">
    INSERT INTO kingold_trade.account_transaction
    (account_transaction_uuid, transaction_bill_code, user_uuid, account_uuid, account_no, transaction_time,
     oppo_user_uuid, oppo_account_uuid, oppo_account_no, transaction_amount, trade_type, remark, account_type,
     trade_order_bill_code_extend)
    VALUES
    (#{accountTransactionUuid}, #{transactionBillCode}, #{userUuid}, #{accountUuid}, #{accountNo}, now(),
     #{oppoUserUuid}, #{oppoAccountUuid}, #{oppoAccountNo}, #{transactionAmount}, #{tradeType}, #{remark}, #{accountType},
     #{tradeOrderBillCodeExtend})
  </insert>
  <!-- -->
  <select id="getPlatformAccount" resultType="cn.zjhf.kingold.tool.baofoo.entity.Account">
    SELECT a.user_uuid as userUuid, a.account_uuid as accountUuid, a.account_type as accountType, b.account_no as accountNo
    FROM kingold_trade.account a, kingold_trade.account_baofoo_custody b
    WHERE a.account_uuid = b.account_uuid and a.account_type = '11'
  </select>

</mapper>