<?xml version="1.0" encoding="UTF-8"?>
<!DOCTYPE mapper PUBLIC "-//mybatis.org//DTD Mapper 3.0//EN" "http://mybatis.org/dtd/mybatis-3-mapper.dtd">
<mapper namespace="cn.zjhf.kingold.tool.baofoo.mapper.ProductMapper">
  <resultMap id="BaseResultMap" type="cn.zjhf.kingold.tool.baofoo.entity.Product">
    <id column="product_id" jdbcType="BIGINT" property="productId" />
    <result column="product_uuid" jdbcType="VARCHAR" property="productUuid" />
    <result column="product_name" jdbcType="VARCHAR" property="productName" />
    <result column="payee_account_uuid" jdbcType="VARCHAR" property="payeeAccountUuid" />
    <result column="account_no" jdbcType="BIGINT" property="accountNo" />
  </resultMap>
  <!-- -->
  <select id="selectByProductUuid" parameterType="java.lang.String" resultMap="BaseResultMap">
    SELECT p.product_id, p.product_uuid, p.product_name, a.user_uuid as payeeUserUuid, f.payee_account_uuid, b.account_no, a.account_type
    FROM kingold_product.product p, kingold_product.product_fixed_income f, kingold_trade.account a, kingold_trade.account_baofoo_custody b
    WHERE p.product_uuid = f.product_uuid AND f.payee_account_uuid = a.account_uuid AND a.account_uuid = b.account_uuid
    AND p.product_uuid = #{productUuid}
  </select>
  <!-- -->
  <update id="updateCancelStatus" parameterType="java.lang.String">
    UPDATE kingold_product.product
    SET product_status = 21
    WHERE product_uuid = #{productUuid} AND product_status &gt;= 2 AND product_status &lt; 5
  </update>
</mapper>