<?xml version="1.0" encoding="UTF-8"?>
<!DOCTYPE mapper PUBLIC "-//mybatis.org//DTD Mapper 3.0//EN" "http://mybatis.org/dtd/mybatis-3-mapper.dtd">
<mapper namespace="cn.zjhf.kingold.tool.baofoo.mapper.TradeOrderMapper">
  <resultMap id="BaseResultMap" type="cn.zjhf.kingold.tool.baofoo.entity.TradeOrder">
    <result column="order_bill_code" jdbcType="VARCHAR" property="orderBillCode" />
    <result column="user_uuid" jdbcType="VARCHAR" property="userUuid" />
    <result column="user_name" jdbcType="VARCHAR" property="userName" />
    <result column="user_phone" jdbcType="VARCHAR" property="userPhone" />
    <result column="account_uuid" jdbcType="VARCHAR" property="accountUuid" />
    <result column="account_no" jdbcType="BIGINT" property="accountNo" />
    <result column="order_amount" jdbcType="DECIMAL" property="orderAmount" />
    <result column="paid_amount" jdbcType="DECIMAL" property="paidAmount" />
  </resultMap>
  <!-- -->
  <select id="selectByProductUuid" parameterType="java.lang.String" resultMap="BaseResultMap">
    select order_bill_code, user_uuid, user_name, user_phone, account_uuid, account_no, order_amount, paid_amount
    from kingold_trade.trade_order
    where product_uuid = #{productUuid} and order_status = 2
  </select>
  <!-- -->
  <update id="updateCancelStatus" parameterType="java.lang.String">
    UPDATE kingold_trade.trade_order
    SET order_status = 9
    WHERE product_uuid = #{productUuid} AND order_status = 2
  </update>
</mapper>