<?xml version="1.0" encoding="UTF-8"?>
<!DOCTYPE mapper PUBLIC "-//mybatis.org//DTD Mapper 3.0//EN" "http://mybatis.org/dtd/mybatis-3-mapper.dtd">
<mapper namespace="cn.zjhf.kingold.trade.persistence.dao.AccountMapper">
  <resultMap id="accountInfo" type="java.util.HashMap">
    <id column="account_uuid" jdbcType="CHAR" property="accountUuid" />
    <result column="user_uuid" jdbcType="CHAR" property="userUuid" />
    <result column="account_type" jdbcType="CHAR" property="accountType" />
    <result column="account_status" jdbcType="TINYINT" property="accountStatus" />
    <result column="create_time" jdbcType="TIMESTAMP" property="createTime" />
    <result column="open_channel" jdbcType="INTEGER" property="openChannel" />
    <result column="account_total_assets" jdbcType="DECIMAL" property="accountTotalAssets" />
    <result column="account_cash_amount" jdbcType="DECIMAL" property="accountCashAmount" />
    <result column="account_inve_amount" jdbcType="DECIMAL" property="accountInveAmount" />
    <result column="account_unpaid_profit" jdbcType="DECIMAL" property="accountUnpaidProfit" />
    <result column="account_unpaid_interest" jdbcType="DECIMAL" property="accountUnpaidInterest" />
    <result column="account_freeze_amount" jdbcType="DECIMAL" property="accountFreezeAmount" />
    <result column="account_transit_amount" jdbcType="DECIMAL" property="accountTransitAmount" />
    <result column="account_accum_profit" jdbcType="DECIMAL" property="accountAccumProfit" />
    <result column="account_paid_profit" jdbcType="DECIMAL" property="accountPaidProfit" />
    <result column="account_yesterday_profit" jdbcType="DECIMAL" property="accountYesterdayProfit" />
    <result column="account_commission" jdbcType="DECIMAL" property="accountCommission" />
    <result column="account_fina_commission" jdbcType="DECIMAL" property="accountFinaCommission" />
    <result column="account_invi_bonus1" jdbcType="DECIMAL" property="accountInviBonus1" />
    <result column="account_invi_bonus2" jdbcType="DECIMAL" property="accountInviBonus2" />
    <result column="signature" jdbcType="VARCHAR" property="signature" />
    <result column="delete_flag" jdbcType="TINYINT" property="deleteFlag" />
    <result column="update_time" jdbcType="TIMESTAMP" property="updateTime" />
  </resultMap>

  <!--<sql id="Base_Column_List">-->
  <!--account_uuid, user_uuid, account_type, account_status, create_time, open_channel,-->
  <!--account_total_assets, account_cash_amount, account_inve_amount, account_unpaid_profit,-->
  <!--account_unpaid_interest, account_freeze_amount, account_transit_amount, account_accum_profit,-->
  <!--account_paid_profit, account_yesterday_profit, account_commission, account_fina_commission,-->
  <!--account_invi_bonus1, account_invi_bonus2, signature, delete_flag, update_time-->
  <!--</sql>-->
  <sql id="Base_Column_List">
    *
  </sql>


  <sql id="Exclude_Delete_Flag">
    and (delete_flag is null or delete_flag = 0)
  </sql>

  <select id="get" resultMap="accountInfo" >
    SELECT
    <include refid="Base_Column_List" />
    FROM
    account
    WHERE
    1=1
    <if test="userUuid != null">
      and user_uuid = #{userUuid}
    </if>
    <if test="accountUuid != null">
      and account_uuid = #{accountUuid}
    </if>
    <if test="accountType != null">
      and account_type = #{accountType}
    </if>

    <include refid="Exclude_Delete_Flag" />
  </select>



  <select id="getByUserId" resultMap="accountInfo" >
    SELECT
    <include refid="Base_Column_List" />
    FROM
    account
    WHERE
    1=1
    <if test="accountUuid != null">
      and account_uuid = #{accountUuid}
    </if>
    <if test="userUuid != null">
      and user_uuid = #{userUuid}
    </if>

    <if test="accountType != null">
      and account_type = ${accountType}
    </if>
    <if test="accountStatus != null">
      and account_status = ${accountStatus}
    </if>

    <include refid="Exclude_Delete_Flag" />

  </select>



  <select id="getList" resultMap="accountInfo" >
    SELECT
    <include refid="Base_Column_List" />
    FROM
    account
    WHERE
    1=1
    <if test="accountUuid != null">
      and account_uuid = #{accountUuid}
    </if>
    <if test="userUuid != null">
      and user_uuid = #{userUuid}
    </if>
    <if test="accountType != null">
      and account_type = ${accountType}
    </if>
    <if test="accountStatus != null">
      and account_status = ${accountStatus}
    </if>


    <include refid="Exclude_Delete_Flag" />

    <choose>
      <when test="orderBy != null">
        order by ${orderBy}
      </when>
      <otherwise>
        order by create_time desc
      </otherwise>
    </choose>

    <if test="pageSize != null and startRow != null">limit ${pageSize} offset ${startRow}</if>
  </select>


  <select id="getCount" resultType="int" >
    SELECT
    count(1)
    FROM
    account
    WHERE
    1=1
    <if test="accountUuid != null">
      and account_uuid = #{accountUuid}
    </if>
    <if test="userUuid != null">
      and user_uuid = #{userUuid}
    </if>
    <if test="accountType != null">
      and account_type = ${accountType}
    </if>
    <if test="accountStatus != null">
      and account_status = ${accountStatus}
    </if>

    <include refid="Exclude_Delete_Flag" />
  </select>



  <insert id="insert" parameterType="java.util.Map">
    <selectKey keyProperty="userId" order="AFTER" resultType="java.lang.Long">
      SELECT LAST_INSERT_ID()
    </selectKey>
    insert into account
    <trim prefix="(" suffix=")" suffixOverrides=",">
      <if test="accountUuid != null">
        account_uuid,
      </if>
      <if test="userUuid != null">
        user_uuid,
      </if>
      <if test="accountType != null">
        account_type,
      </if>
      <if test="accountStatus != null">
        account_status,
      </if>

      <if test="openChannel != null">
        open_channel,
      </if>
      <if test="accountTotalAssets != null">
        account_total_assets,
      </if>
      <if test="accountCashAmount != null">
        account_cash_amount,
      </if>
      <if test="accountInveAmount != null">
        account_inve_amount,
      </if>
      <if test="accountUnpaidProfit != null">
        account_unpaid_profit,
      </if>
      <if test="accountUnpaidInterest != null">
        account_unpaid_interest,
      </if>
      <if test="accountFreezeAmount != null">
        account_freeze_amount,
      </if>
      <if test="accountTransitAmount != null">
        account_transit_amount,
      </if>
      <if test="accountAccumProfit != null">
        account_accum_profit,
      </if>
      <if test="accountPaidProfit != null">
        account_paid_profit,
      </if>
      <if test="accountYesterdayProfit != null">
        account_yesterday_profit,
      </if>
      <if test="accountCommission != null">
        account_commission,
      </if>
      <if test="accountFinaCommission != null">
        account_fina_commission,
      </if>
      <if test="accountInviBonus1 != null">
        account_invi_bonus1,
      </if>
      <if test="accountInviBonus2 != null">
        account_invi_bonus2,
      </if>
      <if test="signature != null">
        signature,
      </if>

      delete_flag,
      create_time,
      update_time,
    </trim>
    <trim prefix="values (" suffix=")" suffixOverrides=",">
      <if test="accountUuid != null">
        #{accountUuid,jdbcType=CHAR},
      </if>
      <if test="userUuid != null">
        #{userUuid,jdbcType=CHAR},
      </if>
      <if test="accountType != null">
        #{accountType,jdbcType=CHAR},
      </if>
      <if test="accountStatus != null">
        #{accountStatus,jdbcType=TINYINT},
      </if>

      <if test="openChannel != null">
        #{openChannel,jdbcType=INTEGER},
      </if>
      <if test="accountTotalAssets != null">
        #{accountTotalAssets,jdbcType=DECIMAL},
      </if>
      <if test="accountCashAmount != null">
        #{accountCashAmount,jdbcType=DECIMAL},
      </if>
      <if test="accountInveAmount != null">
        #{accountInveAmount,jdbcType=DECIMAL},
      </if>
      <if test="accountUnpaidProfit != null">
        #{accountUnpaidProfit,jdbcType=DECIMAL},
      </if>
      <if test="accountUnpaidInterest != null">
        #{accountUnpaidInterest,jdbcType=DECIMAL},
      </if>
      <if test="accountFreezeAmount != null">
        #{accountFreezeAmount,jdbcType=DECIMAL},
      </if>
      <if test="accountTransitAmount != null">
        #{accountTransitAmount,jdbcType=DECIMAL},
      </if>
      <if test="accountAccumProfit != null">
        #{accountAccumProfit,jdbcType=DECIMAL},
      </if>
      <if test="accountPaidProfit != null">
        #{accountPaidProfit,jdbcType=DECIMAL},
      </if>
      <if test="accountYesterdayProfit != null">
        #{accountYesterdayProfit,jdbcType=DECIMAL},
      </if>
      <if test="accountCommission != null">
        #{accountCommission,jdbcType=DECIMAL},
      </if>
      <if test="accountFinaCommission != null">
        #{accountFinaCommission,jdbcType=DECIMAL},
      </if>
      <if test="accountInviBonus1 != null">
        #{accountInviBonus1,jdbcType=DECIMAL},
      </if>
      <if test="accountInviBonus2 != null">
        #{accountInviBonus2,jdbcType=DECIMAL},
      </if>
      <if test="signature != null">
        #{signature,jdbcType=VARCHAR},
      </if>
      0,now(),now(),
    </trim>



  </insert>

  <!--**************************************-->
  <!--删除的where条件不能使用 if判断。这样很容易导致误删除数据 -->
  <!--**************************************-->
  <update id="update" parameterType="java.util.Map">
    update account
    <set>
      <if test="accountUuid != null">
        account_uuid = #{accountUuid,jdbcType=CHAR},
      </if>
      <if test="userUuid != null">
        user_uuid = #{userUuid,jdbcType=CHAR},
      </if>
      <if test="accountType != null">
        account_type = #{accountType,jdbcType=CHAR},
      </if>
      <if test="accountStatus != null">
        account_status = #{accountStatus,jdbcType=TINYINT},
      </if>
      <if test="createTime != null">
        create_time = #{createTime,jdbcType=TIMESTAMP},
      </if>
      <if test="openChannel != null">
        open_channel = #{openChannel,jdbcType=INTEGER},
      </if>
      <if test="accountTotalAssets != null">
        account_total_assets = #{accountTotalAssets,jdbcType=DECIMAL},
      </if>
      <if test="accountCashAmount != null">
        account_cash_amount = #{accountCashAmount,jdbcType=DECIMAL},
      </if>
      <if test="accountInveAmount != null">
        account_inve_amount = #{accountInveAmount,jdbcType=DECIMAL},
      </if>
      <if test="accountUnpaidProfit != null">
        account_unpaid_profit = #{accountUnpaidProfit,jdbcType=DECIMAL},
      </if>
      <if test="accountUnpaidInterest != null">
        account_unpaid_interest = #{accountUnpaidInterest,jdbcType=DECIMAL},
      </if>
      <if test="accountFreezeAmount != null">
        account_freeze_amount = #{accountFreezeAmount,jdbcType=DECIMAL},
      </if>
      <if test="accountTransitAmount != null">
        account_transit_amount = #{accountTransitAmount,jdbcType=DECIMAL},
      </if>
      <if test="accountAccumProfit != null">
        account_accum_profit = #{accountAccumProfit,jdbcType=DECIMAL},
      </if>
      <if test="accountPaidProfit != null">
        account_paid_profit = #{accountPaidProfit,jdbcType=DECIMAL},
      </if>
      <if test="accountYesterdayProfit != null">
        account_yesterday_profit = #{accountYesterdayProfit,jdbcType=DECIMAL},
      </if>
      <if test="accountCommission != null">
        account_commission = #{accountCommission,jdbcType=DECIMAL},
      </if>
      <if test="accountFinaCommission != null">
        account_fina_commission = #{accountFinaCommission,jdbcType=DECIMAL},
      </if>
      <if test="accountInviBonus1 != null">
        account_invi_bonus1 = #{accountInviBonus1,jdbcType=DECIMAL},
      </if>
      <if test="accountInviBonus2 != null">
        account_invi_bonus2 = #{accountInviBonus2,jdbcType=DECIMAL},
      </if>
      <if test="signature != null">
        signature = #{signature,jdbcType=VARCHAR},
      </if>
      <if test="deleteFlag != null">
        delete_flag = #{deleteFlag,jdbcType=TINYINT},
      </if>

        update_time = now(),

    </set>
    where
      account_uuid = #{accountUuid}


  </update>


  <!--**************************************-->
  <!--删除的where条件不能使用 if判断。这样很容易导致误删除数据 -->
  <!--**************************************-->
  <update id="updateByUserUuid" parameterType="java.util.Map">
    update account
    <set>
      <if test="accountType != null">
        account_type = #{accountType,jdbcType=CHAR},
      </if>
      <if test="accountStatus != null">
        account_status = #{accountStatus,jdbcType=TINYINT},
      </if>
      <if test="createTime != null">
        create_time = #{createTime,jdbcType=TIMESTAMP},
      </if>
      <if test="openChannel != null">
        open_channel = #{openChannel,jdbcType=INTEGER},
      </if>
      <if test="accountTotalAssets != null">
        account_total_assets = #{accountTotalAssets,jdbcType=DECIMAL},
      </if>
      <if test="accountCashAmount != null">
        account_cash_amount = #{accountCashAmount,jdbcType=DECIMAL},
      </if>
      <if test="accountInveAmount != null">
        account_inve_amount = #{accountInveAmount,jdbcType=DECIMAL},
      </if>
      <if test="accountUnpaidProfit != null">
        account_unpaid_profit = #{accountUnpaidProfit,jdbcType=DECIMAL},
      </if>
      <if test="accountUnpaidInterest != null">
        account_unpaid_interest = #{accountUnpaidInterest,jdbcType=DECIMAL},
      </if>
      <if test="accountFreezeAmount != null">
        account_freeze_amount = #{accountFreezeAmount,jdbcType=DECIMAL},
      </if>
      <if test="accountTransitAmount != null">
        account_transit_amount = #{accountTransitAmount,jdbcType=DECIMAL},
      </if>
      <if test="accountAccumProfit != null">
        account_accum_profit = #{accountAccumProfit,jdbcType=DECIMAL},
      </if>
      <if test="accountPaidProfit != null">
        account_paid_profit = #{accountPaidProfit,jdbcType=DECIMAL},
      </if>
      <if test="accountYesterdayProfit != null">
        account_yesterday_profit = #{accountYesterdayProfit,jdbcType=DECIMAL},
      </if>
      <if test="accountCommission != null">
        account_commission = #{accountCommission,jdbcType=DECIMAL},
      </if>
      <if test="accountFinaCommission != null">
        account_fina_commission = #{accountFinaCommission,jdbcType=DECIMAL},
      </if>
      <if test="accountInviBonus1 != null">
        account_invi_bonus1 = #{accountInviBonus1,jdbcType=DECIMAL},
      </if>
      <if test="accountInviBonus2 != null">
        account_invi_bonus2 = #{accountInviBonus2,jdbcType=DECIMAL},
      </if>
      <if test="signature != null">
        signature = #{signature,jdbcType=VARCHAR},
      </if>
      <if test="deleteFlag != null">
        delete_flag = #{deleteFlag,jdbcType=TINYINT},
      </if>

      update_time = now(),

    </set>
    where
    user_uuid = #{userUuid}


  </update>


  <!--**************************************-->
  <!--删除的where条件不能使用 if判断。这样很容易导致误删除数据 -->
  <!--**************************************-->

  <update id="delete" parameterType="java.util.Map">
    update account
    <set>

      delete_flag = 1,
      update_time = now(),

    </set>
    WHERE
    account_uuid = #{accountUuid}
  </update>

  <update id="recharge" parameterType="java.util.Map">
    update account
    <set>
      account_total_assets =  account_total_assets + ${transactionAmount},
      account_cash_amount =  account_cash_amount + ${transactionAmount},
      update_time = now(),

    </set>
    WHERE
    <choose>
      <when test="accountUuid != null">
        account_uuid = #{accountUuid,jdbcType=CHAR}
      </when>
      <otherwise>'error!!'</otherwise>
    </choose>
  </update>



  <update id="clearYesterdayProfit">
    update account set account_yesterday_profit =  0.0000;
  </update>

  <update id="invest" parameterType="java.util.Map">
    update account
    <set>

      account_cash_amount =  account_cash_amount + ${transactionAmount},
      account_inve_amount =  account_inve_amount - ${transactionAmount},
      account_freeze_amount =  account_freeze_amount - ${transactionAmount},
      update_time = now(),

    </set>
    WHERE
    <choose>
      <when test="accountUuid != null">
        account_uuid = #{accountUuid,jdbcType=CHAR}
      </when>
      <otherwise>'error!!'</otherwise>
    </choose>
  </update>

  <!-- 付款时判断account_cash_amount不能扣成负数 -->
  <update id="freezeCash">
    update account
    <set>
      account_cash_amount =  account_cash_amount - ${amount},
      account_freeze_amount =  account_freeze_amount + ${amount},
    </set>
    WHERE
    <choose>
      <when test="accountUuid != null">
        account_uuid = #{accountUuid,jdbcType=CHAR} AND account_cash_amount &gt;= ${amount}
      </when>
      <otherwise>'error!!'</otherwise>
    </choose>
  </update>

  <update id="cancelFreezeCash" parameterType="java.util.Map">
    update account
    <set>

      account_cash_amount =  account_cash_amount + ${amount},
      account_freeze_amount =  account_freeze_amount - ${amount},
      update_time = now(),
    </set>
    WHERE
    <choose>
      <when test="accountUuid != null">
        account_uuid = #{accountUuid,jdbcType=CHAR}
      </when>
      <otherwise>'error!!'</otherwise>
    </choose>
  </update>



  <update id="executeBill" parameterType="java.util.Map">
    update account
    <set>
      account_total_assets =  account_total_assets - ${amount},
      <!--rechargeAmount 在凭证中记录的是负数，所以需要 account_freeze_amount + ${rechargeAmount}, -->
      account_freeze_amount =  account_freeze_amount - ${amount},
      update_time = now(),
    </set>
    WHERE
    <choose>
      <when test="accountUuid != null">
        account_uuid = #{accountUuid,jdbcType=CHAR}
      </when>
      <otherwise>'error!!'</otherwise>
    </choose>
  </update>

  <update id="payment" parameterType="java.util.Map">
    update account
    <set>
      account_total_assets =  account_total_assets - ${amount},
      <!--rechargeAmount 在凭证中记录的是负数，所以需要 account_freeze_amount + ${rechargeAmount}, -->
      account_cash_amount =  account_cash_amount - ${amount}
      <!--,update_time = now(),-->
    </set>
    WHERE
    <choose>
      <when test="accountUuid != null">
        account_uuid = #{accountUuid,jdbcType=CHAR}
      </when>
      <otherwise>'error!!'</otherwise>
    </choose>
  </update>

  <!-- 募集增款 -->
  <update id="raiseCash" parameterType="java.util.Map">
    update account
    <set>
      account_total_assets =  account_total_assets + ${amount},
      account_cash_amount =  account_cash_amount + ${amount},
    </set>
    WHERE
    <choose>
      <when test="accountUuid != null">
        account_uuid = #{accountUuid,jdbcType=CHAR}
      </when>
      <otherwise>'error!!'</otherwise>
    </choose>
  </update>


</mapper>