<?xml version="1.0" encoding="UTF-8"?>
<!DOCTYPE mapper PUBLIC "-//mybatis.org//DTD Mapper 3.0//EN" "http://mybatis.org/dtd/mybatis-3-mapper.dtd">
<mapper namespace="cn.zjhf.kingold.trade.persistence.dao.AccountBaofooCustodyMapper">
  <resultMap id="accountInfo" type="java.util.HashMap">
    <id column="account_baofoo_id" jdbcType="BIGINT" property="accountBaofooId" />
    <result column="account_uuid" jdbcType="CHAR" property="accountUuid" />
    <result column="account_no" jdbcType="CHAR" property="accountNo" />

    <result column="account_auth_status" jdbcType="TINYINT" property="accountAuthStatus" />
    <result column="bank_card_info" jdbcType="CHAR" property="bankCardInfo" />
    <result column="delete_flag" jdbcType="TINYINT" property="deleteFlag" />
    <result column="create_time" jdbcType="TIMESTAMP" property="createTime" javaType="java.lang.String"/>
    <result column="update_time" jdbcType="TIMESTAMP" property="updateTime" />


  </resultMap>

  <resultMap id="accountBaofooFullInfo" type="java.util.HashMap">
    <id column="account_baofoo_id" jdbcType="BIGINT" property="accountBaofooId" />
    <result column="account_uuid" jdbcType="CHAR" property="accountUuid" />
    <result column="account_no" jdbcType="CHAR" property="accountNo" />

    <result column="account_auth_status" jdbcType="TINYINT" property="accountAuthStatus" />
    <result column="bank_card_info" jdbcType="CHAR" property="bankCardInfo"
            typeHandler="cn.zjhf.kingold.trade.utils.JsonTypeHandler"/>
    <result column="delete_flag" jdbcType="TINYINT" property="deleteFlag" />
    <result column="create_time" jdbcType="TIMESTAMP" property="createTime" />
    <result column="update_time" jdbcType="TIMESTAMP" property="updateTime" />

    <result column="user_uuid" jdbcType="CHAR" property="userUuid" />
    <result column="account_type" jdbcType="CHAR" property="accountType" />
    <result column="account_status" jdbcType="TINYINT" property="accountStatus" />
    <result column="open_channel" jdbcType="INTEGER" property="openChannel" />
    <result column="account_total_assets" jdbcType="DECIMAL" property="accountTotalAssets" />
    <result column="account_cash_amount" jdbcType="DECIMAL" property="accountCashAmount" />
    <result column="account_inve_amount" jdbcType="DECIMAL" property="accountInveAmount" />
    <result column="account_unpaid_profit" jdbcType="DECIMAL" property="accountUnpaidProfit" />
    <result column="account_unpaid_interest" jdbcType="DECIMAL" property="accountUnpaidInterest" />
    <result column="account_freeze_amount" jdbcType="DECIMAL" property="accountFreezeAmount" />
    <result column="account_transit_amount" jdbcType="DECIMAL" property="accountTransitAmount" />
    <result column="account_accum_profit" jdbcType="DECIMAL" property="accountAccumProfit" />
    <result column="account_paid_profit" jdbcType="DECIMAL" property="accountPaidProfit" />
    <result column="account_yesterday_profit" jdbcType="DECIMAL" property="accountYesterdayProfit" />
    <result column="account_commission" jdbcType="DECIMAL" property="accountCommission" />
    <result column="account_fina_commission" jdbcType="DECIMAL" property="accountFinaCommission" />
    <result column="account_invi_bonus1" jdbcType="DECIMAL" property="accountInviBonus1" />
    <result column="account_invi_bonus2" jdbcType="DECIMAL" property="accountInviBonus2" />

  </resultMap>

  <resultMap id="accountVO" type="cn.zjhf.kingold.trade.vo.AccountVO">
    <result column="account_no" jdbcType="CHAR" property="accountNo" />
    <result column="investor_mobile" jdbcType="VARCHAR" property="investorMobile" />
    <result column="create_time" jdbcType="DATE" property="createTime" javaType="java.lang.String"/>
    <result column="account_total_assets" jdbcType="DECIMAL" property="accountTotalAssets" />
    <result column="account_cash_amount" jdbcType="DECIMAL" property="accountCashAmount" />
    <result column="account_freeze_amount" jdbcType="DECIMAL" property="accountFreezeAmount" />
    <result column="account_inve_amount" jdbcType="DECIMAL" property="accountInveAmount" />
    <result column="account_accum_profit" jdbcType="DECIMAL" property="accountAccumProfit" />
    <result column="account_unpaid_profit" jdbcType="DECIMAL" property="accountUnpaidProfit" />
    <result column="user_uuid" jdbcType="CHAR" property="userUuid" />
    <result column="account_type" jdbcType="CHAR" property="accountType" />
    <result column="account_status" jdbcType="TINYINT" property="accountStatus" />
    <result column="open_channel" jdbcType="INTEGER" property="openChannel" />
  </resultMap>

  <resultMap id="sendCashVO" type="cn.zjhf.kingold.trade.vo.SendCashVO">
    <result column="user_uuid" jdbcType="CHAR" property="userUuid" />
    <result column="sendCount" jdbcType="INTEGER" property="sendCount" />
    <result column="sendCashAmount" jdbcType="DECIMAL" property="sendCashAmount" />
  </resultMap>

  <sql id="Account_Column_List">
    actb.account_no,inv.investor_mobile,actb.create_time,act.account_total_assets,act.account_cash_amount,
	act.account_freeze_amount,act.account_inve_amount,act.account_accum_profit,act.account_unpaid_profit,
	act.user_uuid,act.account_type,act.account_status,act.open_channel
  </sql>

  <sql id="Base_Column_List">
    *
  </sql>

  <sql id="Exclude_Delete_Flag">
    and (delete_flag is null or delete_flag = 0)
  </sql>

  <select id="getBaofooAndAccount" resultMap="accountBaofooFullInfo" >
    select
    actb.account_baofoo_id
    ,actb.account_uuid,actb.account_no,actb.account_auth_status
    ,actb.bank_card_info,actb.delete_flag,actb.create_time,actb.update_time

    , act.user_uuid, act.account_type, act.account_status,  act.open_channel
    , act.account_total_assets, act.account_cash_amount, act.account_inve_amount, act.account_unpaid_profit
    , act.account_unpaid_interest, act.account_freeze_amount, act.account_transit_amount, act.account_accum_profit
    , act.account_paid_profit, act.account_yesterday_profit, act.account_commission, act.account_fina_commission
    , act.account_invi_bonus1, act.account_invi_bonus2
    from account act ,account_baofoo_custody actb

    WHERE
    1=1
    <if test="accountUuid != null">
      and actb.account_uuid = #{accountUuid}
    </if>
    <if test="accountNo != null">
      and actb.account_no = #{accountNo}
    </if>
    <if test="userUuid != null">
      and act.user_uuid = #{userUuid}
    </if>
    <if test="accountType != null">
      and act.account_type = #{accountType}
    </if>
    <if test="accountStatus != null">
      and act.account_status = ${accountStatus}
    </if>

    and act.account_uuid = actb.account_uuid
    and (actb.delete_flag is null or actb.delete_flag = 0)
  </select>


  <select id="get" resultMap="accountInfo" >
    SELECT
    <include refid="Base_Column_List" />
    FROM
    account_baofoo_custody
    WHERE
    <choose>
      <when test="accountUuid != null">
        account_uuid = #{accountUuid}
      </when>
      <when test="accountNo != null">
        account_no = #{accountNo}
      </when>
      <otherwise>
        'error!'
      </otherwise>
    </choose>
    <include refid="Exclude_Delete_Flag" />
  </select>



  <select id="getList" resultMap="accountBaofooFullInfo" >
    select
    actb.account_baofoo_id
    ,actb.account_uuid,actb.account_no,actb.account_auth_status
    ,actb.bank_card_info,actb.delete_flag,actb.create_time,actb.update_time

    , act.user_uuid, act.account_type, act.account_status,  act.open_channel
    , act.account_total_assets, act.account_cash_amount, act.account_inve_amount, act.account_unpaid_profit
    , act.account_unpaid_interest, act.account_freeze_amount, act.account_transit_amount, act.account_accum_profit
    , act.account_paid_profit, act.account_yesterday_profit, act.account_commission, act.account_fina_commission
    , act.account_invi_bonus1, act.account_invi_bonus2
    from account act ,account_baofoo_custody actb

    WHERE
    1=1
    <if test="accountUuid != null">
      and actb.account_uuid = #{accountUuid}
    </if>
    <if test="accountNo != null">
      and actb.account_no = #{accountNo}
    </if>

    <if test="userUuidList != null">
      and act.user_uuid in
      <foreach collection="userUuidList"  item="userUuid" separator="," open="(" close=")">
        #{userUuid,jdbcType=VARCHAR}
      </foreach>
    </if>
    <if test="accountType != null">
      and act.account_type = #{accountType}
    </if>
    <if test="accountStatus != null">
      and act.account_status = ${accountStatus}
    </if>

    <if test="createTimeFrom != null">
      and act.create_time >= #{createTimeFrom}
    </if>

    <if test="createTimeTo != null">
      and act.create_time &lt; #{createTimeTo}
    </if>

    and act.account_uuid = actb.account_uuid
    and (actb.delete_flag is null or actb.delete_flag = 0)

    <choose>
      <when test="orderBy != null">
        order by ${orderBy}
      </when>
      <otherwise>
        order by actb.create_time desc
      </otherwise>
    </choose>

    <if test="pageSize != null and startRow != null">limit ${pageSize} offset ${startRow}</if>

  </select>



  <select id="getCount" resultType="int" >
    select
    count(1)
    from account act ,account_baofoo_custody actb
    WHERE
    1=1
    <if test="accountUuid != null">
      and actb.account_uuid = #{accountUuid}
    </if>
    <if test="accountNo != null">
      and actb.account_no = #{accountNo}
    </if>

    <if test="userUuidList != null">
      and act.user_uuid in
      <foreach collection="userUuidList"  item="userUuid" separator="," open="(" close=")">
        #{userUuid,jdbcType=VARCHAR}
      </foreach>
    </if>
    <if test="accountType != null">
      and act.account_type = #{accountType}
    </if>
    <if test="accountStatus != null">
      and act.account_status = ${accountStatus}
    </if>

    <if test="createTimeFrom != null">
      and act.create_time >= #{createTimeFrom,jdbcType=TIMESTAMP}
    </if>

    <if test="createTimeTo != null">
      and act.create_time &lt; #{createTimeTo,jdbcType=TIMESTAMP}
    </if>


    and act.account_uuid = actb.account_uuid
    and (actb.delete_flag is null or actb.delete_flag = 0)

  </select>



  <insert id="insert" parameterType="java.util.Map">
    <selectKey keyProperty="userId" order="AFTER" resultType="java.lang.Long">
      SELECT LAST_INSERT_ID()
    </selectKey>
    insert into account_baofoo_custody
    <trim prefix="(" suffix=")" suffixOverrides=",">
      <if test="accountBaofooId != null">
        account_baofoo_id,
      </if>
      <if test="accountUuid != null">
        account_uuid,
      </if>
      <if test="accountNo != null">
        account_no,
      </if>

      <if test="accountAuthStatus != null">
        account_auth_status,
      </if>
      <if test="bankCardInfo != null">
        bank_card_info,
      </if>
      delete_flag,
      create_time,
      update_time,

    </trim>
    <trim prefix="values (" suffix=")" suffixOverrides=",">
      <if test="accountBaofooId != null">
        #{accountBaofooId,jdbcType=BIGINT},
      </if>
      <if test="accountUuid != null">
        #{accountUuid,jdbcType=CHAR},
      </if>
      <if test="accountNo != null">
        #{accountNo,jdbcType=CHAR},
      </if>

      <if test="accountAuthStatus != null">
        #{accountAuthStatus,jdbcType=TINYINT},
      </if>
      <if test="bankCardInfo != null">
        #{bankCardInfo,jdbcType=CHAR},
      </if>
      0,now(),now(),
    </trim>
  </insert>

  <!--**************************************-->
  <!--删除的where条件不能使用 if判断。这样很容易导致误删除数据 -->
  <!--**************************************-->
  <update id="update" parameterType="java.util.Map">
    update account_baofoo_custody
    <set>

      <if test="accountNo != null">
        account_no = #{accountNo,jdbcType=CHAR},
      </if>

      <if test="accountAuthStatus != null">
        account_auth_status = #{accountAuthStatus,jdbcType=TINYINT},
      </if>
      <if test="bankCardInfo != null">
        bank_card_info = #{bankCardInfo,jdbcType=CHAR},
      </if>
      <if test="deleteFlag != null">
        delete_flag = #{deleteFlag,jdbcType=TINYINT},
      </if>
      update_time = now(),
    </set>
    where

    <choose>
      <when test="accountUuid != null">
        account_uuid = #{accountUuid,jdbcType=CHAR}
      </when>
      <when test="accountNo != null">
        account_no = #{accountNo,jdbcType=CHAR}
      </when>


    </choose>


  </update>

  <!--**************************************-->
  <!--删除的where条件不能使用 if判断。这样很容易导致误删除数据 -->
  <!--**************************************-->
  <!--<delete id="delete">-->
  <!--DELETE-->
  <!--FROM-->
  <!--user-->
  <!--WHERE-->
  <!--user_id = ${userId}-->

  <!--</delete>-->
  <update id="delete" parameterType="java.util.Map">
    update account_baofoo_custody
    <set>

      delete_flag = 1,
      update_time = now(),

    </set>
    WHERE
    account_uuid = #{accountUuid}
  </update>

  <!--<update id="bindBankCard" parameterType="java.util.Map">-->
    <!--update account_baofoo_custody-->
    <!--SET bank_card_info = JSON_ARRAY( #{bankCardJson})-->
    <!--where-->
    <!--account_uuid = #{accountUuid}-->
  <!--</update>-->

  <update id="insertBankCard" parameterType="java.util.Map">
    update account_baofoo_custody
    SET bank_card_info = JSON_MERGE(bank_card_info, #{bankCardJson})
    where
    account_uuid = #{accountUuid}
  </update>

  <select id="checkBankCard" resultType="java.util.Map" >
    SELECT
    <include refid="Base_Column_List" />
    FROM
    account_baofoo_custody
    WHERE
    1=1
    <if test="accountUuid != null">
      and account_uuid = #{accountUuid}
    </if>
    <if test="bankUserCardNo != null">
      and JSON_SEARCH(bank_card_info, 'all', #{bankUserCardNo}) is not null
    </if>
    <include refid="Exclude_Delete_Flag" />
  </select>

  <update id="unBindBankCard"  parameterType="java.lang.String">
    UPDATE
    account_baofoo_custody
    set bank_card_info = '[]'
    WHERE account_uuid = #{accountUuid}

  </update>

  <select id="getAccountList" resultMap="accountVO" >
    select
    <include refid="Account_Column_List" />
    from kingold_trade.account act ,kingold_trade.account_baofoo_custody actb,kingold_user.investor inv
    WHERE
    1=1
    and act.account_uuid = actb.account_uuid
    and act.user_uuid = inv.user_uuid
    and (actb.delete_flag is null or actb.delete_flag = 0)

    <if test="accountType != null">
      and act.account_type = #{accountType}
    </if>

    <if test="accountNo != null">
      and actb.account_no = #{accountNo}
    </if>

    <if test="investorMobile != null">
      and inv.investor_mobile = #{investorMobile}
    </if>

    <if test="accountTimeFrom != null">
      and act.create_time >= #{accountTimeFrom}
    </if>

    <if test="accountTimeTo != null">
      and act.create_time &lt;= #{accountTimeTo}
    </if>

    <if test="balanceType == 0">
      and act.account_cash_amount &lt;= #{balanceType}
    </if>
    <if test="balanceType == 1">
      and act.account_cash_amount &gt; 0
    </if>

    <choose>
      <when test="orderBy != null">
        order by ${orderBy}
      </when>
      <otherwise>
        order by actb.create_time desc
      </otherwise>
    </choose>

    <if test="pageSize != null and startRow != null">limit ${pageSize} offset ${startRow}</if>

  </select>



  <select id="getAccountCount" resultType="java.lang.Integer" >
    select
    count(1)
    from kingold_trade.account act ,kingold_trade.account_baofoo_custody actb,kingold_user.investor inv
    WHERE
    1=1
    and act.account_uuid = actb.account_uuid
    and act.user_uuid = inv.user_uuid
    and (actb.delete_flag is null or actb.delete_flag = 0)

    <if test="accountType != null">
      and act.account_type = #{accountType}
    </if>

    <if test="accountNo != null">
      and actb.account_no = #{accountNo}
    </if>

    <if test="investorMobile != null">
      and inv.investor_mobile = #{investorMobile}
    </if>

    <if test="accountTimeFrom != null">
      and act.create_time >= #{accountTimeFrom}
    </if>

    <if test="accountTimeTo != null">
      and act.create_time &lt;= #{accountTimeTo}
    </if>

    <if test="balanceType == 0">
      and act.account_cash_amount &lt;= #{balanceType}
    </if>
    <if test="balanceType == 1">
      and act.account_cash_amount &gt; 0
    </if>
  </select>


  <select id="getSendCashInfo" resultMap="sendCashVO" >
    select
        COUNT(act.user_uuid) AS sendCount,SUM(act.account_cash_amount) AS sendCashAmount
    from kingold_trade.account act ,kingold_trade.account_baofoo_custody actb,kingold_user.investor inv
    WHERE
  	1 = 1
    AND act.account_uuid = actb.account_uuid
    AND act.user_uuid = inv.user_uuid
    AND (
	  actb.delete_flag IS NULL
	  OR actb.delete_flag = 0
    )
    AND act.account_type = 21
    AND act.account_cash_amount > 0
  </select>


</mapper>