<?xml version="1.0" encoding="UTF-8"?>
<!DOCTYPE mapper PUBLIC "-//mybatis.org//DTD Mapper 3.0//EN" "http://mybatis.org/dtd/mybatis-3-mapper.dtd">
<mapper namespace="cn.zjhf.kingold.trade.persistence.dao.AccountUnpaidFundMapper">
  <resultMap id="BaseResultMap" type="cn.zjhf.kingold.trade.entity.AccountUnpaidFund">
    <id column="account_transaction_uuid" jdbcType="BIGINT" property="accountTransactionUuid" />
    <result column="transaction_bill_code" jdbcType="VARCHAR" property="transactionBillCode" />
    <result column="trade_order_bill_code" jdbcType="VARCHAR" property="tradeOrderBillCode" />
    <result column="transaction_time" jdbcType="TIMESTAMP" property="transactionTime" />
    <result column="out_user_uuid" jdbcType="CHAR" property="outUserUuid" />
    <result column="out_account_uuid" jdbcType="CHAR" property="outAccountUuid" />
    <result column="out_account_no" jdbcType="VARCHAR" property="outAccountNo" />
    <result column="in_user_uuid" jdbcType="CHAR" property="inUserUuid" />
    <result column="in_account_uuid" jdbcType="CHAR" property="inAccountUuid" />
    <result column="in_account_no" jdbcType="VARCHAR" property="inAccountNo" />
    <result column="transaction_amount" jdbcType="DECIMAL" property="transactionAmount" />
    <result column="trade_type" jdbcType="VARCHAR" property="tradeType" />
    <result column="subject_code" jdbcType="VARCHAR" property="subjectCode" />
    <result column="product_uuid" jdbcType="CHAR" property="productUuid" />
    <result column="product_code" jdbcType="VARCHAR" property="productCode" />
    <result column="trade_order_uuid" jdbcType="CHAR" property="tradeOrderUuid" />
    <result column="remark1" jdbcType="CHAR" property="remark1" />
    <result column="transaction_status" jdbcType="TINYINT" property="transactionStatus" />
    <result column="audit_operator" jdbcType="CHAR" property="auditOperator" />
    <result column="audit_time" jdbcType="TIMESTAMP" property="auditTime" />
    <result column="audit_opinion" jdbcType="VARCHAR" property="auditOpinion" />
    <result column="payed_operator" jdbcType="CHAR" property="payedOperator" />
    <result column="payed_time" jdbcType="TIMESTAMP" property="payedTime" />
    <result column="signature" jdbcType="VARCHAR" property="signature" />
    <result column="delete_flag" jdbcType="TINYINT" property="deleteFlag" />
    <result column="create_time" jdbcType="TIMESTAMP" property="createTime" />
    <result column="update_time" jdbcType="TIMESTAMP" property="updateTime" />
  </resultMap>
  <sql id="Example_Where_Clause">
    <where>
      <foreach collection="oredCriteria" item="criteria" separator="or">
        <if test="criteria.valid">
          <trim prefix="(" prefixOverrides="and" suffix=")">
            <foreach collection="criteria.criteria" item="criterion">
              <choose>
                <when test="criterion.noValue">
                  and ${criterion.condition}
                </when>
                <when test="criterion.singleValue">
                  and ${criterion.condition} #{criterion.value}
                </when>
                <when test="criterion.betweenValue">
                  and ${criterion.condition} #{criterion.value} and #{criterion.secondValue}
                </when>
                <when test="criterion.listValue">
                  and ${criterion.condition}
                  <foreach close=")" collection="criterion.value" item="listItem" open="(" separator=",">
                    #{listItem}
                  </foreach>
                </when>
              </choose>
            </foreach>
          </trim>
        </if>
      </foreach>
    </where>
  </sql>
  <sql id="Update_By_Example_Where_Clause">
    <where>
      <foreach collection="example.oredCriteria" item="criteria" separator="or">
        <if test="criteria.valid">
          <trim prefix="(" prefixOverrides="and" suffix=")">
            <foreach collection="criteria.criteria" item="criterion">
              <choose>
                <when test="criterion.noValue">
                  and ${criterion.condition}
                </when>
                <when test="criterion.singleValue">
                  and ${criterion.condition} #{criterion.value}
                </when>
                <when test="criterion.betweenValue">
                  and ${criterion.condition} #{criterion.value} and #{criterion.secondValue}
                </when>
                <when test="criterion.listValue">
                  and ${criterion.condition}
                  <foreach close=")" collection="criterion.value" item="listItem" open="(" separator=",">
                    #{listItem}
                  </foreach>
                </when>
              </choose>
            </foreach>
          </trim>
        </if>
      </foreach>
    </where>
  </sql>
  <sql id="Base_Column_List">
    account_transaction_uuid, transaction_bill_code, trade_order_bill_code, transaction_time, 
    out_user_uuid, out_account_uuid, out_account_no, in_user_uuid, in_account_uuid, in_account_no, 
    transaction_amount, trade_type, subject_code, product_uuid, product_code, trade_order_uuid, 
    remark1, transaction_status, audit_operator, audit_time, audit_opinion, payed_operator, 
    payed_time, signature, delete_flag, create_time, update_time
  </sql>
  <select id="selectByExample" parameterType="cn.zjhf.kingold.trade.entity.AccountUnpaidFundExample" resultMap="BaseResultMap">
    select
    <if test="distinct">
      distinct
    </if>
    <include refid="Base_Column_List" />
    from account_unpaid_fund
    <if test="_parameter != null">
      <include refid="Example_Where_Clause" />
    </if>
    <if test="orderByClause != null">
      order by ${orderByClause}
    </if>
    <if test="limit != null">
      <if test="offset != null">
        limit ${offset}, ${limit}
      </if>
      <if test="offset == null">
        limit ${limit}
      </if>
    </if>
  </select>
  <select id="selectByPrimaryKey" parameterType="java.lang.Long" resultMap="BaseResultMap">
    select 
    <include refid="Base_Column_List" />
    from account_unpaid_fund
    where account_transaction_uuid = #{accountTransactionUuid,jdbcType=BIGINT}
  </select>
  <delete id="deleteByPrimaryKey" parameterType="java.lang.Long">
    delete from account_unpaid_fund
    where account_transaction_uuid = #{accountTransactionUuid,jdbcType=BIGINT}
  </delete>
  <delete id="deleteByExample" parameterType="cn.zjhf.kingold.trade.entity.AccountUnpaidFundExample">
    delete from account_unpaid_fund
    <if test="_parameter != null">
      <include refid="Example_Where_Clause" />
    </if>
  </delete>
  <insert id="insert" parameterType="cn.zjhf.kingold.trade.entity.AccountUnpaidFund">
    <selectKey keyProperty="accountTransactionUuid" order="AFTER" resultType="java.lang.Long">
      SELECT LAST_INSERT_ID()
    </selectKey>
    insert into account_unpaid_fund (transaction_bill_code, trade_order_bill_code, 
      transaction_time, out_user_uuid, out_account_uuid, 
      out_account_no, in_user_uuid, in_account_uuid, 
      in_account_no, transaction_amount, trade_type, 
      subject_code, product_uuid, product_code, 
      trade_order_uuid, remark1, transaction_status, 
      audit_operator, audit_time, audit_opinion, 
      payed_operator, payed_time, signature, 
      delete_flag, create_time, update_time
      )
    values (#{transactionBillCode,jdbcType=VARCHAR}, #{tradeOrderBillCode,jdbcType=VARCHAR}, 
      #{transactionTime,jdbcType=TIMESTAMP}, #{outUserUuid,jdbcType=CHAR}, #{outAccountUuid,jdbcType=CHAR}, 
      #{outAccountNo,jdbcType=VARCHAR}, #{inUserUuid,jdbcType=CHAR}, #{inAccountUuid,jdbcType=CHAR}, 
      #{inAccountNo,jdbcType=VARCHAR}, #{transactionAmount,jdbcType=DECIMAL}, #{tradeType,jdbcType=VARCHAR}, 
      #{subjectCode,jdbcType=VARCHAR}, #{productUuid,jdbcType=CHAR}, #{productCode,jdbcType=VARCHAR}, 
      #{tradeOrderUuid,jdbcType=CHAR}, #{remark1,jdbcType=CHAR}, #{transactionStatus,jdbcType=TINYINT}, 
      #{auditOperator,jdbcType=CHAR}, #{auditTime,jdbcType=TIMESTAMP}, #{auditOpinion,jdbcType=VARCHAR}, 
      #{payedOperator,jdbcType=CHAR}, #{payedTime,jdbcType=TIMESTAMP}, #{signature,jdbcType=VARCHAR}, 
      #{deleteFlag,jdbcType=TINYINT}, #{createTime,jdbcType=TIMESTAMP}, #{updateTime,jdbcType=TIMESTAMP}
      )
  </insert>
  <insert id="insertSelective" parameterType="cn.zjhf.kingold.trade.entity.AccountUnpaidFund">
    <selectKey keyProperty="accountTransactionUuid" order="AFTER" resultType="java.lang.Long">
      SELECT LAST_INSERT_ID()
    </selectKey>
    insert into account_unpaid_fund
    <trim prefix="(" suffix=")" suffixOverrides=",">
      <if test="transactionBillCode != null">
        transaction_bill_code,
      </if>
      <if test="tradeOrderBillCode != null">
        trade_order_bill_code,
      </if>
      <if test="transactionTime != null">
        transaction_time,
      </if>
      <if test="outUserUuid != null">
        out_user_uuid,
      </if>
      <if test="outAccountUuid != null">
        out_account_uuid,
      </if>
      <if test="outAccountNo != null">
        out_account_no,
      </if>
      <if test="inUserUuid != null">
        in_user_uuid,
      </if>
      <if test="inAccountUuid != null">
        in_account_uuid,
      </if>
      <if test="inAccountNo != null">
        in_account_no,
      </if>
      <if test="transactionAmount != null">
        transaction_amount,
      </if>
      <if test="tradeType != null">
        trade_type,
      </if>
      <if test="subjectCode != null">
        subject_code,
      </if>
      <if test="productUuid != null">
        product_uuid,
      </if>
      <if test="productCode != null">
        product_code,
      </if>
      <if test="tradeOrderUuid != null">
        trade_order_uuid,
      </if>
      <if test="remark1 != null">
        remark1,
      </if>
      <if test="transactionStatus != null">
        transaction_status,
      </if>
      <if test="auditOperator != null">
        audit_operator,
      </if>
      <if test="auditTime != null">
        audit_time,
      </if>
      <if test="auditOpinion != null">
        audit_opinion,
      </if>
      <if test="payedOperator != null">
        payed_operator,
      </if>
      <if test="payedTime != null">
        payed_time,
      </if>
      <if test="signature != null">
        signature,
      </if>
      <if test="deleteFlag != null">
        delete_flag,
      </if>
      <if test="createTime != null">
        create_time,
      </if>
      <if test="updateTime != null">
        update_time,
      </if>
    </trim>
    <trim prefix="values (" suffix=")" suffixOverrides=",">
      <if test="transactionBillCode != null">
        #{transactionBillCode,jdbcType=VARCHAR},
      </if>
      <if test="tradeOrderBillCode != null">
        #{tradeOrderBillCode,jdbcType=VARCHAR},
      </if>
      <if test="transactionTime != null">
        #{transactionTime,jdbcType=TIMESTAMP},
      </if>
      <if test="outUserUuid != null">
        #{outUserUuid,jdbcType=CHAR},
      </if>
      <if test="outAccountUuid != null">
        #{outAccountUuid,jdbcType=CHAR},
      </if>
      <if test="outAccountNo != null">
        #{outAccountNo,jdbcType=VARCHAR},
      </if>
      <if test="inUserUuid != null">
        #{inUserUuid,jdbcType=CHAR},
      </if>
      <if test="inAccountUuid != null">
        #{inAccountUuid,jdbcType=CHAR},
      </if>
      <if test="inAccountNo != null">
        #{inAccountNo,jdbcType=VARCHAR},
      </if>
      <if test="transactionAmount != null">
        #{transactionAmount,jdbcType=DECIMAL},
      </if>
      <if test="tradeType != null">
        #{tradeType,jdbcType=VARCHAR},
      </if>
      <if test="subjectCode != null">
        #{subjectCode,jdbcType=VARCHAR},
      </if>
      <if test="productUuid != null">
        #{productUuid,jdbcType=CHAR},
      </if>
      <if test="productCode != null">
        #{productCode,jdbcType=VARCHAR},
      </if>
      <if test="tradeOrderUuid != null">
        #{tradeOrderUuid,jdbcType=CHAR},
      </if>
      <if test="remark1 != null">
        #{remark1,jdbcType=CHAR},
      </if>
      <if test="transactionStatus != null">
        #{transactionStatus,jdbcType=TINYINT},
      </if>
      <if test="auditOperator != null">
        #{auditOperator,jdbcType=CHAR},
      </if>
      <if test="auditTime != null">
        #{auditTime,jdbcType=TIMESTAMP},
      </if>
      <if test="auditOpinion != null">
        #{auditOpinion,jdbcType=VARCHAR},
      </if>
      <if test="payedOperator != null">
        #{payedOperator,jdbcType=CHAR},
      </if>
      <if test="payedTime != null">
        #{payedTime,jdbcType=TIMESTAMP},
      </if>
      <if test="signature != null">
        #{signature,jdbcType=VARCHAR},
      </if>
      <if test="deleteFlag != null">
        #{deleteFlag,jdbcType=TINYINT},
      </if>
      <if test="createTime != null">
        #{createTime,jdbcType=TIMESTAMP},
      </if>
      <if test="updateTime != null">
        #{updateTime,jdbcType=TIMESTAMP},
      </if>
    </trim>
  </insert>
  <select id="countByExample" parameterType="cn.zjhf.kingold.trade.entity.AccountUnpaidFundExample" resultType="java.lang.Long">
    select count(*) from account_unpaid_fund
    <if test="_parameter != null">
      <include refid="Example_Where_Clause" />
    </if>
  </select>
  <update id="updateByExampleSelective" parameterType="map">
    update account_unpaid_fund
    <set>
      <if test="record.accountTransactionUuid != null">
        account_transaction_uuid = #{record.accountTransactionUuid,jdbcType=BIGINT},
      </if>
      <if test="record.transactionBillCode != null">
        transaction_bill_code = #{record.transactionBillCode,jdbcType=VARCHAR},
      </if>
      <if test="record.tradeOrderBillCode != null">
        trade_order_bill_code = #{record.tradeOrderBillCode,jdbcType=VARCHAR},
      </if>
      <if test="record.transactionTime != null">
        transaction_time = #{record.transactionTime,jdbcType=TIMESTAMP},
      </if>
      <if test="record.outUserUuid != null">
        out_user_uuid = #{record.outUserUuid,jdbcType=CHAR},
      </if>
      <if test="record.outAccountUuid != null">
        out_account_uuid = #{record.outAccountUuid,jdbcType=CHAR},
      </if>
      <if test="record.outAccountNo != null">
        out_account_no = #{record.outAccountNo,jdbcType=VARCHAR},
      </if>
      <if test="record.inUserUuid != null">
        in_user_uuid = #{record.inUserUuid,jdbcType=CHAR},
      </if>
      <if test="record.inAccountUuid != null">
        in_account_uuid = #{record.inAccountUuid,jdbcType=CHAR},
      </if>
      <if test="record.inAccountNo != null">
        in_account_no = #{record.inAccountNo,jdbcType=VARCHAR},
      </if>
      <if test="record.transactionAmount != null">
        transaction_amount = #{record.transactionAmount,jdbcType=DECIMAL},
      </if>
      <if test="record.tradeType != null">
        trade_type = #{record.tradeType,jdbcType=VARCHAR},
      </if>
      <if test="record.subjectCode != null">
        subject_code = #{record.subjectCode,jdbcType=VARCHAR},
      </if>
      <if test="record.productUuid != null">
        product_uuid = #{record.productUuid,jdbcType=CHAR},
      </if>
      <if test="record.productCode != null">
        product_code = #{record.productCode,jdbcType=VARCHAR},
      </if>
      <if test="record.tradeOrderUuid != null">
        trade_order_uuid = #{record.tradeOrderUuid,jdbcType=CHAR},
      </if>
      <if test="record.remark1 != null">
        remark1 = #{record.remark1,jdbcType=CHAR},
      </if>
      <if test="record.transactionStatus != null">
        transaction_status = #{record.transactionStatus,jdbcType=TINYINT},
      </if>
      <if test="record.auditOperator != null">
        audit_operator = #{record.auditOperator,jdbcType=CHAR},
      </if>
      <if test="record.auditTime != null">
        audit_time = #{record.auditTime,jdbcType=TIMESTAMP},
      </if>
      <if test="record.auditOpinion != null">
        audit_opinion = #{record.auditOpinion,jdbcType=VARCHAR},
      </if>
      <if test="record.payedOperator != null">
        payed_operator = #{record.payedOperator,jdbcType=CHAR},
      </if>
      <if test="record.payedTime != null">
        payed_time = #{record.payedTime,jdbcType=TIMESTAMP},
      </if>
      <if test="record.signature != null">
        signature = #{record.signature,jdbcType=VARCHAR},
      </if>
      <if test="record.deleteFlag != null">
        delete_flag = #{record.deleteFlag,jdbcType=TINYINT},
      </if>
      <if test="record.createTime != null">
        create_time = #{record.createTime,jdbcType=TIMESTAMP},
      </if>
      <if test="record.updateTime != null">
        update_time = #{record.updateTime,jdbcType=TIMESTAMP},
      </if>
    </set>
    <if test="_parameter != null">
      <include refid="Update_By_Example_Where_Clause" />
    </if>
  </update>
  <update id="updateByExample" parameterType="map">
    update account_unpaid_fund
    set account_transaction_uuid = #{record.accountTransactionUuid,jdbcType=BIGINT},
      transaction_bill_code = #{record.transactionBillCode,jdbcType=VARCHAR},
      trade_order_bill_code = #{record.tradeOrderBillCode,jdbcType=VARCHAR},
      transaction_time = #{record.transactionTime,jdbcType=TIMESTAMP},
      out_user_uuid = #{record.outUserUuid,jdbcType=CHAR},
      out_account_uuid = #{record.outAccountUuid,jdbcType=CHAR},
      out_account_no = #{record.outAccountNo,jdbcType=VARCHAR},
      in_user_uuid = #{record.inUserUuid,jdbcType=CHAR},
      in_account_uuid = #{record.inAccountUuid,jdbcType=CHAR},
      in_account_no = #{record.inAccountNo,jdbcType=VARCHAR},
      transaction_amount = #{record.transactionAmount,jdbcType=DECIMAL},
      trade_type = #{record.tradeType,jdbcType=VARCHAR},
      subject_code = #{record.subjectCode,jdbcType=VARCHAR},
      product_uuid = #{record.productUuid,jdbcType=CHAR},
      product_code = #{record.productCode,jdbcType=VARCHAR},
      trade_order_uuid = #{record.tradeOrderUuid,jdbcType=CHAR},
      remark1 = #{record.remark1,jdbcType=CHAR},
      transaction_status = #{record.transactionStatus,jdbcType=TINYINT},
      audit_operator = #{record.auditOperator,jdbcType=CHAR},
      audit_time = #{record.auditTime,jdbcType=TIMESTAMP},
      audit_opinion = #{record.auditOpinion,jdbcType=VARCHAR},
      payed_operator = #{record.payedOperator,jdbcType=CHAR},
      payed_time = #{record.payedTime,jdbcType=TIMESTAMP},
      signature = #{record.signature,jdbcType=VARCHAR},
      delete_flag = #{record.deleteFlag,jdbcType=TINYINT},
      create_time = #{record.createTime,jdbcType=TIMESTAMP},
      update_time = #{record.updateTime,jdbcType=TIMESTAMP}
    <if test="_parameter != null">
      <include refid="Update_By_Example_Where_Clause" />
    </if>
  </update>
  <update id="updateByPrimaryKeySelective" parameterType="cn.zjhf.kingold.trade.entity.AccountUnpaidFund">
    update account_unpaid_fund
    <set>
      <if test="transactionBillCode != null">
        transaction_bill_code = #{transactionBillCode,jdbcType=VARCHAR},
      </if>
      <if test="tradeOrderBillCode != null">
        trade_order_bill_code = #{tradeOrderBillCode,jdbcType=VARCHAR},
      </if>
      <if test="transactionTime != null">
        transaction_time = #{transactionTime,jdbcType=TIMESTAMP},
      </if>
      <if test="outUserUuid != null">
        out_user_uuid = #{outUserUuid,jdbcType=CHAR},
      </if>
      <if test="outAccountUuid != null">
        out_account_uuid = #{outAccountUuid,jdbcType=CHAR},
      </if>
      <if test="outAccountNo != null">
        out_account_no = #{outAccountNo,jdbcType=VARCHAR},
      </if>
      <if test="inUserUuid != null">
        in_user_uuid = #{inUserUuid,jdbcType=CHAR},
      </if>
      <if test="inAccountUuid != null">
        in_account_uuid = #{inAccountUuid,jdbcType=CHAR},
      </if>
      <if test="inAccountNo != null">
        in_account_no = #{inAccountNo,jdbcType=VARCHAR},
      </if>
      <if test="transactionAmount != null">
        transaction_amount = #{transactionAmount,jdbcType=DECIMAL},
      </if>
      <if test="tradeType != null">
        trade_type = #{tradeType,jdbcType=VARCHAR},
      </if>
      <if test="subjectCode != null">
        subject_code = #{subjectCode,jdbcType=VARCHAR},
      </if>
      <if test="productUuid != null">
        product_uuid = #{productUuid,jdbcType=CHAR},
      </if>
      <if test="productCode != null">
        product_code = #{productCode,jdbcType=VARCHAR},
      </if>
      <if test="tradeOrderUuid != null">
        trade_order_uuid = #{tradeOrderUuid,jdbcType=CHAR},
      </if>
      <if test="remark1 != null">
        remark1 = #{remark1,jdbcType=CHAR},
      </if>
      <if test="transactionStatus != null">
        transaction_status = #{transactionStatus,jdbcType=TINYINT},
      </if>
      <if test="auditOperator != null">
        audit_operator = #{auditOperator,jdbcType=CHAR},
      </if>
      <if test="auditTime != null">
        audit_time = #{auditTime,jdbcType=TIMESTAMP},
      </if>
      <if test="auditOpinion != null">
        audit_opinion = #{auditOpinion,jdbcType=VARCHAR},
      </if>
      <if test="payedOperator != null">
        payed_operator = #{payedOperator,jdbcType=CHAR},
      </if>
      <if test="payedTime != null">
        payed_time = #{payedTime,jdbcType=TIMESTAMP},
      </if>
      <if test="signature != null">
        signature = #{signature,jdbcType=VARCHAR},
      </if>
      <if test="deleteFlag != null">
        delete_flag = #{deleteFlag,jdbcType=TINYINT},
      </if>
      <if test="createTime != null">
        create_time = #{createTime,jdbcType=TIMESTAMP},
      </if>
      <if test="updateTime != null">
        update_time = #{updateTime,jdbcType=TIMESTAMP},
      </if>
    </set>
    where account_transaction_uuid = #{accountTransactionUuid,jdbcType=BIGINT}
  </update>
  <update id="updateByPrimaryKey" parameterType="cn.zjhf.kingold.trade.entity.AccountUnpaidFund">
    update account_unpaid_fund
    set transaction_bill_code = #{transactionBillCode,jdbcType=VARCHAR},
      trade_order_bill_code = #{tradeOrderBillCode,jdbcType=VARCHAR},
      transaction_time = #{transactionTime,jdbcType=TIMESTAMP},
      out_user_uuid = #{outUserUuid,jdbcType=CHAR},
      out_account_uuid = #{outAccountUuid,jdbcType=CHAR},
      out_account_no = #{outAccountNo,jdbcType=VARCHAR},
      in_user_uuid = #{inUserUuid,jdbcType=CHAR},
      in_account_uuid = #{inAccountUuid,jdbcType=CHAR},
      in_account_no = #{inAccountNo,jdbcType=VARCHAR},
      transaction_amount = #{transactionAmount,jdbcType=DECIMAL},
      trade_type = #{tradeType,jdbcType=VARCHAR},
      subject_code = #{subjectCode,jdbcType=VARCHAR},
      product_uuid = #{productUuid,jdbcType=CHAR},
      product_code = #{productCode,jdbcType=VARCHAR},
      trade_order_uuid = #{tradeOrderUuid,jdbcType=CHAR},
      remark1 = #{remark1,jdbcType=CHAR},
      transaction_status = #{transactionStatus,jdbcType=TINYINT},
      audit_operator = #{auditOperator,jdbcType=CHAR},
      audit_time = #{auditTime,jdbcType=TIMESTAMP},
      audit_opinion = #{auditOpinion,jdbcType=VARCHAR},
      payed_operator = #{payedOperator,jdbcType=CHAR},
      payed_time = #{payedTime,jdbcType=TIMESTAMP},
      signature = #{signature,jdbcType=VARCHAR},
      delete_flag = #{deleteFlag,jdbcType=TINYINT},
      create_time = #{createTime,jdbcType=TIMESTAMP},
      update_time = #{updateTime,jdbcType=TIMESTAMP}
    where account_transaction_uuid = #{accountTransactionUuid,jdbcType=BIGINT}
  </update>
</mapper>