<?xml version="1.0" encoding="UTF-8"?>
<!DOCTYPE mapper PUBLIC "-//mybatis.org//DTD Mapper 3.0//EN" "http://mybatis.org/dtd/mybatis-3-mapper.dtd">
<mapper namespace="cn.zjhf.kingold.trade.persistence.dao.AccountTransactionMapper">
  <resultMap id="BaseResultMap" type="java.util.HashMap">
    <id column="account_transaction_uuid" jdbcType="VARCHAR" property="accountTransactionUuid" />
    <result column="transaction_bill_code" jdbcType="VARCHAR" property="transactionBillCode" />
    <result column="user_uuid" jdbcType="CHAR" property="userUuid" />
    <result column="account_uuid" jdbcType="CHAR" property="accountUuid" />
    <result column="account_no" jdbcType="VARCHAR" property="accountNo" />
    <result column="transaction_channel" jdbcType="VARCHAR" property="transactionChannel" />
    <result column="transaction_time" jdbcType="TIMESTAMP" javaType="java.lang.String" property="transactionTime" />
    <result column="oppo_user_uuid" jdbcType="CHAR" property="oppoUserUuid" />
    <result column="oppo_account_uuid" jdbcType="CHAR" property="oppoAccountUuid" />
    <result column="oppo_account_no" jdbcType="VARCHAR" property="oppoAccountNo" />
    <result column="transaction_amount" jdbcType="DECIMAL" property="transactionAmount" />
    <result column="trade_type" jdbcType="VARCHAR" property="tradeType" />
    <result column="subject_code" jdbcType="VARCHAR" property="subjectCode" />
    <result column="trade_order_bill_code" jdbcType="VARCHAR" property="tradeOrderBillCode" />
    <result column="trade_order_bill_code_extend" jdbcType="VARCHAR" property="tradeOrderBillCodeExtend" />
    <result column="trade_order_uuid" jdbcType="CHAR" property="tradeOrderUuid" />
    <result column="remark" jdbcType="CHAR" property="remark" />
    <result column="account_type" jdbcType="CHAR" property="accountType" />
    <result column="is_transaction_check" jdbcType="TINYINT" property="isTransactionCheck" />
    <result column="signature" jdbcType="VARCHAR" property="signature" />
    <result column="delete_flag" jdbcType="TINYINT" property="deleteFlag" />
    <result column="create_time" jdbcType="TIMESTAMP" property="createTime" />
    <result column="update_time" jdbcType="TIMESTAMP" property="updateTime" />
  </resultMap>

  <resultMap id="AccountTransactionVO" type="cn.zjhf.kingold.trade.vo.AccountTransactionVO" extends="BaseResultMap">
    <result column="investor_mobile" jdbcType="VARCHAR" property="investorMobile" />
  </resultMap>

  <sql id="Base_Column_List">
    account_transaction_uuid, transaction_bill_code, user_uuid, account_uuid, account_no, account_type,
    transaction_channel, transaction_time, oppo_user_uuid, oppo_account_uuid, oppo_account_no, 
    transaction_amount, trade_type, subject_code, trade_order_bill_code,trade_order_bill_code_extend, trade_order_uuid,
    remark, is_transaction_check, signature, delete_flag, create_time, update_time
  </sql>

  <sql id="Exclude_Delete_Flag">
    and (delete_flag is null or delete_flag = 0)
  </sql>

  <select id="get" resultMap="BaseResultMap"  >
    SELECT
    <include refid="Base_Column_List" />
    FROM
    account_transaction
    WHERE
    1= 1
    <choose>
      <when test="accountTransactionUuid != null">
        and account_transaction_uuid = #{accountTransactionUuid}
      </when>
    </choose>
    <include refid="Exclude_Delete_Flag" />
  </select>

  <select id="getList" resultMap="BaseResultMap"  >
    SELECT
    <include refid="Base_Column_List" />
    FROM
    account_transaction
    WHERE
    1=1
    <if test="transactionChannel != null">
      and transaction_channel = #{transactionChannel,jdbcType=VARCHAR}
    </if>

    <if test="accountTransactionUuid != null">
      and account_transaction_uuid = #{accountTransactionUuid,jdbcType=VARCHAR}
    </if>

    <!--<if test="accountUuid != null">-->
      <!--and account_uuid = #{accountUuid,jdbcType=VARCHAR}-->
    <!--</if>-->
    <if test="accountUuidList != null">
      and account_uuid in
      <foreach collection="accountUuidList"  item="accountUuid" separator="," open="(" close=")">
        #{accountUuid,jdbcType=VARCHAR}
      </foreach>
    </if>

    <if test="accountType != null">
      and account_type = #{accountType,jdbcType=VARCHAR}
    </if>

    <if test="transactionTimeFrom != null">
      and transaction_time >= #{transactionTimeFrom,jdbcType=TIMESTAMP}
    </if>

    <if test="transactionTimeTo != null">
      and transaction_time &lt; #{transactionTimeTo,jdbcType=TIMESTAMP}
    </if>

    <if test="tradeTypeList != null">
      and trade_type in
      <foreach collection="tradeTypeList"  item="tradeType" separator="," open="(" close=")">
        #{tradeType}
      </foreach>
    </if>

    <!--<if test="userUuid != null">-->
      <!--and user_uuid = #{userUuid,jdbcType=VARCHAR}-->
    <!--</if>-->

    <if test="userUuidList != null">
      and user_uuid in
      <foreach collection="userUuidList"  item="userUuid" separator="," open="(" close=")">
        #{userUuid}
      </foreach>
    </if>

    <if test="accountNo != null">
      and account_no = #{accountNo,jdbcType=VARCHAR}
    </if>

    <include refid="Exclude_Delete_Flag" />

    <choose>
      <when test="orderBy != null">
        order by ${orderBy}
      </when>
      <otherwise>
        order by create_time desc
      </otherwise>
    </choose>

    <if test="pageSize != null and startRow != null">limit ${pageSize} offset ${startRow}</if>
  </select>

  <select id="getCount" resultType="int" >
    SELECT
    count(1)
    FROM
    account_transaction
    WHERE
    1=1

    <if test="transactionChannel != null">
      and transaction_channel = #{transactionChannel,jdbcType=VARCHAR}
    </if>

    <if test="accountTransactionUuid != null">
      and account_transaction_uuid = #{accountTransactionUuid,jdbcType=VARCHAR}
    </if>

    <if test="accountType != null">
      and account_type = #{accountType,jdbcType=VARCHAR}
    </if>

    <if test="transactionTimeFrom != null">
      and transaction_time >= #{transactionTimeFrom,jdbcType=TIMESTAMP}
    </if>

    <if test="transactionTimeTo != null">
      and transaction_time &lt; #{transactionTimeTo,jdbcType=TIMESTAMP}
    </if>

    <!--<if test="accountUuid != null">-->
    <!--and account_uuid = #{accountUuid,jdbcType=VARCHAR}-->
    <!--</if>-->
    <if test="accountUuidList != null">
      and account_uuid in
      <foreach collection="accountUuidList"  item="accountUuid" separator="," open="(" close=")">
        #{accountUuid,jdbcType=VARCHAR}
      </foreach>
    </if>

    <if test="tradeTypeList != null">
      and trade_type in
      <foreach collection="tradeTypeList"  item="tradeType" separator="," open="(" close=")">
        #{tradeType}
      </foreach>
    </if>

    <!--<if test="userUuid != null">-->
      <!--and user_uuid = #{userUuid,jdbcType=VARCHAR}-->
    <!--</if>-->

    <if test="userUuidList != null">
      and user_uuid in
      <foreach collection="userUuidList"  item="userUuid" separator="," open="(" close=")">
        #{userUuid}
      </foreach>
    </if>

    <if test="accountNo != null">
      and account_no = #{accountNo,jdbcType=VARCHAR}
    </if>

    <include refid="Exclude_Delete_Flag" />
  </select>

  <select id="getTransactionList" resultMap="BaseResultMap"  >
    SELECT
    a.*
    FROM
    account_transaction a join account b
    WHERE
    1=1
    and a.account_uuid=b.account_uuid
    <if test="accountType != null">
      and b.account_type = #{accountType,jdbcType=VARCHAR}
    </if>
    <if test="transactionChannel != null">
      and a.transaction_channel = #{transactionChannel,jdbcType=VARCHAR}
    </if>

    <if test="accountTransactionUuid != null">
      and a.account_transaction_uuid = #{accountTransactionUuid,jdbcType=VARCHAR}
    </if>
    <if test="tradeOrderBillCode != null">
      and (a.trade_order_bill_code = #{tradeOrderBillCode,jdbcType=VARCHAR} or trade_order_bill_code_extend = #{tradeOrderBillCode,jdbcType=VARCHAR})
    </if>
    <if test="accountUuidList != null">
      and a.account_uuid in
      <foreach collection="accountUuidList"  item="accountUuid" separator="," open="(" close=")">
        #{accountUuid,jdbcType=VARCHAR}
      </foreach>
    </if>

    <if test="tradeOrderBillCodeList != null">
      and a.trade_order_bill_code in
      <foreach collection="tradeOrderBillCodeList"  item="tradeOrderBillCode" separator="," open="(" close=")">
        #{tradeOrderBillCode,jdbcType=VARCHAR}
      </foreach>
    </if>

    <if test="transactionTimeFrom != null">
      and a.transaction_time >= #{transactionTimeFrom,jdbcType=TIMESTAMP}
    </if>

    <if test="transactionTimeTo != null">
      and a.transaction_time &lt; #{transactionTimeTo,jdbcType=TIMESTAMP}
    </if>

    <if test="tradeType != null">
      and a.trade_type = #{tradeType,jdbcType=VARCHAR}
    </if>

    <if test="tradeTypeList != null">
      and a.trade_type in
      <foreach collection="tradeTypeList"  item="tradeType" separator="," open="(" close=")">
        #{tradeType}
      </foreach>
    </if>

    <if test="userUuidList != null">
      and a.user_uuid in
        <foreach collection="userUuidList" item="userUuid" separator="," open="(" close=")">
          #{userUuid}
        </foreach>
    </if>

    <if test="accountNo != null">
      and a.account_no = #{accountNo,jdbcType=VARCHAR}
    </if>
    and (a.delete_flag is null or a.delete_flag = 0)
    <choose>
      <when test="orderBy != null">
        order by ${orderBy}
      </when>
      <otherwise>
        order by a.create_time desc
      </otherwise>
    </choose>

    <if test="pageSize != null and startRow != null">limit ${pageSize} offset ${startRow}</if>
  </select>

  <select id="getTransactionCount" resultType="java.lang.Integer"  >
    SELECT
    count(1)
    FROM
    account_transaction a join account b
    WHERE
    1=1
    and a.account_uuid=b.account_uuid
    <if test="accountType != null">
      and b.account_type = #{accountType,jdbcType=VARCHAR}
    </if>
    <if test="transactionChannel != null">
      and a.transaction_channel = #{transactionChannel,jdbcType=VARCHAR}
    </if>
    <if test="accountTransactionUuid != null">
      and a.account_transaction_uuid = #{accountTransactionUuid,jdbcType=VARCHAR}
    </if>
    <if test="tradeOrderBillCode != null">
      and (a.trade_order_bill_code = #{tradeOrderBillCode,jdbcType=VARCHAR} or trade_order_bill_code_extend = #{tradeOrderBillCode,jdbcType=VARCHAR})
    </if>
    <if test="accountUuidList != null">
      and a.account_uuid in
      <foreach collection="accountUuidList"  item="accountUuid" separator="," open="(" close=")">
        #{accountUuid,jdbcType=VARCHAR}
      </foreach>
    </if>

    <if test="tradeType != null">
      and a.trade_type = #{tradeType,jdbcType=VARCHAR}
    </if>

    <if test="tradeOrderBillCodeList != null">
        and a.trade_order_bill_code in
        <foreach collection="tradeOrderBillCodeList"  item="tradeOrderBillCode" separator="," open="(" close=")">
            #{tradeOrderBillCode,jdbcType=VARCHAR}
        </foreach>
    </if>

    <if test="transactionTimeFrom != null">
      and a.transaction_time >= #{transactionTimeFrom,jdbcType=TIMESTAMP}
    </if>

    <if test="transactionTimeTo != null">
      and a.transaction_time &lt; #{transactionTimeTo,jdbcType=TIMESTAMP}
    </if>

    <if test="tradeTypeList != null">
      and a.trade_type in
      <foreach collection="tradeTypeList"  item="tradeType" separator="," open="(" close=")">
        #{tradeType}
      </foreach>
    </if>

    <if test="userUuidList != null">
      and a.user_uuid in
      <foreach collection="userUuidList" item="userUuid" separator="," open="(" close=")">
        #{userUuid}
      </foreach>
    </if>

    <if test="accountNo != null">
      and a.account_no = #{accountNo,jdbcType=VARCHAR}
    </if>
    and (a.delete_flag is null or a.delete_flag = 0)
  </select>

  <insert id="insert" parameterType="java.util.Map">

    insert into account_transaction
    <trim prefix="(" suffix=")" suffixOverrides=",">
      <if test="accountTransactionUuid != null">
        account_transaction_uuid,
      </if>
      <if test="transactionBillCode != null">
        transaction_bill_code,
      </if>
      <if test="userUuid != null">
        user_uuid,
      </if>
      <if test="accountUuid != null">
        account_uuid,
      </if>
      <if test="accountType != null">
        account_type,
      </if>
      <if test="accountNo != null">
        account_no,
      </if>
      <if test="transactionChannel != null">
        transaction_channel,
      </if>
      <if test="transactionTime != null">
        transaction_time,
      </if>
      <if test="oppoUserUuid != null">
        oppo_user_uuid,
      </if>
      <if test="oppoAccountUuid != null">
        oppo_account_uuid,
      </if>
      <if test="oppoAccountNo != null">
        oppo_account_no,
      </if>
      <if test="transactionAmount != null">
        transaction_amount,
      </if>
      <if test="tradeType != null">
        trade_type,
      </if>
      <if test="subjectCode != null">
        subject_code,
      </if>
      <if test="tradeOrderBillCode != null">
        trade_order_bill_code,
      </if>
      <if test="tradeOrderBillCodeExtend != null">
        trade_order_bill_code_extend,
      </if>
      <if test="tradeOrderUuid != null">
        trade_order_uuid,
      </if>
      <if test="remark != null">
        remark,
      </if>
      <if test="isTransactionCheck != null">
        is_transaction_check,
      </if>
      <if test="signature != null">
        signature,
      </if>
      delete_flag,
      create_time,
      update_time,

    </trim>
    <trim prefix="values (" suffix=")" suffixOverrides=",">
      <if test="accountTransactionUuid != null">
        #{accountTransactionUuid,jdbcType=VARCHAR},
      </if>
      <if test="transactionBillCode != null">
        #{transactionBillCode,jdbcType=VARCHAR},
      </if>
      <if test="userUuid != null">
        #{userUuid,jdbcType=CHAR},
      </if>
      <if test="accountUuid != null">
        #{accountUuid,jdbcType=CHAR},
      </if>
      <if test="accountType != null">
        #{accountType,jdbcType=CHAR},
      </if>
      <if test="accountNo != null">
        #{accountNo,jdbcType=VARCHAR},
      </if>
      <if test="transactionChannel != null">
        #{transactionChannel,jdbcType=VARCHAR},
      </if>
      <if test="transactionTime != null">
        #{transactionTime,jdbcType=TIMESTAMP},
      </if>
      <if test="oppoUserUuid != null">
        #{oppoUserUuid,jdbcType=CHAR},
      </if>
      <if test="oppoAccountUuid != null">
        #{oppoAccountUuid,jdbcType=CHAR},
      </if>
      <if test="oppoAccountNo != null">
        #{oppoAccountNo,jdbcType=VARCHAR},
      </if>
      <if test="transactionAmount != null">
        #{transactionAmount,jdbcType=DECIMAL},
      </if>
      <if test="tradeType != null">
        #{tradeType,jdbcType=VARCHAR},
      </if>
      <if test="subjectCode != null">
        #{subjectCode,jdbcType=VARCHAR},
      </if>
      <if test="tradeOrderBillCode != null">
        #{tradeOrderBillCode,jdbcType=VARCHAR},
      </if>
      <if test="tradeOrderBillCodeExtend != null">
        #{tradeOrderBillCodeExtend,jdbcType=VARCHAR},
      </if>
      <if test="tradeOrderUuid != null">
        #{tradeOrderUuid,jdbcType=CHAR},
      </if>
      <if test="remark != null">
        #{remark,jdbcType=CHAR},
      </if>
      <if test="isTransactionCheck != null">
        #{isTransactionCheck,jdbcType=TINYINT},
      </if>
      <if test="signature != null">
        #{signature,jdbcType=VARCHAR},
      </if>
      0,now(),now(),
    </trim>


  </insert>

  <insert id="batchInsert" parameterType="java.util.Map">

    insert into account_transaction
    <trim prefix="(" suffix=")" suffixOverrides=",">
      <if test="accountTransactionUuid != null">
        account_transaction_uuid,
      </if>
      <if test="transactionBillCode != null">
        transaction_bill_code,
      </if>
      <if test="userUuid != null">
        user_uuid,
      </if>
      <if test="accountUuid != null">
        account_uuid,
      </if>
      <if test="accountType != null">
        account_type,
      </if>
      <if test="accountNo != null">
        account_no,
      </if>
      <if test="transactionChannel != null">
        transaction_channel,
      </if>
      <if test="transactionTime != null">
        transaction_time,
      </if>
      <if test="oppoUserUuid != null">
        oppo_user_uuid,
      </if>
      <if test="oppoAccountUuid != null">
        oppo_account_uuid,
      </if>
      <if test="oppoAccountNo != null">
        oppo_account_no,
      </if>
      <if test="transactionAmount != null">
        transaction_amount,
      </if>
      <if test="tradeType != null">
        trade_type,
      </if>
      <if test="subjectCode != null">
        subject_code,
      </if>
      <if test="tradeOrderBillCode != null">
        trade_order_bill_code,
      </if>
      <if test="tradeOrderBillCodeExtend != null">
        trade_order_bill_code_extend,
      </if>
      <if test="tradeOrderUuid != null">
        trade_order_uuid,
      </if>
      <if test="remark != null">
        remark,
      </if>
      <if test="isTransactionCheck != null">
        is_transaction_check,
      </if>
      <if test="signature != null">
        signature,
      </if>
      delete_flag,
      create_time,
      update_time,

    </trim>
    <foreach collection="list" item="item" index="index" separator="," >
      <trim prefix="values (" suffix=")" suffixOverrides=",">
        <if test="accountTransactionUuid != null">
          #{accountTransactionUuid,jdbcType=VARCHAR},
        </if>
        <if test="transactionBillCode != null">
          #{transactionBillCode,jdbcType=VARCHAR},
        </if>
        <if test="userUuid != null">
          #{userUuid,jdbcType=CHAR},
        </if>
        <if test="accountUuid != null">
          #{accountUuid,jdbcType=CHAR},
        </if>
        <if test="accountType != null">
          #{accountType,jdbcType=CHAR},
        </if>
        <if test="accountNo != null">
          #{accountNo,jdbcType=VARCHAR},
        </if>
        <if test="transactionChannel != null">
          #{transactionChannel,jdbcType=VARCHAR},
        </if>
        <if test="transactionTime != null">
          #{transactionTime,jdbcType=TIMESTAMP},
        </if>
        <if test="oppoUserUuid != null">
          #{oppoUserUuid,jdbcType=CHAR},
        </if>
        <if test="oppoAccountUuid != null">
          #{oppoAccountUuid,jdbcType=CHAR},
        </if>
        <if test="oppoAccountNo != null">
          #{oppoAccountNo,jdbcType=VARCHAR},
        </if>
        <if test="transactionAmount != null">
          #{transactionAmount,jdbcType=DECIMAL},
        </if>
        <if test="tradeType != null">
          #{tradeType,jdbcType=VARCHAR},
        </if>
        <if test="subjectCode != null">
          #{subjectCode,jdbcType=VARCHAR},
        </if>
        <if test="tradeOrderBillCode != null">
          #{tradeOrderBillCode,jdbcType=VARCHAR},
        </if>
        <if test="tradeOrderBillCodeExtend != null">
          #{tradeOrderBillCodeExtend,jdbcType=VARCHAR},
        </if>
        <if test="tradeOrderUuid != null">
          #{tradeOrderUuid,jdbcType=CHAR},
        </if>
        <if test="remark != null">
          #{remark,jdbcType=CHAR},
        </if>
        <if test="isTransactionCheck != null">
          #{isTransactionCheck,jdbcType=TINYINT},
        </if>
        <if test="signature != null">
          #{signature,jdbcType=VARCHAR},
        </if>
        0,now(),now(),
      </trim>
    </foreach>

  </insert>

  <!--**************************************-->
  <!--删除的where条件不能使用 if判断。这样很容易导致误删除数据 -->
  <!--**************************************-->
  <update id="update" parameterType="java.util.Map">
    update account_transaction
    <set>
      <if test="accountTransactionUuid != null">
        account_transaction_uuid = #{accountTransactionUuid,jdbcType=VARCHAR},
      </if>
      <if test="transactionBillCode != null">
        transaction_bill_code = #{transactionBillCode,jdbcType=VARCHAR},
      </if>
      <if test="userUuid != null">
        user_uuid = #{userUuid,jdbcType=CHAR},
      </if>
      <if test="accountUuid != null">
        account_uuid = #{accountUuid,jdbcType=CHAR},
      </if>
      <if test="accountType != null">
        account_type = #{accountType,jdbcType=CHAR},
      </if>
      <if test="accountNo != null">
        account_no = #{accountNo,jdbcType=VARCHAR},
      </if>
      <if test="transactionChannel != null">
        transaction_channel = #{transactionChannel,jdbcType=VARCHAR},
      </if>
      <if test="transactionTime != null">
        transaction_time = #{transactionTime,jdbcType=TIMESTAMP},
      </if>
      <if test="oppoUserUuid != null">
        oppo_user_uuid = #{oppoUserUuid,jdbcType=CHAR},
      </if>
      <if test="oppoAccountUuid != null">
        oppo_account_uuid = #{oppoAccountUuid,jdbcType=CHAR},
      </if>
      <if test="oppoAccountNo != null">
        oppo_account_no = #{oppoAccountNo,jdbcType=VARCHAR},
      </if>
      <if test="transactionAmount != null">
        transaction_amount = #{transactionAmount,jdbcType=DECIMAL},
      </if>
      <if test="tradeType != null">
        trade_type = #{tradeType,jdbcType=VARCHAR},
      </if>
      <if test="subjectCode != null">
        subject_code = #{subjectCode,jdbcType=VARCHAR},
      </if>
      <if test="tradeOrderBillCode != null">
        trade_order_bill_code = #{tradeOrderBillCode,jdbcType=VARCHAR},
      </if>
      <if test="tradeOrderBillCodeExtend != null">
        trade_order_bill_code_extend = #{tradeOrderBillCodeExtend,jdbcType=VARCHAR},
      </if>
      <if test="tradeOrderUuid != null">
        trade_order_uuid = #{tradeOrderUuid,jdbcType=CHAR},
      </if>
      <if test="remark != null">
        remark = #{remark,jdbcType=CHAR},
      </if>
      <if test="isTransactionCheck != null">
        is_transaction_check = #{isTransactionCheck,jdbcType=TINYINT},
      </if>
      <if test="signature != null">
        signature = #{signature,jdbcType=VARCHAR},
      </if>
      <if test="deleteFlag != null">
        delete_flag = #{deleteFlag,jdbcType=TINYINT},
      </if>
      <if test="createTime != null">
        create_time = #{createTime,jdbcType=TIMESTAMP},
      </if>
      <if test="updateTime != null">
        update_time = #{updateTime,jdbcType=TIMESTAMP},
      </if>
    </set>
    where

    <choose>
      <when test="accountTransactionUuid != null">
        account_transaction_uuid = #{accountTransactionUuid,jdbcType=VARCHAR}
      </when>

    </choose>


  </update>

  <!-- 更新宝付ORDER ID -->
  <update id="updateBaofooOrderId" parameterType="java.util.Map" >
    update account_transaction
    set trade_order_bill_code_extend = #{tradeOrderBillCodeExtend,jdbcType=VARCHAR}
    where trade_order_bill_code = #{tradeOrderBillCode,jdbcType=VARCHAR}
  </update>
</mapper>