<?xml version="1.0" encoding="UTF-8"?>
<!DOCTYPE mapper PUBLIC "-//mybatis.org//DTD Mapper 3.0//EN" "http://mybatis.org/dtd/mybatis-3-mapper.dtd">
<mapper namespace="cn.zjhf.kingold.trade.persistence.dao.AchievementMapper">
  <resultMap id="BaseResultMap" type="cn.zjhf.kingold.trade.entity.Achievement">
    <id column="achievement_uuid" jdbcType="CHAR" property="achievementUuid" />
    <result column="achievement_status" jdbcType="TINYINT" property="achievementStatus" />
    <result column="user_uuid" jdbcType="CHAR" property="userUuid" />
    <result column="customer_uuid" jdbcType="CHAR" property="customerUuid" />
    <result column="customer_mobile" jdbcType="VARCHAR" property="customerMobile" />
    <result column="product_uuid" jdbcType="CHAR" property="productUuid" />
    <result column="product_name" jdbcType="VARCHAR" property="productName" />
    <result column="product_type" jdbcType="VARCHAR" property="productType" />
    <result column="order_bill_code" jdbcType="CHAR" property="orderBillCode" />
    <result column="order_amount" jdbcType="DECIMAL" property="orderAmount" />
    <result column="order_time" jdbcType="TIMESTAMP" property="orderTime" />
  </resultMap>
  <sql id="Base_Column_List">
    achievement_uuid, achievement_status, user_uuid, customer_uuid, customer_mobile,
    product_uuid, product_name, product_type, order_bill_code, order_amount, order_time
  </sql>
  <select id="selectByPrimaryKey" parameterType="java.lang.String" resultMap="BaseResultMap">
    select 
    <include refid="Base_Column_List" />
    from achievement
    where achievement_uuid = #{achievementUuid,jdbcType=CHAR}
  </select>
  <delete id="deleteByPrimaryKey" parameterType="java.lang.String">
    delete from achievement
    where achievement_uuid = #{achievementUuid,jdbcType=CHAR}
  </delete>
  <insert id="insert" parameterType="cn.zjhf.kingold.trade.entity.Achievement">
    insert into achievement (achievement_uuid, achievement_status, user_uuid,
      customer_uuid, customer_mobile, product_uuid, 
      product_name, product_type, order_bill_code, 
      order_amount, order_time)
    values (#{achievementUuid,jdbcType=CHAR}, #{achievementStatus,jdbcType=TINYINT}, #{userUuid,jdbcType=CHAR},
      #{customerUuid,jdbcType=CHAR}, #{customerMobile,jdbcType=VARCHAR}, #{productUuid,jdbcType=CHAR}, 
      #{productName,jdbcType=VARCHAR}, #{productType,jdbcType=VARCHAR}, #{orderBillCode,jdbcType=CHAR}, 
      #{orderAmount,jdbcType=DECIMAL}, #{orderTime,jdbcType=TIMESTAMP})
  </insert>
  <update id="updateByPrimaryKey" parameterType="cn.zjhf.kingold.trade.entity.Achievement">
    update achievement
    set achievement_status = #{achievementStatus,jdbcType=TINYINT},
      user_uuid = #{userUuid,jdbcType=CHAR},
      customer_uuid = #{customerUuid,jdbcType=CHAR},
      customer_mobile = #{customerMobile,jdbcType=VARCHAR},
      product_uuid = #{productUuid,jdbcType=CHAR},
      product_name = #{productName,jdbcType=VARCHAR},
      product_type = #{productType,jdbcType=VARCHAR},
      order_bill_code = #{orderBillCode,jdbcType=CHAR},
      order_amount = #{orderAmount,jdbcType=DECIMAL},
      order_time = #{orderTime,jdbcType=TIMESTAMP}
    where achievement_uuid = #{achievementUuid,jdbcType=CHAR}
  </update>
  <select id="queryTotalAchievement" parameterType="java.lang.String" resultType="java.math.BigDecimal">
    select ifnull(sum(order_amount),0)
    from achievement
    where user_uuid = #{userUuid,jdbcType=CHAR} and achievement_status = 1
  </select>
  <select id="queryByOrderBillCode" parameterType="java.lang.String" resultMap="BaseResultMap">
    select
    <include refid="Base_Column_List" />
    from achievement
    where order_bill_code = #{orderBillCode,jdbcType=CHAR} and achievement_status = 1
  </select>
</mapper>