<?xml version="1.0" encoding="UTF-8"?>
<!DOCTYPE mapper PUBLIC "-//mybatis.org//DTD Mapper 3.0//EN" "http://mybatis.org/dtd/mybatis-3-mapper.dtd">
<mapper namespace="cn.zjhf.kingold.trade.persistence.dao.CashCouponMapper">
  <resultMap id="BaseResultMap" type="cn.zjhf.kingold.trade.entity.CashCoupon">
    <id column="cc_code" jdbcType="VARCHAR" property="ccCode" />
    <result column="cc_name" jdbcType="VARCHAR" property="ccName" />
    <result column="cc_status" jdbcType="TINYINT" property="ccStatus" />
    <result column="cc_type" jdbcType="TINYINT" property="ccType" />
    <result column="face_value" jdbcType="DECIMAL" property="faceValue" />
    <result column="interest_yield_rate" jdbcType="DECIMAL" property="interestYieldRate" />
    <result column="interest_yield_type" jdbcType="INTEGER" property="interestYieldType" />
    <result column="interest_yield_period" jdbcType="INTEGER" property="interestYieldPeriod" />
    <result column="valid_term_type" jdbcType="TINYINT" property="validTermType" />
    <result column="valid_start_time" jdbcType="TIMESTAMP" property="validStartTime" />
    <result column="valid_end_time" jdbcType="TIMESTAMP" property="validEndTime" />
    <result column="valid_term_unit" jdbcType="TINYINT" property="validTermUnit" />
    <result column="valid_term_quantity" jdbcType="INTEGER" property="validTermQuantity" />
    <result column="extend_max_num" jdbcType="INTEGER" property="extendMaxNum" />
    <result column="extend_day_max_num" jdbcType="INTEGER" property="extendDayMaxNum" />
    <result column="extend_channel" jdbcType="VARCHAR" property="extendChannel" />
    <result column="apply_product_type" jdbcType="CHAR" property="applyProductType" />
    <result column="apply_channel" jdbcType="VARCHAR" property="applyChannel" />
    <result column="apply_trade_amount" jdbcType="DECIMAL" property="applyTradeAmount" />
    <result column="is_apply_product_term" jdbcType="TINYINT" property="isApplyProductTerm" />
    <result column="apply_product_terms" jdbcType="VARCHAR" property="applyProductTerms" />
    <result column="is_apply_productuuids" jdbcType="TINYINT" property="isApplyProductuuids" />
    <result column="apply_productuuids" jdbcType="VARCHAR" property="applyProductuuids" />
    <result column="cc_remark1" jdbcType="VARCHAR" property="ccRemark1" />
    <result column="cc_remark2" jdbcType="VARCHAR" property="ccRemark2" />
    <result column="cc_remark3" jdbcType="VARCHAR" property="ccRemark3" />
    <result column="delete_flag" jdbcType="TINYINT" property="deleteFlag" />
    <result column="delete_time" jdbcType="TIMESTAMP" property="deleteTime" />
    <result column="create_time" jdbcType="TIMESTAMP" property="createTime" />
    <result column="update_time" jdbcType="TIMESTAMP" property="updateTime" />
    <result column="update_user_id" jdbcType="VARCHAR" property="updateUserId" />
    <result column="activate_time" jdbcType="TIMESTAMP" property="activateTime" />
    <result column="disable_time" jdbcType="TIMESTAMP" property="disableTime" />
  </resultMap>
  <sql id="Example_Where_Clause">
    <where>
      <foreach collection="oredCriteria" item="criteria" separator="or">
        <if test="criteria.valid">
          <trim prefix="(" prefixOverrides="and" suffix=")">
            <foreach collection="criteria.criteria" item="criterion">
              <choose>
                <when test="criterion.noValue">
                  and ${criterion.condition}
                </when>
                <when test="criterion.singleValue">
                  and ${criterion.condition} #{criterion.value}
                </when>
                <when test="criterion.betweenValue">
                  and ${criterion.condition} #{criterion.value} and #{criterion.secondValue}
                </when>
                <when test="criterion.listValue">
                  and ${criterion.condition}
                  <foreach close=")" collection="criterion.value" item="listItem" open="(" separator=",">
                    #{listItem}
                  </foreach>
                </when>
              </choose>
            </foreach>
          </trim>
        </if>
      </foreach>
    </where>
  </sql>
  <sql id="Update_By_Example_Where_Clause">
    <where>
      <foreach collection="example.oredCriteria" item="criteria" separator="or">
        <if test="criteria.valid">
          <trim prefix="(" prefixOverrides="and" suffix=")">
            <foreach collection="criteria.criteria" item="criterion">
              <choose>
                <when test="criterion.noValue">
                  and ${criterion.condition}
                </when>
                <when test="criterion.singleValue">
                  and ${criterion.condition} #{criterion.value}
                </when>
                <when test="criterion.betweenValue">
                  and ${criterion.condition} #{criterion.value} and #{criterion.secondValue}
                </when>
                <when test="criterion.listValue">
                  and ${criterion.condition}
                  <foreach close=")" collection="criterion.value" item="listItem" open="(" separator=",">
                    #{listItem}
                  </foreach>
                </when>
              </choose>
            </foreach>
          </trim>
        </if>
      </foreach>
    </where>
  </sql>
  <sql id="Base_Column_List">
    cc_code, cc_name, cc_status, cc_type, face_value, interest_yield_rate, interest_yield_type,
    interest_yield_period, valid_term_type, valid_start_time, valid_end_time, valid_term_unit,
    valid_term_quantity, extend_max_num, extend_day_max_num, extend_channel, apply_product_type,
    apply_channel, apply_trade_amount, is_apply_product_term, apply_product_terms, is_apply_productuuids,
    apply_productuuids, cc_remark1, cc_remark2, cc_remark3, delete_flag, delete_time,
    create_time, update_time, update_user_id, activate_time, disable_time
  </sql>
  <select id="selectByExample" parameterType="cn.zjhf.kingold.trade.entity.CashCouponExample" resultMap="BaseResultMap">
    select
    <if test="distinct">
      distinct
    </if>
    <include refid="Base_Column_List" />
    from cash_coupon
    <if test="_parameter != null">
      <include refid="Example_Where_Clause" />
    </if>
    <if test="orderByClause != null">
      order by ${orderByClause}
    </if>
    <if test="limit != null">
      <if test="offset != null">
        limit ${offset}, ${limit}
      </if>
      <if test="offset == null">
        limit ${limit}
      </if>
    </if>
  </select>
  <select id="selectByPrimaryKey" parameterType="java.lang.String" resultMap="BaseResultMap">
    select 
    <include refid="Base_Column_List" />
    from cash_coupon
    where cc_code = #{ccCode,jdbcType=VARCHAR}
  </select>
  <select id="lstByCondition" parameterType="cn.zjhf.kingold.trade.utils.WhereCondition" resultMap="BaseResultMap">
    select
    <include refid="Base_Column_List" />
    from cash_coupon
    ${condition}
  </select>
  <delete id="deleteByPrimaryKey" parameterType="java.lang.String">
    delete from cash_coupon
    where cc_code = #{ccCode,jdbcType=VARCHAR}
  </delete>
  <delete id="deleteByExample" parameterType="cn.zjhf.kingold.trade.entity.CashCouponExample">
    delete from cash_coupon
    <if test="_parameter != null">
      <include refid="Example_Where_Clause" />
    </if>
  </delete>
  <insert id="insert" parameterType="cn.zjhf.kingold.trade.entity.CashCoupon">
    insert into cash_coupon (cc_code, cc_name, cc_status, 
      cc_type, face_value, interest_yield_rate,
      interest_yield_type, interest_yield_period,
      valid_term_type, valid_start_time, valid_end_time,
      valid_term_unit, valid_term_quantity, extend_max_num,
      extend_day_max_num, extend_channel, apply_product_type,
      apply_channel, apply_trade_amount, is_apply_product_term,
      apply_product_terms, is_apply_productuuids,
      apply_productuuids, cc_remark1, cc_remark2,
      cc_remark3, delete_flag, delete_time,
      create_time, update_time, update_user_id,
      activate_time, disable_time)
    values (#{ccCode,jdbcType=VARCHAR}, #{ccName,jdbcType=VARCHAR}, #{ccStatus,jdbcType=TINYINT}, 
      #{ccType,jdbcType=TINYINT}, #{faceValue,jdbcType=DECIMAL}, #{interestYieldRate,jdbcType=DECIMAL},
      #{interestYieldType,jdbcType=INTEGER}, #{interestYieldPeriod,jdbcType=INTEGER},
      #{validTermType,jdbcType=TINYINT}, #{validStartTime,jdbcType=TIMESTAMP}, #{validEndTime,jdbcType=TIMESTAMP},
      #{validTermUnit,jdbcType=TINYINT}, #{validTermQuantity,jdbcType=INTEGER}, #{extendMaxNum,jdbcType=INTEGER},
      #{extendDayMaxNum,jdbcType=INTEGER}, #{extendChannel,jdbcType=VARCHAR}, #{applyProductType,jdbcType=CHAR},
      #{applyChannel,jdbcType=VARCHAR}, #{applyTradeAmount,jdbcType=DECIMAL}, #{isApplyProductTerm,jdbcType=TINYINT},
      #{applyProductTerms,jdbcType=VARCHAR}, #{isApplyProductuuids,jdbcType=TINYINT},
      #{applyProductuuids,jdbcType=VARCHAR}, #{ccRemark1,jdbcType=VARCHAR}, #{ccRemark2,jdbcType=VARCHAR},
      #{ccRemark3,jdbcType=VARCHAR}, #{deleteFlag,jdbcType=TINYINT}, #{deleteTime,jdbcType=TIMESTAMP},
      #{createTime,jdbcType=TIMESTAMP}, #{updateTime,jdbcType=TIMESTAMP}, #{updateUserId,jdbcType=VARCHAR},
      #{activateTime,jdbcType=TIMESTAMP}, #{disableTime,jdbcType=TIMESTAMP})
  </insert>
  <insert id="insertSelective" parameterType="cn.zjhf.kingold.trade.entity.CashCoupon">
    insert into cash_coupon
    <trim prefix="(" suffix=")" suffixOverrides=",">
      <if test="ccCode != null">
        cc_code,
      </if>
      <if test="ccName != null">
        cc_name,
      </if>
      <if test="ccStatus != null">
        cc_status,
      </if>
      <if test="ccType != null">
        cc_type,
      </if>
      <if test="faceValue != null">
        face_value,
      </if>
      <if test="interestYieldRate != null">
        interest_yield_rate,
      </if>
      <if test="interestYieldType != null">
        interest_yield_type,
      </if>
      <if test="interestYieldPeriod != null">
        interest_yield_period,
      </if>
      <if test="validTermType != null">
        valid_term_type,
      </if>
      <if test="validStartTime != null">
        valid_start_time,
      </if>
      <if test="validEndTime != null">
        valid_end_time,
      </if>
      <if test="validTermUnit != null">
        valid_term_unit,
      </if>
      <if test="validTermQuantity != null">
        valid_term_quantity,
      </if>
      <if test="extendMaxNum != null">
        extend_max_num,
      </if>
      <if test="extendDayMaxNum != null">
        extend_day_max_num,
      </if>
      <if test="extendChannel != null">
        extend_channel,
      </if>
      <if test="applyProductType != null">
        apply_product_type,
      </if>
      <if test="applyChannel != null">
        apply_channel,
      </if>
      <if test="applyTradeAmount != null">
        apply_trade_amount,
      </if>
      <if test="isApplyProductTerm != null">
        is_apply_product_term,
      </if>
      <if test="applyProductTerms != null">
        apply_product_terms,
      </if>
      <if test="isApplyProductuuids != null">
        is_apply_productuuids,
      </if>
      <if test="applyProductuuids != null">
        apply_productuuids,
      </if>
      <if test="ccRemark1 != null">
        cc_remark1,
      </if>
      <if test="ccRemark2 != null">
        cc_remark2,
      </if>
      <if test="ccRemark3 != null">
        cc_remark3,
      </if>
      <if test="deleteFlag != null">
        delete_flag,
      </if>
      <if test="deleteTime != null">
        delete_time,
      </if>
      <if test="createTime != null">
        create_time,
      </if>
      <if test="updateTime != null">
        update_time,
      </if>
      <if test="updateUserId != null">
        update_user_id,
      </if>
      <if test="activateTime != null">
        activate_time,
      </if>
      <if test="disableTime != null">
        disable_time,
      </if>
    </trim>
    <trim prefix="values (" suffix=")" suffixOverrides=",">
      <if test="ccCode != null">
        #{ccCode,jdbcType=VARCHAR},
      </if>
      <if test="ccName != null">
        #{ccName,jdbcType=VARCHAR},
      </if>
      <if test="ccStatus != null">
        #{ccStatus,jdbcType=TINYINT},
      </if>
      <if test="ccType != null">
        #{ccType,jdbcType=TINYINT},
      </if>
      <if test="faceValue != null">
        #{faceValue,jdbcType=DECIMAL},
      </if>
      <if test="interestYieldRate != null">
        #{interestYieldRate,jdbcType=DECIMAL},
      </if>
      <if test="interestYieldType != null">
        #{interestYieldType,jdbcType=INTEGER},
      </if>
      <if test="interestYieldPeriod != null">
        #{interestYieldPeriod,jdbcType=INTEGER},
      </if>
      <if test="validTermType != null">
        #{validTermType,jdbcType=TINYINT},
      </if>
      <if test="validStartTime != null">
        #{validStartTime,jdbcType=TIMESTAMP},
      </if>
      <if test="validEndTime != null">
        #{validEndTime,jdbcType=TIMESTAMP},
      </if>
      <if test="validTermUnit != null">
        #{validTermUnit,jdbcType=TINYINT},
      </if>
      <if test="validTermQuantity != null">
        #{validTermQuantity,jdbcType=INTEGER},
      </if>
      <if test="extendMaxNum != null">
        #{extendMaxNum,jdbcType=INTEGER},
      </if>
      <if test="extendDayMaxNum != null">
        #{extendDayMaxNum,jdbcType=INTEGER},
      </if>
      <if test="extendChannel != null">
        #{extendChannel,jdbcType=VARCHAR},
      </if>
      <if test="applyProductType != null">
        #{applyProductType,jdbcType=CHAR},
      </if>
      <if test="applyChannel != null">
        #{applyChannel,jdbcType=VARCHAR},
      </if>
      <if test="applyTradeAmount != null">
        #{applyTradeAmount,jdbcType=DECIMAL},
      </if>
      <if test="isApplyProductTerm != null">
        #{isApplyProductTerm,jdbcType=TINYINT},
      </if>
      <if test="applyProductTerms != null">
        #{applyProductTerms,jdbcType=VARCHAR},
      </if>
      <if test="isApplyProductuuids != null">
        #{isApplyProductuuids,jdbcType=TINYINT},
      </if>
      <if test="applyProductuuids != null">
        #{applyProductuuids,jdbcType=VARCHAR},
      </if>
      <if test="ccRemark1 != null">
        #{ccRemark1,jdbcType=VARCHAR},
      </if>
      <if test="ccRemark2 != null">
        #{ccRemark2,jdbcType=VARCHAR},
      </if>
      <if test="ccRemark3 != null">
        #{ccRemark3,jdbcType=VARCHAR},
      </if>
      <if test="deleteFlag != null">
        #{deleteFlag,jdbcType=TINYINT},
      </if>
      <if test="deleteTime != null">
        #{deleteTime,jdbcType=TIMESTAMP},
      </if>
      <if test="createTime != null">
        #{createTime,jdbcType=TIMESTAMP},
      </if>
      <if test="updateTime != null">
        #{updateTime,jdbcType=TIMESTAMP},
      </if>
      <if test="updateUserId != null">
        #{updateUserId,jdbcType=VARCHAR},
      </if>
      <if test="activateTime != null">
        #{activateTime,jdbcType=TIMESTAMP},
      </if>
      <if test="disableTime != null">
        #{disableTime,jdbcType=TIMESTAMP},
      </if>
    </trim>
  </insert>
  <select id="countByExample" parameterType="cn.zjhf.kingold.trade.entity.CashCouponExample" resultType="java.lang.Long">
    select count(*) from cash_coupon
    <if test="_parameter != null">
      <include refid="Example_Where_Clause" />
    </if>
  </select>
  <update id="updateByExampleSelective" parameterType="map">
    update cash_coupon
    <set>
      <if test="record.ccCode != null">
        cc_code = #{record.ccCode,jdbcType=VARCHAR},
      </if>
      <if test="record.ccName != null">
        cc_name = #{record.ccName,jdbcType=VARCHAR},
      </if>
      <if test="record.ccStatus != null">
        cc_status = #{record.ccStatus,jdbcType=TINYINT},
      </if>
      <if test="record.ccType != null">
        cc_type = #{record.ccType,jdbcType=TINYINT},
      </if>
      <if test="record.faceValue != null">
        face_value = #{record.faceValue,jdbcType=DECIMAL},
      </if>
      <if test="record.interestYieldRate != null">
        interest_yield_rate = #{record.interestYieldRate,jdbcType=DECIMAL},
      </if>
      <if test="record.interestYieldType != null">
        interest_yield_type = #{record.interestYieldType,jdbcType=INTEGER},
      </if>
      <if test="record.interestYieldPeriod != null">
        interest_yield_period = #{record.interestYieldPeriod,jdbcType=INTEGER},
      </if>
      <if test="record.validTermType != null">
        valid_term_type = #{record.validTermType,jdbcType=TINYINT},
      </if>
      <if test="record.validStartTime != null">
        valid_start_time = #{record.validStartTime,jdbcType=TIMESTAMP},
      </if>
      <if test="record.validEndTime != null">
        valid_end_time = #{record.validEndTime,jdbcType=TIMESTAMP},
      </if>
      <if test="record.validTermUnit != null">
        valid_term_unit = #{record.validTermUnit,jdbcType=TINYINT},
      </if>
      <if test="record.validTermQuantity != null">
        valid_term_quantity = #{record.validTermQuantity,jdbcType=INTEGER},
      </if>
      <if test="record.extendMaxNum != null">
        extend_max_num = #{record.extendMaxNum,jdbcType=INTEGER},
      </if>
      <if test="record.extendDayMaxNum != null">
        extend_day_max_num = #{record.extendDayMaxNum,jdbcType=INTEGER},
      </if>
      <if test="record.extendChannel != null">
        extend_channel = #{record.extendChannel,jdbcType=VARCHAR},
      </if>
      <if test="record.applyProductType != null">
        apply_product_type = #{record.applyProductType,jdbcType=CHAR},
      </if>
      <if test="record.applyChannel != null">
        apply_channel = #{record.applyChannel,jdbcType=VARCHAR},
      </if>
      <if test="record.applyTradeAmount != null">
        apply_trade_amount = #{record.applyTradeAmount,jdbcType=DECIMAL},
      </if>
      <if test="record.isApplyProductTerm != null">
        is_apply_product_term = #{record.isApplyProductTerm,jdbcType=TINYINT},
      </if>
      <if test="record.applyProductTerms != null">
        apply_product_terms = #{record.applyProductTerms,jdbcType=VARCHAR},
      </if>
      <if test="record.isApplyProductuuids != null">
        is_apply_productuuids = #{record.isApplyProductuuids,jdbcType=TINYINT},
      </if>
      <if test="record.applyProductuuids != null">
        apply_productuuids = #{record.applyProductuuids,jdbcType=VARCHAR},
      </if>
      <if test="record.ccRemark1 != null">
        cc_remark1 = #{record.ccRemark1,jdbcType=VARCHAR},
      </if>
      <if test="record.ccRemark2 != null">
        cc_remark2 = #{record.ccRemark2,jdbcType=VARCHAR},
      </if>
      <if test="record.ccRemark3 != null">
        cc_remark3 = #{record.ccRemark3,jdbcType=VARCHAR},
      </if>
      <if test="record.deleteFlag != null">
        delete_flag = #{record.deleteFlag,jdbcType=TINYINT},
      </if>
      <if test="record.deleteTime != null">
        delete_time = #{record.deleteTime,jdbcType=TIMESTAMP},
      </if>
      <if test="record.createTime != null">
        create_time = #{record.createTime,jdbcType=TIMESTAMP},
      </if>
      <if test="record.updateTime != null">
        update_time = #{record.updateTime,jdbcType=TIMESTAMP},
      </if>
      <if test="record.updateUserId != null">
        update_user_id = #{record.updateUserId,jdbcType=VARCHAR},
      </if>
      <if test="record.activateTime != null">
        activate_time = #{record.activateTime,jdbcType=TIMESTAMP},
      </if>
      <if test="record.disableTime != null">
        disable_time = #{record.disableTime,jdbcType=TIMESTAMP},
      </if>
    </set>
    <if test="_parameter != null">
      <include refid="Update_By_Example_Where_Clause" />
    </if>
  </update>
  <update id="updateByExample" parameterType="map">
    update cash_coupon
    set cc_code = #{record.ccCode,jdbcType=VARCHAR},
      cc_name = #{record.ccName,jdbcType=VARCHAR},
      cc_status = #{record.ccStatus,jdbcType=TINYINT},
      cc_type = #{record.ccType,jdbcType=TINYINT},
      face_value = #{record.faceValue,jdbcType=DECIMAL},
      interest_yield_rate = #{record.interestYieldRate,jdbcType=DECIMAL},
      interest_yield_type = #{record.interestYieldType,jdbcType=INTEGER},
      interest_yield_period = #{record.interestYieldPeriod,jdbcType=INTEGER},
      valid_term_type = #{record.validTermType,jdbcType=TINYINT},
      valid_start_time = #{record.validStartTime,jdbcType=TIMESTAMP},
      valid_end_time = #{record.validEndTime,jdbcType=TIMESTAMP},
      valid_term_unit = #{record.validTermUnit,jdbcType=TINYINT},
      valid_term_quantity = #{record.validTermQuantity,jdbcType=INTEGER},
      extend_max_num = #{record.extendMaxNum,jdbcType=INTEGER},
      extend_day_max_num = #{record.extendDayMaxNum,jdbcType=INTEGER},
      extend_channel = #{record.extendChannel,jdbcType=VARCHAR},
      apply_product_type = #{record.applyProductType,jdbcType=CHAR},
      apply_channel = #{record.applyChannel,jdbcType=VARCHAR},
      apply_trade_amount = #{record.applyTradeAmount,jdbcType=DECIMAL},
      is_apply_product_term = #{record.isApplyProductTerm,jdbcType=TINYINT},
      apply_product_terms = #{record.applyProductTerms,jdbcType=VARCHAR},
      is_apply_productuuids = #{record.isApplyProductuuids,jdbcType=TINYINT},
      apply_productuuids = #{record.applyProductuuids,jdbcType=VARCHAR},
      cc_remark1 = #{record.ccRemark1,jdbcType=VARCHAR},
      cc_remark2 = #{record.ccRemark2,jdbcType=VARCHAR},
      cc_remark3 = #{record.ccRemark3,jdbcType=VARCHAR},
      delete_flag = #{record.deleteFlag,jdbcType=TINYINT},
      delete_time = #{record.deleteTime,jdbcType=TIMESTAMP},
      create_time = #{record.createTime,jdbcType=TIMESTAMP},
      update_time = #{record.updateTime,jdbcType=TIMESTAMP},
      update_user_id = #{record.updateUserId,jdbcType=VARCHAR},
      activate_time = #{record.activateTime,jdbcType=TIMESTAMP},
      disable_time = #{record.disableTime,jdbcType=TIMESTAMP}
    <if test="_parameter != null">
      <include refid="Update_By_Example_Where_Clause" />
    </if>
  </update>
  <update id="updateByPrimaryKeySelective" parameterType="cn.zjhf.kingold.trade.entity.CashCoupon">
    update cash_coupon
    <set>
      <if test="ccName != null">
        cc_name = #{ccName,jdbcType=VARCHAR},
      </if>
      <if test="ccStatus != null">
        cc_status = #{ccStatus,jdbcType=TINYINT},
      </if>
      <if test="ccType != null">
        cc_type = #{ccType,jdbcType=TINYINT},
      </if>
      <if test="faceValue != null">
        face_value = #{faceValue,jdbcType=DECIMAL},
      </if>
      <if test="interestYieldRate != null">
        interest_yield_rate = #{interestYieldRate,jdbcType=DECIMAL},
      </if>
      <if test="interestYieldType != null">
        interest_yield_type = #{interestYieldType,jdbcType=INTEGER},
      </if>
      <if test="interestYieldPeriod != null">
        interest_yield_period = #{interestYieldPeriod,jdbcType=INTEGER},
      </if>
      <if test="validTermType != null">
        valid_term_type = #{validTermType,jdbcType=TINYINT},
      </if>
      <if test="validStartTime != null">
        valid_start_time = #{validStartTime,jdbcType=TIMESTAMP},
      </if>
      <if test="validEndTime != null">
        valid_end_time = #{validEndTime,jdbcType=TIMESTAMP},
      </if>
      <if test="validTermUnit != null">
        valid_term_unit = #{validTermUnit,jdbcType=TINYINT},
      </if>
      <if test="validTermQuantity != null">
        valid_term_quantity = #{validTermQuantity,jdbcType=INTEGER},
      </if>
      <if test="extendMaxNum != null">
        extend_max_num = #{extendMaxNum,jdbcType=INTEGER},
      </if>
      <if test="extendDayMaxNum != null">
        extend_day_max_num = #{extendDayMaxNum,jdbcType=INTEGER},
      </if>
      <if test="extendChannel != null">
        extend_channel = #{extendChannel,jdbcType=VARCHAR},
      </if>
      <if test="applyProductType != null">
        apply_product_type = #{applyProductType,jdbcType=CHAR},
      </if>
      <if test="applyChannel != null">
        apply_channel = #{applyChannel,jdbcType=VARCHAR},
      </if>
      <if test="applyTradeAmount != null">
        apply_trade_amount = #{applyTradeAmount,jdbcType=DECIMAL},
      </if>
      <if test="isApplyProductTerm != null">
        is_apply_product_term = #{isApplyProductTerm,jdbcType=TINYINT},
      </if>
      <if test="applyProductTerms != null">
        apply_product_terms = #{applyProductTerms,jdbcType=VARCHAR},
      </if>
      <if test="isApplyProductuuids != null">
        is_apply_productuuids = #{isApplyProductuuids,jdbcType=TINYINT},
      </if>
      <if test="applyProductuuids != null">
        apply_productuuids = #{applyProductuuids,jdbcType=VARCHAR},
      </if>
      <if test="ccRemark1 != null">
        cc_remark1 = #{ccRemark1,jdbcType=VARCHAR},
      </if>
      <if test="ccRemark2 != null">
        cc_remark2 = #{ccRemark2,jdbcType=VARCHAR},
      </if>
      <if test="ccRemark3 != null">
        cc_remark3 = #{ccRemark3,jdbcType=VARCHAR},
      </if>
      <if test="deleteFlag != null">
        delete_flag = #{deleteFlag,jdbcType=TINYINT},
      </if>
      <if test="deleteTime != null">
        delete_time = #{deleteTime,jdbcType=TIMESTAMP},
      </if>
      <if test="createTime != null">
        create_time = #{createTime,jdbcType=TIMESTAMP},
      </if>
      <if test="updateTime != null">
        update_time = #{updateTime,jdbcType=TIMESTAMP},
      </if>
      <if test="updateUserId != null">
        update_user_id = #{updateUserId,jdbcType=VARCHAR},
      </if>
      <if test="activateTime != null">
        activate_time = #{activateTime,jdbcType=TIMESTAMP},
      </if>
      <if test="disableTime != null">
        disable_time = #{disableTime,jdbcType=TIMESTAMP},
      </if>
    </set>
    where cc_code = #{ccCode,jdbcType=VARCHAR}
  </update>
  <update id="updateByPrimaryKey" parameterType="cn.zjhf.kingold.trade.entity.CashCoupon">
    update cash_coupon
    set cc_name = #{ccName,jdbcType=VARCHAR},
      cc_status = #{ccStatus,jdbcType=TINYINT},
      cc_type = #{ccType,jdbcType=TINYINT},
      face_value = #{faceValue,jdbcType=DECIMAL},
      interest_yield_rate = #{interestYieldRate,jdbcType=DECIMAL},
      interest_yield_type = #{interestYieldType,jdbcType=INTEGER},
      interest_yield_period = #{interestYieldPeriod,jdbcType=INTEGER},
      valid_term_type = #{validTermType,jdbcType=TINYINT},
      valid_start_time = #{validStartTime,jdbcType=TIMESTAMP},
      valid_end_time = #{validEndTime,jdbcType=TIMESTAMP},
      valid_term_unit = #{validTermUnit,jdbcType=TINYINT},
      valid_term_quantity = #{validTermQuantity,jdbcType=INTEGER},
      extend_max_num = #{extendMaxNum,jdbcType=INTEGER},
      extend_day_max_num = #{extendDayMaxNum,jdbcType=INTEGER},
      extend_channel = #{extendChannel,jdbcType=VARCHAR},
      apply_product_type = #{applyProductType,jdbcType=CHAR},
      apply_channel = #{applyChannel,jdbcType=VARCHAR},
      apply_trade_amount = #{applyTradeAmount,jdbcType=DECIMAL},
      is_apply_product_term = #{isApplyProductTerm,jdbcType=TINYINT},
      apply_product_terms = #{applyProductTerms,jdbcType=VARCHAR},
      is_apply_productuuids = #{isApplyProductuuids,jdbcType=TINYINT},
      apply_productuuids = #{applyProductuuids,jdbcType=VARCHAR},
      cc_remark1 = #{ccRemark1,jdbcType=VARCHAR},
      cc_remark2 = #{ccRemark2,jdbcType=VARCHAR},
      cc_remark3 = #{ccRemark3,jdbcType=VARCHAR},
      delete_flag = #{deleteFlag,jdbcType=TINYINT},
      delete_time = #{deleteTime,jdbcType=TIMESTAMP},
      create_time = #{createTime,jdbcType=TIMESTAMP},
      update_time = #{updateTime,jdbcType=TIMESTAMP},
      update_user_id = #{updateUserId,jdbcType=VARCHAR},
      activate_time = #{activateTime,jdbcType=TIMESTAMP},
      disable_time = #{disableTime,jdbcType=TIMESTAMP}
    where cc_code = #{ccCode,jdbcType=VARCHAR}
  </update>
  <select id="getAllCoupon" parameterType="cn.zjhf.kingold.trade.utils.WhereCondition" resultMap="BaseResultMap">
    select
    cc_code,cc_name
    from cash_coupon
    where cc_status=2 AND  delete_flag = 0
    order by create_time DESC
  </select>
  <select id="getCouponList" resultMap="BaseResultMap">
    select
    *
    from cash_coupon
    where 1=1
    <if test="couponCodes != null">
      and cc_code in
      <foreach collection="ccCodeList"  item="ccCode" separator="," open="(" close=")">
        #{ccCode,jdbcType=VARCHAR}
      </foreach>
    </if>
  </select>
</mapper>