<?xml version="1.0" encoding="UTF-8"?>
<!DOCTYPE mapper PUBLIC "-//mybatis.org//DTD Mapper 3.0//EN" "http://mybatis.org/dtd/mybatis-3-mapper.dtd">
<mapper namespace="cn.zjhf.kingold.trade.persistence.dao.ChannelCommisionSummaryMapper">
  <resultMap id="BaseResultMap" type="cn.zjhf.kingold.trade.entity.ChannelCommisionSummary">
    <id column="channel_commision_summary_id" jdbcType="VARCHAR" property="channelCommisionSummaryId" />
    <result column="request_cycle" jdbcType="CHAR" property="requestCycle" />
    <result column="merchant_num" jdbcType="VARCHAR" property="merchantNum" />
    <result column="channel_app_name" jdbcType="VARCHAR" property="channelAppName" />
    <result column="commision_amount" jdbcType="DECIMAL" property="commisionAmount" />
    <result column="settle_status" jdbcType="TINYINT" property="settleStatus" />
    <result column="settle_operator" jdbcType="VARCHAR" property="settleOperator" />
    <result column="settle_time" jdbcType="TIMESTAMP" property="settleTime" />
    <result column="audit_opinion" jdbcType="VARCHAR" property="auditOpinion" />
    <result column="delete_flag" jdbcType="TINYINT" property="deleteFlag" />
    <result column="create_time" jdbcType="TIMESTAMP" property="createTime" />
    <result column="update_time" jdbcType="TIMESTAMP" property="updateTime" />
  </resultMap>
  <sql id="Example_Where_Clause">
    <where>
      <foreach collection="oredCriteria" item="criteria" separator="or">
        <if test="criteria.valid">
          <trim prefix="(" prefixOverrides="and" suffix=")">
            <foreach collection="criteria.criteria" item="criterion">
              <choose>
                <when test="criterion.noValue">
                  and ${criterion.condition}
                </when>
                <when test="criterion.singleValue">
                  and ${criterion.condition} #{criterion.value}
                </when>
                <when test="criterion.betweenValue">
                  and ${criterion.condition} #{criterion.value} and #{criterion.secondValue}
                </when>
                <when test="criterion.listValue">
                  and ${criterion.condition}
                  <foreach close=")" collection="criterion.value" item="listItem" open="(" separator=",">
                    #{listItem}
                  </foreach>
                </when>
              </choose>
            </foreach>
          </trim>
        </if>
      </foreach>
    </where>
  </sql>
  <sql id="Update_By_Example_Where_Clause">
    <where>
      <foreach collection="example.oredCriteria" item="criteria" separator="or">
        <if test="criteria.valid">
          <trim prefix="(" prefixOverrides="and" suffix=")">
            <foreach collection="criteria.criteria" item="criterion">
              <choose>
                <when test="criterion.noValue">
                  and ${criterion.condition}
                </when>
                <when test="criterion.singleValue">
                  and ${criterion.condition} #{criterion.value}
                </when>
                <when test="criterion.betweenValue">
                  and ${criterion.condition} #{criterion.value} and #{criterion.secondValue}
                </when>
                <when test="criterion.listValue">
                  and ${criterion.condition}
                  <foreach close=")" collection="criterion.value" item="listItem" open="(" separator=",">
                    #{listItem}
                  </foreach>
                </when>
              </choose>
            </foreach>
          </trim>
        </if>
      </foreach>
    </where>
  </sql>
  <sql id="Base_Column_List">
    channel_commision_summary_id, request_cycle, merchant_num, channel_app_name, commision_amount, 
    settle_status, settle_operator, settle_time, audit_opinion, delete_flag, create_time, 
    update_time
  </sql>
  <select id="selectByExample" parameterType="cn.zjhf.kingold.trade.entity.ChannelCommisionSummaryExample" resultMap="BaseResultMap">
    select
    <if test="distinct">
      distinct
    </if>
    <include refid="Base_Column_List" />
    from channel_commision_summary
    <if test="_parameter != null">
      <include refid="Example_Where_Clause" />
    </if>
    <if test="orderByClause != null">
      order by ${orderByClause}
    </if>
    <if test="limit != null">
      <if test="offset != null">
        limit ${offset}, ${limit}
      </if>
      <if test="offset == null">
        limit ${limit}
      </if>
    </if>
  </select>
  <select id="selectByPrimaryKey" parameterType="java.lang.String" resultMap="BaseResultMap">
    select 
    <include refid="Base_Column_List" />
    from channel_commision_summary
    where channel_commision_summary_id = #{channelCommisionSummaryId,jdbcType=VARCHAR}
  </select>
  <delete id="deleteByPrimaryKey" parameterType="java.lang.String">
    delete from channel_commision_summary
    where channel_commision_summary_id = #{channelCommisionSummaryId,jdbcType=VARCHAR}
  </delete>
  <delete id="deleteByExample" parameterType="cn.zjhf.kingold.trade.entity.ChannelCommisionSummaryExample">
    delete from channel_commision_summary
    <if test="_parameter != null">
      <include refid="Example_Where_Clause" />
    </if>
  </delete>
  <insert id="insert" parameterType="cn.zjhf.kingold.trade.entity.ChannelCommisionSummary">
    insert into channel_commision_summary (channel_commision_summary_id, request_cycle, 
      merchant_num, channel_app_name, commision_amount, 
      settle_status, settle_operator, settle_time, 
      audit_opinion, delete_flag, create_time, 
      update_time)
    values (#{channelCommisionSummaryId,jdbcType=VARCHAR}, #{requestCycle,jdbcType=CHAR}, 
      #{merchantNum,jdbcType=VARCHAR}, #{channelAppName,jdbcType=VARCHAR}, #{commisionAmount,jdbcType=DECIMAL}, 
      #{settleStatus,jdbcType=TINYINT}, #{settleOperator,jdbcType=VARCHAR}, #{settleTime,jdbcType=TIMESTAMP}, 
      #{auditOpinion,jdbcType=VARCHAR}, #{deleteFlag,jdbcType=TINYINT}, #{createTime,jdbcType=TIMESTAMP}, 
      #{updateTime,jdbcType=TIMESTAMP})
  </insert>
  <insert id="insertSelective" parameterType="cn.zjhf.kingold.trade.entity.ChannelCommisionSummary">
    insert into channel_commision_summary
    <trim prefix="(" suffix=")" suffixOverrides=",">
      <if test="channelCommisionSummaryId != null">
        channel_commision_summary_id,
      </if>
      <if test="requestCycle != null">
        request_cycle,
      </if>
      <if test="merchantNum != null">
        merchant_num,
      </if>
      <if test="channelAppName != null">
        channel_app_name,
      </if>
      <if test="commisionAmount != null">
        commision_amount,
      </if>
      <if test="settleStatus != null">
        settle_status,
      </if>
      <if test="settleOperator != null">
        settle_operator,
      </if>
      <if test="settleTime != null">
        settle_time,
      </if>
      <if test="auditOpinion != null">
        audit_opinion,
      </if>
      <if test="deleteFlag != null">
        delete_flag,
      </if>
      <if test="createTime != null">
        create_time,
      </if>
      <if test="updateTime != null">
        update_time,
      </if>
    </trim>
    <trim prefix="values (" suffix=")" suffixOverrides=",">
      <if test="channelCommisionSummaryId != null">
        #{channelCommisionSummaryId,jdbcType=VARCHAR},
      </if>
      <if test="requestCycle != null">
        #{requestCycle,jdbcType=CHAR},
      </if>
      <if test="merchantNum != null">
        #{merchantNum,jdbcType=VARCHAR},
      </if>
      <if test="channelAppName != null">
        #{channelAppName,jdbcType=VARCHAR},
      </if>
      <if test="commisionAmount != null">
        #{commisionAmount,jdbcType=DECIMAL},
      </if>
      <if test="settleStatus != null">
        #{settleStatus,jdbcType=TINYINT},
      </if>
      <if test="settleOperator != null">
        #{settleOperator,jdbcType=VARCHAR},
      </if>
      <if test="settleTime != null">
        #{settleTime,jdbcType=TIMESTAMP},
      </if>
      <if test="auditOpinion != null">
        #{auditOpinion,jdbcType=VARCHAR},
      </if>
      <if test="deleteFlag != null">
        #{deleteFlag,jdbcType=TINYINT},
      </if>
      <if test="createTime != null">
        #{createTime,jdbcType=TIMESTAMP},
      </if>
      <if test="updateTime != null">
        #{updateTime,jdbcType=TIMESTAMP},
      </if>
    </trim>
  </insert>
  <select id="countByExample" parameterType="cn.zjhf.kingold.trade.entity.ChannelCommisionSummaryExample" resultType="java.lang.Long">
    select count(*) from channel_commision_summary
    <if test="_parameter != null">
      <include refid="Example_Where_Clause" />
    </if>
  </select>
  <update id="updateByExampleSelective" parameterType="map">
    update channel_commision_summary
    <set>
      <if test="record.channelCommisionSummaryId != null">
        channel_commision_summary_id = #{record.channelCommisionSummaryId,jdbcType=VARCHAR},
      </if>
      <if test="record.requestCycle != null">
        request_cycle = #{record.requestCycle,jdbcType=CHAR},
      </if>
      <if test="record.merchantNum != null">
        merchant_num = #{record.merchantNum,jdbcType=VARCHAR},
      </if>
      <if test="record.channelAppName != null">
        channel_app_name = #{record.channelAppName,jdbcType=VARCHAR},
      </if>
      <if test="record.commisionAmount != null">
        commision_amount = #{record.commisionAmount,jdbcType=DECIMAL},
      </if>
      <if test="record.settleStatus != null">
        settle_status = #{record.settleStatus,jdbcType=TINYINT},
      </if>
      <if test="record.settleOperator != null">
        settle_operator = #{record.settleOperator,jdbcType=VARCHAR},
      </if>
      <if test="record.settleTime != null">
        settle_time = #{record.settleTime,jdbcType=TIMESTAMP},
      </if>
      <if test="record.auditOpinion != null">
        audit_opinion = #{record.auditOpinion,jdbcType=VARCHAR},
      </if>
      <if test="record.deleteFlag != null">
        delete_flag = #{record.deleteFlag,jdbcType=TINYINT},
      </if>
      <if test="record.createTime != null">
        create_time = #{record.createTime,jdbcType=TIMESTAMP},
      </if>
      <if test="record.updateTime != null">
        update_time = #{record.updateTime,jdbcType=TIMESTAMP},
      </if>
    </set>
    <if test="_parameter != null">
      <include refid="Update_By_Example_Where_Clause" />
    </if>
  </update>
  <update id="updateByExample" parameterType="map">
    update channel_commision_summary
    set channel_commision_summary_id = #{record.channelCommisionSummaryId,jdbcType=VARCHAR},
      request_cycle = #{record.requestCycle,jdbcType=CHAR},
      merchant_num = #{record.merchantNum,jdbcType=VARCHAR},
      channel_app_name = #{record.channelAppName,jdbcType=VARCHAR},
      commision_amount = #{record.commisionAmount,jdbcType=DECIMAL},
      settle_status = #{record.settleStatus,jdbcType=TINYINT},
      settle_operator = #{record.settleOperator,jdbcType=VARCHAR},
      settle_time = #{record.settleTime,jdbcType=TIMESTAMP},
      audit_opinion = #{record.auditOpinion,jdbcType=VARCHAR},
      delete_flag = #{record.deleteFlag,jdbcType=TINYINT},
      create_time = #{record.createTime,jdbcType=TIMESTAMP},
      update_time = #{record.updateTime,jdbcType=TIMESTAMP}
    <if test="_parameter != null">
      <include refid="Update_By_Example_Where_Clause" />
    </if>
  </update>
  <update id="updateByPrimaryKeySelective" parameterType="cn.zjhf.kingold.trade.entity.ChannelCommisionSummary">
    update channel_commision_summary
    <set>
      <if test="requestCycle != null">
        request_cycle = #{requestCycle,jdbcType=CHAR},
      </if>
      <if test="merchantNum != null">
        merchant_num = #{merchantNum,jdbcType=VARCHAR},
      </if>
      <if test="channelAppName != null">
        channel_app_name = #{channelAppName,jdbcType=VARCHAR},
      </if>
      <if test="commisionAmount != null">
        commision_amount = #{commisionAmount,jdbcType=DECIMAL},
      </if>
      <if test="settleStatus != null">
        settle_status = #{settleStatus,jdbcType=TINYINT},
      </if>
      <if test="settleOperator != null">
        settle_operator = #{settleOperator,jdbcType=VARCHAR},
      </if>
      <if test="settleTime != null">
        settle_time = #{settleTime,jdbcType=TIMESTAMP},
      </if>
      <if test="auditOpinion != null">
        audit_opinion = #{auditOpinion,jdbcType=VARCHAR},
      </if>
      <if test="deleteFlag != null">
        delete_flag = #{deleteFlag,jdbcType=TINYINT},
      </if>
      <if test="createTime != null">
        create_time = #{createTime,jdbcType=TIMESTAMP},
      </if>
      <if test="updateTime != null">
        update_time = #{updateTime,jdbcType=TIMESTAMP},
      </if>
    </set>
    where channel_commision_summary_id = #{channelCommisionSummaryId,jdbcType=VARCHAR}
  </update>
  <update id="updateByPrimaryKey" parameterType="cn.zjhf.kingold.trade.entity.ChannelCommisionSummary">
    update channel_commision_summary
    set request_cycle = #{requestCycle,jdbcType=CHAR},
      merchant_num = #{merchantNum,jdbcType=VARCHAR},
      channel_app_name = #{channelAppName,jdbcType=VARCHAR},
      commision_amount = #{commisionAmount,jdbcType=DECIMAL},
      settle_status = #{settleStatus,jdbcType=TINYINT},
      settle_operator = #{settleOperator,jdbcType=VARCHAR},
      settle_time = #{settleTime,jdbcType=TIMESTAMP},
      audit_opinion = #{auditOpinion,jdbcType=VARCHAR},
      delete_flag = #{deleteFlag,jdbcType=TINYINT},
      create_time = #{createTime,jdbcType=TIMESTAMP},
      update_time = #{updateTime,jdbcType=TIMESTAMP}
    where channel_commision_summary_id = #{channelCommisionSummaryId,jdbcType=VARCHAR}
  </update>
</mapper>