<?xml version="1.0" encoding="UTF-8"?>
<!DOCTYPE mapper PUBLIC "-//mybatis.org//DTD Mapper 3.0//EN" "http://mybatis.org/dtd/mybatis-3-mapper.dtd">
<mapper namespace="cn.zjhf.kingold.trade.persistence.dao.ChannelCommisionDetailMapper">
  <resultMap id="BaseResultMap" type="cn.zjhf.kingold.trade.entity.ChannelCommisionDetail">
    <id column="channel_commision_detail_id" jdbcType="BIGINT" property="channelCommisionDetailId" />
    <result column="product_uuid" jdbcType="CHAR" property="productUuid" />
    <result column="product_abbr_name" jdbcType="VARCHAR" property="productAbbrName" />
    <result column="merchant_num" jdbcType="VARCHAR" property="merchantNum" />
    <result column="channel_app_name" jdbcType="VARCHAR" property="channelAppName" />
    <result column="order_count" jdbcType="INTEGER" property="orderCount" />
    <result column="valid_order_count" jdbcType="INTEGER" property="validOrderCount" />
    <result column="valid_order_unsettle_count" jdbcType="INTEGER" property="validOrderUnsettleCount" />
    <result column="raise_amount" jdbcType="DECIMAL" property="raiseAmount" />
    <result column="valid_raise_amount" jdbcType="DECIMAL" property="validRaiseAmount" />
    <result column="valid_raise_unsettle_amount" jdbcType="DECIMAL" property="validRaiseUnsettleAmount" />
    <result column="commision_amount" jdbcType="DECIMAL" property="commisionAmount" />
    <result column="loan_time" jdbcType="TIMESTAMP" property="loanTime" />
    <result column="settle_status" jdbcType="TINYINT" property="settleStatus" />
    <result column="delete_flag" jdbcType="TINYINT" property="deleteFlag" />
    <result column="create_time" jdbcType="TIMESTAMP" property="createTime" />
    <result column="update_time" jdbcType="TIMESTAMP" property="updateTime" />
  </resultMap>
  <sql id="Example_Where_Clause">
    <where>
      <foreach collection="oredCriteria" item="criteria" separator="or">
        <if test="criteria.valid">
          <trim prefix="(" prefixOverrides="and" suffix=")">
            <foreach collection="criteria.criteria" item="criterion">
              <choose>
                <when test="criterion.noValue">
                  and ${criterion.condition}
                </when>
                <when test="criterion.singleValue">
                  and ${criterion.condition} #{criterion.value}
                </when>
                <when test="criterion.betweenValue">
                  and ${criterion.condition} #{criterion.value} and #{criterion.secondValue}
                </when>
                <when test="criterion.listValue">
                  and ${criterion.condition}
                  <foreach close=")" collection="criterion.value" item="listItem" open="(" separator=",">
                    #{listItem}
                  </foreach>
                </when>
              </choose>
            </foreach>
          </trim>
        </if>
      </foreach>
    </where>
  </sql>
  <sql id="Update_By_Example_Where_Clause">
    <where>
      <foreach collection="example.oredCriteria" item="criteria" separator="or">
        <if test="criteria.valid">
          <trim prefix="(" prefixOverrides="and" suffix=")">
            <foreach collection="criteria.criteria" item="criterion">
              <choose>
                <when test="criterion.noValue">
                  and ${criterion.condition}
                </when>
                <when test="criterion.singleValue">
                  and ${criterion.condition} #{criterion.value}
                </when>
                <when test="criterion.betweenValue">
                  and ${criterion.condition} #{criterion.value} and #{criterion.secondValue}
                </when>
                <when test="criterion.listValue">
                  and ${criterion.condition}
                  <foreach close=")" collection="criterion.value" item="listItem" open="(" separator=",">
                    #{listItem}
                  </foreach>
                </when>
              </choose>
            </foreach>
          </trim>
        </if>
      </foreach>
    </where>
  </sql>
  <sql id="Base_Column_List">
    channel_commision_detail_id, product_uuid, product_abbr_name, merchant_num, channel_app_name, 
    order_count, valid_order_count, valid_order_unsettle_count, raise_amount, valid_raise_amount, 
    valid_raise_unsettle_amount, commision_amount, loan_time, settle_status, delete_flag, 
    create_time, update_time
  </sql>
  <select id="selectByExample" parameterType="cn.zjhf.kingold.trade.entity.ChannelCommisionDetailExample" resultMap="BaseResultMap">
    select
    <if test="distinct">
      distinct
    </if>
    <include refid="Base_Column_List" />
    from channel_commision_detail
    <if test="_parameter != null">
      <include refid="Example_Where_Clause" />
    </if>
    <if test="orderByClause != null">
      order by ${orderByClause}
    </if>
    <if test="limit != null">
      <if test="offset != null">
        limit ${offset}, ${limit}
      </if>
      <if test="offset == null">
        limit ${limit}
      </if>
    </if>
  </select>
  <select id="selectByPrimaryKey" parameterType="java.lang.Long" resultMap="BaseResultMap">
    select 
    <include refid="Base_Column_List" />
    from channel_commision_detail
    where channel_commision_detail_id = #{channelCommisionDetailId,jdbcType=BIGINT}
  </select>
  <delete id="deleteByPrimaryKey" parameterType="java.lang.Long">
    delete from channel_commision_detail
    where channel_commision_detail_id = #{channelCommisionDetailId,jdbcType=BIGINT}
  </delete>
  <delete id="deleteByExample" parameterType="cn.zjhf.kingold.trade.entity.ChannelCommisionDetailExample">
    delete from channel_commision_detail
    <if test="_parameter != null">
      <include refid="Example_Where_Clause" />
    </if>
  </delete>
  <insert id="insert" parameterType="cn.zjhf.kingold.trade.entity.ChannelCommisionDetail">
    insert into channel_commision_detail (channel_commision_detail_id, product_uuid, 
      product_abbr_name, merchant_num, channel_app_name, 
      order_count, valid_order_count, valid_order_unsettle_count, 
      raise_amount, valid_raise_amount, valid_raise_unsettle_amount, 
      commision_amount, loan_time, settle_status, 
      delete_flag, create_time, update_time
      )
    values (#{channelCommisionDetailId,jdbcType=BIGINT}, #{productUuid,jdbcType=CHAR}, 
      #{productAbbrName,jdbcType=VARCHAR}, #{merchantNum,jdbcType=VARCHAR}, #{channelAppName,jdbcType=VARCHAR}, 
      #{orderCount,jdbcType=INTEGER}, #{validOrderCount,jdbcType=INTEGER}, #{validOrderUnsettleCount,jdbcType=INTEGER}, 
      #{raiseAmount,jdbcType=DECIMAL}, #{validRaiseAmount,jdbcType=DECIMAL}, #{validRaiseUnsettleAmount,jdbcType=DECIMAL}, 
      #{commisionAmount,jdbcType=DECIMAL}, #{loanTime,jdbcType=TIMESTAMP}, #{settleStatus,jdbcType=TINYINT}, 
      #{deleteFlag,jdbcType=TINYINT}, #{createTime,jdbcType=TIMESTAMP}, #{updateTime,jdbcType=TIMESTAMP}
      )
  </insert>
  <insert id="insertSelective" parameterType="cn.zjhf.kingold.trade.entity.ChannelCommisionDetail">
    insert into channel_commision_detail
    <trim prefix="(" suffix=")" suffixOverrides=",">
      <if test="channelCommisionDetailId != null">
        channel_commision_detail_id,
      </if>
      <if test="productUuid != null">
        product_uuid,
      </if>
      <if test="productAbbrName != null">
        product_abbr_name,
      </if>
      <if test="merchantNum != null">
        merchant_num,
      </if>
      <if test="channelAppName != null">
        channel_app_name,
      </if>
      <if test="orderCount != null">
        order_count,
      </if>
      <if test="validOrderCount != null">
        valid_order_count,
      </if>
      <if test="validOrderUnsettleCount != null">
        valid_order_unsettle_count,
      </if>
      <if test="raiseAmount != null">
        raise_amount,
      </if>
      <if test="validRaiseAmount != null">
        valid_raise_amount,
      </if>
      <if test="validRaiseUnsettleAmount != null">
        valid_raise_unsettle_amount,
      </if>
      <if test="commisionAmount != null">
        commision_amount,
      </if>
      <if test="loanTime != null">
        loan_time,
      </if>
      <if test="settleStatus != null">
        settle_status,
      </if>
      <if test="deleteFlag != null">
        delete_flag,
      </if>
      <if test="createTime != null">
        create_time,
      </if>
      <if test="updateTime != null">
        update_time,
      </if>
    </trim>
    <trim prefix="values (" suffix=")" suffixOverrides=",">
      <if test="channelCommisionDetailId != null">
        #{channelCommisionDetailId,jdbcType=BIGINT},
      </if>
      <if test="productUuid != null">
        #{productUuid,jdbcType=CHAR},
      </if>
      <if test="productAbbrName != null">
        #{productAbbrName,jdbcType=VARCHAR},
      </if>
      <if test="merchantNum != null">
        #{merchantNum,jdbcType=VARCHAR},
      </if>
      <if test="channelAppName != null">
        #{channelAppName,jdbcType=VARCHAR},
      </if>
      <if test="orderCount != null">
        #{orderCount,jdbcType=INTEGER},
      </if>
      <if test="validOrderCount != null">
        #{validOrderCount,jdbcType=INTEGER},
      </if>
      <if test="validOrderUnsettleCount != null">
        #{validOrderUnsettleCount,jdbcType=INTEGER},
      </if>
      <if test="raiseAmount != null">
        #{raiseAmount,jdbcType=DECIMAL},
      </if>
      <if test="validRaiseAmount != null">
        #{validRaiseAmount,jdbcType=DECIMAL},
      </if>
      <if test="validRaiseUnsettleAmount != null">
        #{validRaiseUnsettleAmount,jdbcType=DECIMAL},
      </if>
      <if test="commisionAmount != null">
        #{commisionAmount,jdbcType=DECIMAL},
      </if>
      <if test="loanTime != null">
        #{loanTime,jdbcType=TIMESTAMP},
      </if>
      <if test="settleStatus != null">
        #{settleStatus,jdbcType=TINYINT},
      </if>
      <if test="deleteFlag != null">
        #{deleteFlag,jdbcType=TINYINT},
      </if>
      <if test="createTime != null">
        #{createTime,jdbcType=TIMESTAMP},
      </if>
      <if test="updateTime != null">
        #{updateTime,jdbcType=TIMESTAMP},
      </if>
    </trim>
  </insert>
  <select id="countByExample" parameterType="cn.zjhf.kingold.trade.entity.ChannelCommisionDetailExample" resultType="java.lang.Long">
    select count(*) from channel_commision_detail
    <if test="_parameter != null">
      <include refid="Example_Where_Clause" />
    </if>
  </select>
  <update id="updateByExampleSelective" parameterType="map">
    update channel_commision_detail
    <set>
      <if test="record.channelCommisionDetailId != null">
        channel_commision_detail_id = #{record.channelCommisionDetailId,jdbcType=BIGINT},
      </if>
      <if test="record.productUuid != null">
        product_uuid = #{record.productUuid,jdbcType=CHAR},
      </if>
      <if test="record.productAbbrName != null">
        product_abbr_name = #{record.productAbbrName,jdbcType=VARCHAR},
      </if>
      <if test="record.merchantNum != null">
        merchant_num = #{record.merchantNum,jdbcType=VARCHAR},
      </if>
      <if test="record.channelAppName != null">
        channel_app_name = #{record.channelAppName,jdbcType=VARCHAR},
      </if>
      <if test="record.orderCount != null">
        order_count = #{record.orderCount,jdbcType=INTEGER},
      </if>
      <if test="record.validOrderCount != null">
        valid_order_count = #{record.validOrderCount,jdbcType=INTEGER},
      </if>
      <if test="record.validOrderUnsettleCount != null">
        valid_order_unsettle_count = #{record.validOrderUnsettleCount,jdbcType=INTEGER},
      </if>
      <if test="record.raiseAmount != null">
        raise_amount = #{record.raiseAmount,jdbcType=DECIMAL},
      </if>
      <if test="record.validRaiseAmount != null">
        valid_raise_amount = #{record.validRaiseAmount,jdbcType=DECIMAL},
      </if>
      <if test="record.validRaiseUnsettleAmount != null">
        valid_raise_unsettle_amount = #{record.validRaiseUnsettleAmount,jdbcType=DECIMAL},
      </if>
      <if test="record.commisionAmount != null">
        commision_amount = #{record.commisionAmount,jdbcType=DECIMAL},
      </if>
      <if test="record.loanTime != null">
        loan_time = #{record.loanTime,jdbcType=TIMESTAMP},
      </if>
      <if test="record.settleStatus != null">
        settle_status = #{record.settleStatus,jdbcType=TINYINT},
      </if>
      <if test="record.deleteFlag != null">
        delete_flag = #{record.deleteFlag,jdbcType=TINYINT},
      </if>
      <if test="record.createTime != null">
        create_time = #{record.createTime,jdbcType=TIMESTAMP},
      </if>
      <if test="record.updateTime != null">
        update_time = #{record.updateTime,jdbcType=TIMESTAMP},
      </if>
    </set>
    <if test="_parameter != null">
      <include refid="Update_By_Example_Where_Clause" />
    </if>
  </update>
  <update id="updateByExample" parameterType="map">
    update channel_commision_detail
    set channel_commision_detail_id = #{record.channelCommisionDetailId,jdbcType=BIGINT},
      product_uuid = #{record.productUuid,jdbcType=CHAR},
      product_abbr_name = #{record.productAbbrName,jdbcType=VARCHAR},
      merchant_num = #{record.merchantNum,jdbcType=VARCHAR},
      channel_app_name = #{record.channelAppName,jdbcType=VARCHAR},
      order_count = #{record.orderCount,jdbcType=INTEGER},
      valid_order_count = #{record.validOrderCount,jdbcType=INTEGER},
      valid_order_unsettle_count = #{record.validOrderUnsettleCount,jdbcType=INTEGER},
      raise_amount = #{record.raiseAmount,jdbcType=DECIMAL},
      valid_raise_amount = #{record.validRaiseAmount,jdbcType=DECIMAL},
      valid_raise_unsettle_amount = #{record.validRaiseUnsettleAmount,jdbcType=DECIMAL},
      commision_amount = #{record.commisionAmount,jdbcType=DECIMAL},
      loan_time = #{record.loanTime,jdbcType=TIMESTAMP},
      settle_status = #{record.settleStatus,jdbcType=TINYINT},
      delete_flag = #{record.deleteFlag,jdbcType=TINYINT},
      create_time = #{record.createTime,jdbcType=TIMESTAMP},
      update_time = #{record.updateTime,jdbcType=TIMESTAMP}
    <if test="_parameter != null">
      <include refid="Update_By_Example_Where_Clause" />
    </if>
  </update>
  <update id="updateByPrimaryKeySelective" parameterType="cn.zjhf.kingold.trade.entity.ChannelCommisionDetail">
    update channel_commision_detail
    <set>
      <if test="productUuid != null">
        product_uuid = #{productUuid,jdbcType=CHAR},
      </if>
      <if test="productAbbrName != null">
        product_abbr_name = #{productAbbrName,jdbcType=VARCHAR},
      </if>
      <if test="merchantNum != null">
        merchant_num = #{merchantNum,jdbcType=VARCHAR},
      </if>
      <if test="channelAppName != null">
        channel_app_name = #{channelAppName,jdbcType=VARCHAR},
      </if>
      <if test="orderCount != null">
        order_count = #{orderCount,jdbcType=INTEGER},
      </if>
      <if test="validOrderCount != null">
        valid_order_count = #{validOrderCount,jdbcType=INTEGER},
      </if>
      <if test="validOrderUnsettleCount != null">
        valid_order_unsettle_count = #{validOrderUnsettleCount,jdbcType=INTEGER},
      </if>
      <if test="raiseAmount != null">
        raise_amount = #{raiseAmount,jdbcType=DECIMAL},
      </if>
      <if test="validRaiseAmount != null">
        valid_raise_amount = #{validRaiseAmount,jdbcType=DECIMAL},
      </if>
      <if test="validRaiseUnsettleAmount != null">
        valid_raise_unsettle_amount = #{validRaiseUnsettleAmount,jdbcType=DECIMAL},
      </if>
      <if test="commisionAmount != null">
        commision_amount = #{commisionAmount,jdbcType=DECIMAL},
      </if>
      <if test="loanTime != null">
        loan_time = #{loanTime,jdbcType=TIMESTAMP},
      </if>
      <if test="settleStatus != null">
        settle_status = #{settleStatus,jdbcType=TINYINT},
      </if>
      <if test="deleteFlag != null">
        delete_flag = #{deleteFlag,jdbcType=TINYINT},
      </if>
      <if test="createTime != null">
        create_time = #{createTime,jdbcType=TIMESTAMP},
      </if>
      <if test="updateTime != null">
        update_time = #{updateTime,jdbcType=TIMESTAMP},
      </if>
    </set>
    where channel_commision_detail_id = #{channelCommisionDetailId,jdbcType=BIGINT}
  </update>
  <update id="updateByPrimaryKey" parameterType="cn.zjhf.kingold.trade.entity.ChannelCommisionDetail">
    update channel_commision_detail
    set product_uuid = #{productUuid,jdbcType=CHAR},
      product_abbr_name = #{productAbbrName,jdbcType=VARCHAR},
      merchant_num = #{merchantNum,jdbcType=VARCHAR},
      channel_app_name = #{channelAppName,jdbcType=VARCHAR},
      order_count = #{orderCount,jdbcType=INTEGER},
      valid_order_count = #{validOrderCount,jdbcType=INTEGER},
      valid_order_unsettle_count = #{validOrderUnsettleCount,jdbcType=INTEGER},
      raise_amount = #{raiseAmount,jdbcType=DECIMAL},
      valid_raise_amount = #{validRaiseAmount,jdbcType=DECIMAL},
      valid_raise_unsettle_amount = #{validRaiseUnsettleAmount,jdbcType=DECIMAL},
      commision_amount = #{commisionAmount,jdbcType=DECIMAL},
      loan_time = #{loanTime,jdbcType=TIMESTAMP},
      settle_status = #{settleStatus,jdbcType=TINYINT},
      delete_flag = #{deleteFlag,jdbcType=TINYINT},
      create_time = #{createTime,jdbcType=TIMESTAMP},
      update_time = #{updateTime,jdbcType=TIMESTAMP}
    where channel_commision_detail_id = #{channelCommisionDetailId,jdbcType=BIGINT}
  </update>
</mapper>