<?xml version="1.0" encoding="UTF-8"?>
<!DOCTYPE mapper PUBLIC "-//mybatis.org//DTD Mapper 3.0//EN" "http://mybatis.org/dtd/mybatis-3-mapper.dtd">
<mapper namespace="cn.zjhf.kingold.product.persistence.dao.OperationReportMapper">
  <resultMap id="BaseResultMap" type="cn.zjhf.kingold.product.entity.OperationReport">
    <id column="report_no" jdbcType="CHAR" property="reportNo" />
    <id column="batch_no" jdbcType="TINYINT" property="batchNo" />
    <result column="report_rule" jdbcType="VARCHAR" property="reportRule" />
    <result column="batch_desc" jdbcType="VARCHAR" property="batchDesc" />
    <result column="report_desc" jdbcType="VARCHAR" property="reportDesc" />
  </resultMap>
  <sql id="Example_Where_Clause">
    <where>
      <foreach collection="oredCriteria" item="criteria" separator="or">
        <if test="criteria.valid">
          <trim prefix="(" prefixOverrides="and" suffix=")">
            <foreach collection="criteria.criteria" item="criterion">
              <choose>
                <when test="criterion.noValue">
                  and ${criterion.condition}
                </when>
                <when test="criterion.singleValue">
                  and ${criterion.condition} #{criterion.value}
                </when>
                <when test="criterion.betweenValue">
                  and ${criterion.condition} #{criterion.value} and #{criterion.secondValue}
                </when>
                <when test="criterion.listValue">
                  and ${criterion.condition}
                  <foreach close=")" collection="criterion.value" item="listItem" open="(" separator=",">
                    #{listItem}
                  </foreach>
                </when>
              </choose>
            </foreach>
          </trim>
        </if>
      </foreach>
    </where>
  </sql>
  <sql id="Update_By_Example_Where_Clause">
    <where>
      <foreach collection="example.oredCriteria" item="criteria" separator="or">
        <if test="criteria.valid">
          <trim prefix="(" prefixOverrides="and" suffix=")">
            <foreach collection="criteria.criteria" item="criterion">
              <choose>
                <when test="criterion.noValue">
                  and ${criterion.condition}
                </when>
                <when test="criterion.singleValue">
                  and ${criterion.condition} #{criterion.value}
                </when>
                <when test="criterion.betweenValue">
                  and ${criterion.condition} #{criterion.value} and #{criterion.secondValue}
                </when>
                <when test="criterion.listValue">
                  and ${criterion.condition}
                  <foreach close=")" collection="criterion.value" item="listItem" open="(" separator=",">
                    #{listItem}
                  </foreach>
                </when>
              </choose>
            </foreach>
          </trim>
        </if>
      </foreach>
    </where>
  </sql>
  <sql id="Base_Column_List">
    report_no, batch_no, report_rule, batch_desc, report_desc
  </sql>
  <select id="selectByExample" parameterType="cn.zjhf.kingold.product.entity.OperationReportExample" resultMap="BaseResultMap">
    select
    <if test="distinct">
      distinct
    </if>
    <include refid="Base_Column_List" />
    from operation_report
    <if test="_parameter != null">
      <include refid="Example_Where_Clause" />
    </if>
    <if test="orderByClause != null">
      order by ${orderByClause}
    </if>
    <if test="limit != null">
      <if test="offset != null">
        limit ${offset}, ${limit}
      </if>
      <if test="offset == null">
        limit ${limit}
      </if>
    </if>
  </select>
  <select id="selectByPrimaryKey" parameterType="cn.zjhf.kingold.product.entity.OperationReportKey" resultMap="BaseResultMap">
    select 
    <include refid="Base_Column_List" />
    from operation_report
    where report_no = #{reportNo,jdbcType=CHAR}
      and batch_no = #{batchNo,jdbcType=TINYINT}
  </select>
  <delete id="deleteByPrimaryKey" parameterType="cn.zjhf.kingold.product.entity.OperationReportKey">
    delete from operation_report
    where report_no = #{reportNo,jdbcType=CHAR}
      and batch_no = #{batchNo,jdbcType=TINYINT}
  </delete>
  <delete id="deleteByExample" parameterType="cn.zjhf.kingold.product.entity.OperationReportExample">
    delete from operation_report
    <if test="_parameter != null">
      <include refid="Example_Where_Clause" />
    </if>
  </delete>
  <insert id="insert" parameterType="cn.zjhf.kingold.product.entity.OperationReport">
    insert into operation_report (report_no, batch_no, report_rule, 
      batch_desc, report_desc)
    values (#{reportNo,jdbcType=CHAR}, #{batchNo,jdbcType=TINYINT}, #{reportRule,jdbcType=VARCHAR}, 
      #{batchDesc,jdbcType=VARCHAR}, #{reportDesc,jdbcType=VARCHAR})
  </insert>
  <insert id="insertSelective" parameterType="cn.zjhf.kingold.product.entity.OperationReport">
    insert into operation_report
    <trim prefix="(" suffix=")" suffixOverrides=",">
      <if test="reportNo != null">
        report_no,
      </if>
      <if test="batchNo != null">
        batch_no,
      </if>
      <if test="reportRule != null">
        report_rule,
      </if>
      <if test="batchDesc != null">
        batch_desc,
      </if>
      <if test="reportDesc != null">
        report_desc,
      </if>
    </trim>
    <trim prefix="values (" suffix=")" suffixOverrides=",">
      <if test="reportNo != null">
        #{reportNo,jdbcType=CHAR},
      </if>
      <if test="batchNo != null">
        #{batchNo,jdbcType=TINYINT},
      </if>
      <if test="reportRule != null">
        #{reportRule,jdbcType=VARCHAR},
      </if>
      <if test="batchDesc != null">
        #{batchDesc,jdbcType=VARCHAR},
      </if>
      <if test="reportDesc != null">
        #{reportDesc,jdbcType=VARCHAR},
      </if>
    </trim>
  </insert>
  <select id="countByExample" parameterType="cn.zjhf.kingold.product.entity.OperationReportExample" resultType="java.lang.Long">
    select count(*) from operation_report
    <if test="_parameter != null">
      <include refid="Example_Where_Clause" />
    </if>
  </select>
  <update id="updateByExampleSelective" parameterType="map">
    update operation_report
    <set>
      <if test="record.reportNo != null">
        report_no = #{record.reportNo,jdbcType=CHAR},
      </if>
      <if test="record.batchNo != null">
        batch_no = #{record.batchNo,jdbcType=TINYINT},
      </if>
      <if test="record.reportRule != null">
        report_rule = #{record.reportRule,jdbcType=VARCHAR},
      </if>
      <if test="record.batchDesc != null">
        batch_desc = #{record.batchDesc,jdbcType=VARCHAR},
      </if>
      <if test="record.reportDesc != null">
        report_desc = #{record.reportDesc,jdbcType=VARCHAR},
      </if>
    </set>
    <if test="_parameter != null">
      <include refid="Update_By_Example_Where_Clause" />
    </if>
  </update>
  <update id="updateByExample" parameterType="map">
    update operation_report
    set report_no = #{record.reportNo,jdbcType=CHAR},
      batch_no = #{record.batchNo,jdbcType=TINYINT},
      report_rule = #{record.reportRule,jdbcType=VARCHAR},
      batch_desc = #{record.batchDesc,jdbcType=VARCHAR},
      report_desc = #{record.reportDesc,jdbcType=VARCHAR}
    <if test="_parameter != null">
      <include refid="Update_By_Example_Where_Clause" />
    </if>
  </update>
  <update id="updateByPrimaryKeySelective" parameterType="cn.zjhf.kingold.product.entity.OperationReport">
    update operation_report
    <set>
      <if test="reportRule != null">
        report_rule = #{reportRule,jdbcType=VARCHAR},
      </if>
      <if test="batchDesc != null">
        batch_desc = #{batchDesc,jdbcType=VARCHAR},
      </if>
      <if test="reportDesc != null">
        report_desc = #{reportDesc,jdbcType=VARCHAR},
      </if>
    </set>
    where report_no = #{reportNo,jdbcType=CHAR}
      and batch_no = #{batchNo,jdbcType=TINYINT}
  </update>
  <update id="updateByPrimaryKey" parameterType="cn.zjhf.kingold.product.entity.OperationReport">
    update operation_report
    set report_rule = #{reportRule,jdbcType=VARCHAR},
      batch_desc = #{batchDesc,jdbcType=VARCHAR},
      report_desc = #{reportDesc,jdbcType=VARCHAR}
    where report_no = #{reportNo,jdbcType=CHAR}
      and batch_no = #{batchNo,jdbcType=TINYINT}
  </update>
</mapper>