<?xml version="1.0" encoding="UTF-8"?>
<!DOCTYPE mapper PUBLIC "-//mybatis.org//DTD Mapper 3.0//EN" "http://mybatis.org/dtd/mybatis-3-mapper.dtd">
<mapper namespace="cn.zjhf.kingold.product.persistence.dao.ProductPrivateFundMapper">
    <resultMap id="BaseResultMap" type="java.util.HashMap">
        <id column="private_fund_id" jdbcType="BIGINT" property="privateFundID"/>
        <result column="product_uuid" jdbcType="CHAR" property="productUuid"/>
        <result column="product_manager" jdbcType="VARCHAR" property="productManager"/>
        <result column="product_manage_type" jdbcType="VARCHAR" property="productManageType"/>
        <result column="product_structure_type" jdbcType="VARCHAR" property="productStructureType"/>
        <result column="product_duration" jdbcType="VARCHAR" property="productDuration"/>
        <result column="product_min_investment" jdbcType="DECIMAL" property="productMinInvestment"/>
        <result column="product_custodian" jdbcType="VARCHAR" property="productCustodian"/>
        <result column="product_customer" jdbcType="VARCHAR" property="productCustomer"/>
        <result column="product_interest_type" jdbcType="TINYINT" property="productInterestType"/>
        <result column="product_benchmark" jdbcType="CHAR" property="productBenchmark"
                typeHandler="cn.zjhf.kingold.product.util.JsonTypeHandler"/>
        <result column="product_purchase_fee" jdbcType="DECIMAL" property="productPurchaseFee"/>
        <result column="product_manager_fee" jdbcType="DECIMAL" property="productManagerFee"/>
        <result column="product_custodian_fee" jdbcType="DECIMAL" property="productCustodianFee"/>
        <result column="product_service_fee" jdbcType="DECIMAL" property="productServiceFee"/>
        <result column="product_close_date" jdbcType="VARCHAR" property="productCloseDate"/>
        <result column="product_open_date" jdbcType="VARCHAR" property="productOpenDate"/>
        <result column="bank_account_name" jdbcType="VARCHAR" property="bankAccountName"/>
        <result column="bank_account_no" jdbcType="VARCHAR" property="bankAccountNo"/>
        <result column="bank_brach_name" jdbcType="VARCHAR" property="bankBrachName"/>
        <result column="bank_large_no" jdbcType="VARCHAR" property="bankLargeNo"/>
        <result column="product_invest_field" jdbcType="VARCHAR" property="productInvestField"/>
        <result column="product_risk_treatment" jdbcType="VARCHAR" property="productRiskTreatment"/>
        <result column="product_information" jdbcType="CHAR" property="productInformation"
                typeHandler="cn.zjhf.kingold.product.util.JsonTypeHandler"/>
        <result column="extra_performance_remuneration" jdbcType="VARCHAR" property="extraPerformanceRemuneration"/>
        <result column="product_apply_fee" jdbcType="DECIMAL" property="productApplyFee"/>
        <result column="custodian_account_name" jdbcType="VARCHAR" property="custodianAccountName"/>
        <result column="custodian_account_no" jdbcType="VARCHAR" property="custodianAccountNo"/>
        <result column="custodian_brach_name" jdbcType="VARCHAR" property="custodianBrachName"/>
        <result column="custodian_large_no" jdbcType="VARCHAR" property="custodianLargeNo"/>
        <result column="exit_mode" jdbcType="VARCHAR" property="exitMode"/>
        <result column="delete_flag" jdbcType="TINYINT" property="deleteFlag"/>
        <result column="create_time" jdbcType="TIMESTAMP" property="createTime"/>
        <result column="update_time" jdbcType="TIMESTAMP" property="updateTime"/>
    </resultMap>

    <sql id="Base_Column_List">
    private_fund_id, product_uuid, product_manager, product_manage_type, product_structure_type,
    product_duration, product_min_investment, product_custodian, product_customer, product_interest_type,
    product_benchmark, product_purchase_fee, product_manager_fee, product_custodian_fee,
    product_service_fee, product_close_date, product_open_date, bank_account_name, bank_account_no,
    bank_brach_name, bank_large_no, product_invest_field, product_risk_treatment, product_information,
    extra_performance_remuneration, product_apply_fee, custodian_account_name, custodian_account_no, custodian_brach_name, custodian_large_no
    exit_mode, delete_flag, create_time, update_time
  </sql>

    <select id="get" parameterType="java.lang.String" resultMap="BaseResultMap">
        select
        <include refid="Base_Column_List"/>
        from product_private_fund
        where private_uuid = #{privateUuid}
    </select>

    <insert id="insert" parameterType="java.util.HashMap" useGeneratedKeys="true" keyProperty="privateFundID"
            keyColumn="private_fund_id">
        insert into product_private_fund
        <trim prefix="(" suffix=")" suffixOverrides=",">
            <if test="productUuid != null">
                product_uuid,
            </if>
            <if test="productManager != null">
                product_manager,
            </if>
            <if test="productManageType != null">
                product_manage_type,
            </if>
            <if test="productStructureType != null">
                product_structure_type,
            </if>
            <if test="productDuration != null">
                product_duration,
            </if>
            <if test="productMinInvestment != null">
                product_min_investment,
            </if>
            <if test="productCustodian != null">
                product_custodian,
            </if>
            <if test="productCustomer != null">
                product_customer,
            </if>
            <if test="productInterestType != null">
                product_interest_type,
            </if>
            <if test="productBenchmark != null">
                product_benchmark,
            </if>
            <if test="productPurchaseFee != null">
                product_purchase_fee,
            </if>
            <if test="productManagerFee != null">
                product_manager_fee,
            </if>
            <if test="productCustodianFee != null">
                product_custodian_fee,
            </if>
            <if test="productServiceFee != null">
                product_service_fee,
            </if>
            <if test="productCloseDate != null">
                product_close_date,
            </if>
            <if test="productOpenDate != null">
                product_open_date,
            </if>
            <if test="bankAccountName != null">
                bank_account_name,
            </if>
            <if test="bankAccountNo != null">
                bank_account_no,
            </if>
            <if test="bankBrachName != null">
                bank_brach_name,
            </if>
            <if test="bankLargeNo != null">
                bank_large_no,
            </if>
            <if test="productInvestField != null">
                product_invest_field,
            </if>
            <if test="productRiskTreatment != null">
                product_risk_treatment,
            </if>
            <if test="productInformation != null">
                product_information,
            </if>
            <if test="extraPerformanceRemuneration != null">
                extra_performance_remuneration,
            </if>
            <if test="productApplyFee != null">
                product_apply_fee,
            </if>
            <if test="custodianAccountName != null">
                custodian_account_name,
            </if>
            <if test="custodianAccountNo != null">
                custodian_account_no,
            </if>
            <if test="custodianBrachName != null">
                custodian_brach_name,
            </if>
            <if test="custodianLargeNo != null">
                custodian_large_no,
            </if>
            <if test="exitMode != null">
                exit_mode,
            </if>
            <if test="deleteFlag != null">
                delete_flag,
            </if>
            <if test="createTime != null">
                create_time,
            </if>
            <if test="updateTime != null">
                update_time,
            </if>
        </trim>
        <trim prefix="values (" suffix=")" suffixOverrides=",">
            <if test="productUuid != null">
                #{productUuid,jdbcType=CHAR},
            </if>
            <if test="productManager != null">
                #{productManager,jdbcType=VARCHAR},
            </if>
            <if test="productManageType != null">
                #{productManageType,jdbcType=VARCHAR},
            </if>
            <if test="productStructureType != null">
                #{productStructureType,jdbcType=VARCHAR},
            </if>
            <if test="productDuration != null">
                #{productDuration,jdbcType=VARCHAR},
            </if>
            <if test="productMinInvestment != null">
                #{productMinInvestment,jdbcType=DECIMAL},
            </if>
            <if test="productCustodian != null">
                #{productCustodian,jdbcType=VARCHAR},
            </if>
            <if test="productCustomer != null">
                #{productCustomer,jdbcType=VARCHAR},
            </if>
            <if test="productInterestType != null">
                #{productInterestType,jdbcType=TINYINT},
            </if>
            <if test="productBenchmark != null">
                #{productBenchmark,jdbcType=CHAR},
            </if>
            <if test="productPurchaseFee != null">
                #{productPurchaseFee,jdbcType=DECIMAL},
            </if>
            <if test="productManagerFee != null">
                #{productManagerFee,jdbcType=DECIMAL},
            </if>
            <if test="productCustodianFee != null">
                #{productCustodianFee,jdbcType=DECIMAL},
            </if>
            <if test="productServiceFee != null">
                #{productServiceFee,jdbcType=DECIMAL},
            </if>
            <if test="productCloseDate != null">
                #{productCloseDate,jdbcType=VARCHAR},
            </if>
            <if test="productOpenDate != null">
                #{productOpenDate,jdbcType=VARCHAR},
            </if>
            <if test="bankAccountName != null">
                #{bankAccountName,jdbcType=VARCHAR},
            </if>
            <if test="bankAccountNo != null">
                #{bankAccountNo,jdbcType=VARCHAR},
            </if>
            <if test="bankBrachName != null">
                #{bankBrachName,jdbcType=VARCHAR},
            </if>
            <if test="bankLargeNo != null">
                #{bankLargeNo,jdbcType=VARCHAR},
            </if>
            <if test="productInvestField != null">
                #{productInvestField,jdbcType=VARCHAR},
            </if>
            <if test="productRiskTreatment != null">
                #{productRiskTreatment,jdbcType=VARCHAR},
            </if>
            <if test="productInformation != null">
                #{productInformation,jdbcType=CHAR},
            </if>
            <if test="extraPerformanceRemuneration != null">
                #{extraPerformanceRemuneration,jdbcType=VARCHAR},
            </if>
            <if test="productApplyFee != null">
                #{productApplyFee,jdbcType=DECIMAL},
            </if>
            <if test="custodianAccountName != null">
                #{custodianAccountName,jdbcType=VARCHAR},
            </if>
            <if test="custodianAccountNo != null">
                #{custodianAccountNo,jdbcType=VARCHAR},
            </if>
            <if test="custodianBrachName != null">
                #{custodianBrachName,jdbcType=VARCHAR},
            </if>
            <if test="custodianLargeNo != null">
                #{custodianLargeNo,jdbcType=VARCHAR},
            </if>
            <if test="exitMode != null">
                #{exitMode,jdbcType=VARCHAR},
            </if>
            <if test="deleteFlag != null">
                #{deleteFlag,jdbcType=TINYINT},
            </if>
            <if test="createTime != null">
                #{createTime,jdbcType=TIMESTAMP},
            </if>
            <if test="updateTime != null">
                #{updateTime,jdbcType=TIMESTAMP},
            </if>
        </trim>
    </insert>

    <update id="update" parameterType="java.util.HashMap">
        update product_private_fund
        <set>
            <if test="productUuid != null">
                product_uuid = #{productUuid,jdbcType=CHAR},
            </if>
            <if test="productManager != null">
                product_manager = #{productManager,jdbcType=VARCHAR},
            </if>
            <if test="productManager == null">
                product_manager = NULL,
            </if>
            <if test="productManageType != null">
                product_manage_type = #{productManageType,jdbcType=VARCHAR},
            </if>
            <if test="productManageType == null">
                product_manage_type = NULL ,
            </if>
            <if test="productStructureType != null">
                product_structure_type = #{productStructureType,jdbcType=VARCHAR},
            </if>
            <if test="productStructureType == null">
                product_structure_type = NULL ,
            </if>
            <if test="productDuration != null">
                product_duration = #{productDuration,jdbcType=VARCHAR},
            </if>
            <if test="productDuration == null">
                product_duration = NULL,
            </if>
            <if test="productMinInvestment != null">
                product_min_investment = #{productMinInvestment,jdbcType=DECIMAL},
            </if>
            <if test="productCustodian != null">
                product_custodian = #{productCustodian,jdbcType=VARCHAR},
            </if>
            <if test="productCustodian == null">
                product_custodian =NULL ,
            </if>
            <if test="productCustomer != null">
                product_customer = #{productCustomer,jdbcType=VARCHAR},
            </if>
            <if test="productCustomer == null">
                product_customer = NULL ,
            </if>
            <if test="productInterestType != null">
                product_interest_type = #{productInterestType,jdbcType=TINYINT},
            </if>
            <if test="productBenchmark != null">
                product_benchmark = #{productBenchmark,jdbcType=CHAR},
            </if>
            <if test="productPurchaseFee != null">
                product_purchase_fee = #{productPurchaseFee,jdbcType=DECIMAL},
            </if>
            <if test="productPurchaseFee == null">
                product_purchase_fee = NULL ,
            </if>
            <if test="productManagerFee != null">
                product_manager_fee = #{productManagerFee,jdbcType=DECIMAL},
            </if>
            <if test="productManagerFee == null">
                product_manager_fee = NULL ,
            </if>
            <if test="productCustodianFee != null">
                product_custodian_fee = #{productCustodianFee,jdbcType=DECIMAL},
            </if>
            <if test="productCustodianFee == null">
                product_custodian_fee = NULL ,
            </if>
            <if test="productServiceFee != null">
                product_service_fee = #{productServiceFee,jdbcType=DECIMAL},
            </if>
            <if test="productServiceFee == null">
                product_service_fee = NULL ,
            </if>
            <if test="productCloseDate != null">
                product_close_date = #{productCloseDate,jdbcType=VARCHAR},
            </if>
            <if test="productCloseDate == null">
                product_close_date = NULL ,
            </if>
            <if test="productOpenDate != null">
                product_open_date = #{productOpenDate,jdbcType=VARCHAR},
            </if>
            <if test="productOpenDate == null">
                product_open_date = NULL ,
            </if>
            <if test="bankAccountName != null">
                bank_account_name = #{bankAccountName,jdbcType=VARCHAR},
            </if>
            <if test="bankAccountName == null">
                bank_account_name = NULL ,
            </if>
            <if test="bankAccountNo != null">
                bank_account_no = #{bankAccountNo,jdbcType=VARCHAR},
            </if>
            <if test="bankAccountNo == null">
                bank_account_no = NULL ,
            </if>
            <if test="bankBrachName != null">
                bank_brach_name = #{bankBrachName,jdbcType=VARCHAR},
            </if>
            <if test="bankBrachName == null">
                bank_brach_name = NULL ,
            </if>
            <if test="bankLargeNo != null">
                bank_large_no = #{bankLargeNo,jdbcType=VARCHAR},
            </if>
            <if test="bankLargeNo == null">
                bank_large_no = NULL ,
            </if>
            <if test="productInvestField != null">
                product_invest_field = #{productInvestField,jdbcType=VARCHAR},
            </if>
            <if test="productInvestField == null">
                product_invest_field = NULL ,
            </if>
            <if test="productRiskTreatment != null">
                product_risk_treatment = #{productRiskTreatment,jdbcType=VARCHAR},
            </if>
            <if test="productRiskTreatment == null">
                product_risk_treatment = NULL ,
            </if>
            <if test="productInformation != null">
                product_information = #{productInformation,jdbcType=CHAR},
            </if>
            <if test="productInformation == null">
                product_information = NULL ,
            </if>
            <if test="extraPerformanceRemuneration != null">
                extra_performance_remuneration = #{extraPerformanceRemuneration,jdbcType=VARCHAR},
            </if>
            <if test="extraPerformanceRemuneration == null">
                extra_performance_remuneration = NULL ,
            </if>
            <if test="productApplyFee != null">
                product_apply_fee = #{productApplyFee,jdbcType=DECIMAL},
            </if>
            <if test="productApplyFee == null">
                product_apply_fee = NULL ,
            </if>
            <if test="custodianAccountName != null">
                custodian_account_name = #{custodianAccountName,jdbcType=VARCHAR},
            </if>
            <if test="custodianAccountName == null">
                custodian_account_name = NULL ,
            </if>
            <if test="custodianAccountNo != null">
                custodian_account_no = #{custodianAccountNo,jdbcType=VARCHAR},
            </if>
            <if test="custodianAccountNo == null">
                custodian_account_no = NULL ,
            </if>
            <if test="custodianBrachName != null">
                custodian_brach_name = #{custodianBrachName,jdbcType=VARCHAR},
            </if>
            <if test="custodianBrachName == null">
                custodian_brach_name = NULL ,
            </if>
            <if test="custodianLargeNo != null">
                custodian_large_no = #{custodianLargeNo,jdbcType=VARCHAR},
            </if>
            <if test="custodianLargeNo == null">
                custodian_large_no = NULL ,
            </if>
            <if test="exitMode != null">
                exit_mode = #{exitMode,jdbcType=VARCHAR},
            </if>
            <if test="exitMode == null">
                exit_mode = NULL ,
            </if>
            <if test="deleteFlag != null">
                delete_flag = #{deleteFlag,jdbcType=TINYINT},
            </if>
            update_time =now(),
        </set>
        where product_uuid = #{productUuid}
    </update>

    <update id="updateStatus" parameterType="java.util.HashMap">
        update product_private_fund
        <set>
            <if test="productUuid != null">
                product_uuid = #{productUuid,jdbcType=CHAR},
            </if>
            <if test="productManager != null">
                product_manager = #{productManager,jdbcType=VARCHAR},
            </if>
            <if test="productManageType != null">
                product_manage_type = #{productManageType,jdbcType=VARCHAR},
            </if>
            <if test="productStructureType != null">
                product_structure_type = #{productStructureType,jdbcType=VARCHAR},
            </if>
            <if test="productDuration != null">
                product_duration = #{productDuration,jdbcType=VARCHAR},
            </if>
            <if test="productMinInvestment != null">
                product_min_investment = #{productMinInvestment,jdbcType=DECIMAL},
            </if>
            <if test="productCustodian != null">
                product_custodian = #{productCustodian,jdbcType=VARCHAR},
            </if>
            <if test="productCustomer != null">
                product_customer = #{productCustomer,jdbcType=VARCHAR},
            </if>
            <if test="productInterestType != null">
                product_interest_type = #{productInterestType,jdbcType=TINYINT},
            </if>
            <if test="productBenchmark != null">
                product_benchmark = #{productBenchmark,jdbcType=CHAR},
            </if>
            <if test="productPurchaseFee != null">
                product_purchase_fee = #{productPurchaseFee,jdbcType=DECIMAL},
            </if>
            <if test="productManagerFee != null">
                product_manager_fee = #{productManagerFee,jdbcType=DECIMAL},
            </if>
            <if test="productCustodianFee != null">
                product_custodian_fee = #{productCustodianFee,jdbcType=DECIMAL},
            </if>
            <if test="productServiceFee != null">
                product_service_fee = #{productServiceFee,jdbcType=DECIMAL},
            </if>
            <if test="productCloseDate != null">
                product_close_date = #{productCloseDate,jdbcType=VARCHAR},
            </if>
            <if test="productOpenDate != null">
                product_open_date = #{productOpenDate,jdbcType=VARCHAR},
            </if>
            <if test="bankAccountName != null">
                bank_account_name = #{bankAccountName,jdbcType=VARCHAR},
            </if>
            <if test="bankAccountNo != null">
                bank_account_no = #{bankAccountNo,jdbcType=VARCHAR},
            </if>
            <if test="bankBrachName != null">
                bank_brach_name = #{bankBrachName,jdbcType=VARCHAR},
            </if>
            <if test="bankLargeNo != null">
                bank_large_no = #{bankLargeNo,jdbcType=VARCHAR},
            </if>
            <if test="productInvestField != null">
                product_invest_field = #{productInvestField,jdbcType=VARCHAR},
            </if>
            <if test="productRiskTreatment != null">
                product_risk_treatment = #{productRiskTreatment,jdbcType=VARCHAR},
            </if>
            <if test="productInformation != null">
                product_information = #{productInformation,jdbcType=CHAR},
            </if>
            <if test="extraPerformanceRemuneration != null">
                extra_performance_remuneration = #{extraPerformanceRemuneration,jdbcType=VARCHAR},
            </if>
            <if test="productApplyFee != null">
                product_apply_fee = #{productApplyFee,jdbcType=DECIMAL},
            </if>
            <if test="custodianAccountName != null">
                custodian_account_name = #{custodianAccountName,jdbcType=VARCHAR},
            </if>
            <if test="custodianAccountNo != null">
                custodian_account_no = #{custodianAccountNo,jdbcType=VARCHAR},
            </if>
            <if test="custodianBrachName != null">
                custodian_brach_name = #{custodianBrachName,jdbcType=VARCHAR},
            </if>
            <if test="custodianLargeNo != null">
                custodian_large_no = #{custodianLargeNo,jdbcType=VARCHAR},
            </if>
            <if test="exitMode != null">
                exit_mode = #{exitMode,jdbcType=VARCHAR},
            </if>
            <if test="deleteFlag != null">
                delete_flag = #{deleteFlag,jdbcType=TINYINT},
            </if>
            update_time =now(),
        </set>
        where product_uuid = #{productUuid}
    </update>
</mapper>