<?xml version="1.0" encoding="UTF-8"?>
<!DOCTYPE mapper PUBLIC "-//mybatis.org//DTD Mapper 3.0//EN" "http://mybatis.org/dtd/mybatis-3-mapper.dtd">
<mapper namespace="cn.zjhf.kingold.product.persistence.dao.ProductFixedIncomeMapper">
    <resultMap id="BaseResultMap" type="java.util.HashMap">
        <id column="fixed_income_id" jdbcType="BIGINT" property="fixedIncomeID"/>
        <result column="product_uuid" jdbcType="CHAR" property="productUuid"/>
        <result column="investor_qualification" jdbcType="VARCHAR" property="investorQualification"/>
        <result column="sale_user_type" jdbcType="TINYINT" property="saleUserType"/>
        <result column="is_transfer_flag" jdbcType="TINYINT" property="isTransferFlag"/>
        <result column="payee_account_type" jdbcType="TINYINT" property="payeeAccountType"/>
        <result column="payee_account_uuid" jdbcType="CHAR" property="payeeAccountUuid"/>
        <result column="rate_formula_param" jdbcType="SMALLINT" property="rateFormulaParam"/>
        <result column="annual_interest_rate" jdbcType="DECIMAL" property="annualInterestRate"/>
        <result column="annual_interest_show" jdbcType="DECIMAL" property="annualInterestShow"/>
        <result column="increase_interest_rate" jdbcType="DECIMAL" property="increaseInterestRate"/>
        <result column="increase_interest_rate_describe" jdbcType="VARCHAR" property="increaseInterestRateDescribe"/>
        <result column="product_min_investment" jdbcType="DECIMAL" property="productMinInvestment"/>
        <result column="investment_interval" jdbcType="DECIMAL" property="investmentInterval"/>
        <result column="product_max_investment" jdbcType="DECIMAL" property="productMaxInvestment"/>
        <result column="product_publish_date" jdbcType="DATE" property="productPublishDate"/>
        <result column="product_establishment_date" jdbcType="DATE" property="productEstablishmentDate"/>
        <result column="product_interest_date" jdbcType="DATE" property="productInterestDate"/>
        <result column="product_expiring_date" jdbcType="DATE" property="productExpiringDate"/>
        <result column="product_payment_date" jdbcType="DATE" property="productPaymentDate"/>
        <result column="raise_start_date" jdbcType="DATE" property="raiseStartDate"/>
        <result column="raise_end_date" jdbcType="DATE" property="raiseEndDate"/>
        <result column="payment_date" jdbcType="DATE" property="paymentDate"/>
        <result column="repayment_date" jdbcType="DATE" property="repaymentDate"/>
        <result column="product_interest_type" jdbcType="VARCHAR" property="productInterestType"/>
        <result column="product_introduction" jdbcType="VARCHAR" property="productIntroduction"/>
        <result column="product_information" jdbcType="CHAR" property="productInformation"/>
        <result column="platform_commission" jdbcType="DECIMAL" property="platformCommission"/>
        <result column="management_fee" jdbcType="DECIMAL" property="managementFee"/>
        <result column="product_project_code" jdbcType="VARCHAR" property="productProjectCode"/>
        <result column="product_label" jdbcType="VARCHAR" property="productLabel"/>
        <result column="delete_flag" jdbcType="TINYINT" property="deleteFlag"/>
        <result column="create_time" jdbcType="TIMESTAMP" property="createTime"/>
        <result column="update_time" jdbcType="TIMESTAMP" property="updateTime"/>
        <result column="product_risk_rating" jdbcType="TINYINT" property="productRiskRating"/>
        <result column="coupon_interest_rate" jdbcType="DECIMAL" property="couponInterestRate"/>
    </resultMap>

    <sql id="Base_Column_List">
    fixed_income_id, product_uuid, investor_qualification, sale_user_type, is_transfer_flag,
    payee_account_type, payee_account_uuid, rate_formula_param, annual_interest_rate,annual_interest_show, increase_interest_rate
    increase_interest_rate_describe, product_min_investment, investment_interval, product_max_investment, product_publish_date, product_establishment_date, product_interest_date,
    product_expiring_date, product_payment_date, raise_start_date, raise_end_date, payment_date,
    repayment_date, product_interest_type, product_introduction, product_information,platform_commission, management_fee,
    product_project_code, product_label, delete_flag, create_time, update_time,product_risk_rating,coupon_interest_rate
   </sql>

    <select id="get" parameterType="java.lang.String" resultMap="BaseResultMap">
        select
        <include refid="Base_Column_List"/>
        from product_fixed_income
        where product_uuid = #{productUuid}
    </select>

    <insert id="insert" parameterType="java.util.HashMap" useGeneratedKeys="true" keyProperty="fixedIncomeID"
            keyColumn="fixed_income_id">
        insert into product_fixed_income
        <trim prefix="(" suffix=")" suffixOverrides=",">
            <if test="productUuid != null">
                product_uuid,
            </if>
            <if test="investorQualification != null">
                investor_qualification,
            </if>
            <if test="saleUserType != null">
                sale_user_type,
            </if>
            <if test="isTransferFlag != null">
                is_transfer_flag,
            </if>
            <if test="payeeAccountType != null">
                payee_account_type,
            </if>
            <if test="payeeAccountUuid != null">
                payee_account_uuid,
            </if>
            <if test="rateFormulaParam != null">
                rate_formula_param,
            </if>
            <if test="annualInterestRate != null">
                annual_interest_rate,
            </if>
            <if test="annualInterestShow != null">
                annual_interest_show,
            </if>
            <if test="increaseInterestRate != null">
                increase_interest_rate,
            </if>
            <if test="increaseInterestRateDescribe != null">
                increase_interest_rate_describe,
            </if>
            <if test="productMinInvestment != null">
                product_min_investment,
            </if>
            <if test="investmentInterval != null">
                investment_interval,
            </if>
            <if test="productMaxInvestment != null">
                product_max_investment,
            </if>
            <if test="productPublishDate != null">
                product_publish_date,
            </if>
            <if test="productEstablishmentDate != null">
                product_establishment_date,
            </if>
            <if test="productInterestDate != null">
                product_interest_date,
            </if>
            <if test="productExpiringDate != null">
                product_expiring_date,
            </if>
            <if test="productPaymentDate != null">
                product_payment_date,
            </if>
            <if test="raiseStartDate != null">
                raise_start_date,
            </if>
            <if test="raiseEndDate != null">
                raise_end_date,
            </if>
            <if test="paymentDate != null">
                payment_date,
            </if>
            <if test="repaymentDate != null">
                repayment_date,
            </if>
            <if test="productInterestType != null">
                product_interest_type,
            </if>
            <if test="productIntroduction != null">
                product_introduction,
            </if>
            <if test="productInformation != null">
                product_information,
            </if>
            <if test="platformCommission != null">
                platform_commission,
            </if>
            <if test="managementFee != null">
                management_fee,
            </if>
            <if test="productProjectCode != null">
                product_project_code,
            </if>
            <if test="productLabel != null">
                product_label,
            </if>
            <if test="deleteFlag != null">
                delete_flag,
            </if>
            <if test="createTime != null">
                create_time,
            </if>
            <if test="updateTime != null">
                update_time,
            </if>
            <if test="productRiskRating != null">
                product_risk_rating,
            </if>
            <if test="couponInterestRate != null">
                coupon_interest_rate,
            </if>
        </trim>
        <trim prefix="values (" suffix=")" suffixOverrides=",">
            <if test="productUuid != null">
                #{productUuid,jdbcType=CHAR},
            </if>
            <if test="investorQualification != null">
                #{investorQualification,jdbcType=VARCHAR},
            </if>
            <if test="saleUserType != null">
                #{saleUserType,jdbcType=TINYINT},
            </if>
            <if test="isTransferFlag != null">
                #{isTransferFlag,jdbcType=TINYINT},
            </if>
            <if test="payeeAccountType != null">
                #{payeeAccountType,jdbcType=TINYINT},
            </if>
            <if test="payeeAccountUuid != null">
                #{payeeAccountUuid,jdbcType=CHAR},
            </if>
            <if test="rateFormulaParam != null">
                #{rateFormulaParam,jdbcType=SMALLINT},
            </if>
            <if test="annualInterestRate != null">
                #{annualInterestRate,jdbcType=DECIMAL},
            </if>
            <if test="annualInterestShow != null">
                #{annualInterestShow,jdbcType=DECIMAL},
            </if>
            <if test="increaseInterestRate != null">
                #{increaseInterestRate,jdbcType=DECIMAL},
            </if>
            <if test="increaseInterestRateDescribe != null">
                #{increaseInterestRateDescribe,jdbcType=VARCHAR},
            </if>
            <if test="productMinInvestment != null">
                #{productMinInvestment,jdbcType=DECIMAL},
            </if>
            <if test="investmentInterval != null">
                #{investmentInterval,jdbcType=DECIMAL},
            </if>
            <if test="productMaxInvestment != null">
                #{productMaxInvestment,jdbcType=DECIMAL},
            </if>
            <if test="productPublishDate != null">
                #{productPublishDate,jdbcType=DATE},
            </if>
            <if test="productEstablishmentDate != null">
                #{productEstablishmentDate,jdbcType=DATE},
            </if>
            <if test="productInterestDate != null">
                #{productInterestDate,jdbcType=DATE},
            </if>
            <if test="productExpiringDate != null">
                #{productExpiringDate,jdbcType=DATE},
            </if>
            <if test="productPaymentDate != null">
                #{productPaymentDate,jdbcType=DATE},
            </if>
            <if test="raiseStartDate != null">
                #{raiseStartDate,jdbcType=DATE},
            </if>
            <if test="raiseEndDate != null">
                #{raiseEndDate,jdbcType=DATE},
            </if>
            <if test="paymentDate != null">
                #{paymentDate,jdbcType=DATE},
            </if>
            <if test="repaymentDate != null">
                #{repaymentDate,jdbcType=DATE},
            </if>
            <if test="productInterestType != null">
                #{productInterestType,jdbcType=VARCHAR},
            </if>
            <if test="productIntroduction != null">
                #{productIntroduction,jdbcType=VARCHAR},
            </if>
            <if test="productInformation != null">
                #{productInformation,jdbcType=CHAR},
            </if>
            <if test="platformCommission != null">
                #{platformCommission,jdbcType=DECIMAL},
            </if>
            <if test="managementFee != null">
                #{managementFee,jdbcType=DECIMAL},
            </if>
            <if test="productProjectCode != null">
                #{productProjectCode,jdbcType=VARCHAR},
            </if>
            <if test="productLabel != null">
                #{productLabel,jdbcType=VARCHAR},
            </if>
            <if test="deleteFlag != null">
                #{deleteFlag,jdbcType=TINYINT},
            </if>
            <if test="createTime != null">
                #{createTime,jdbcType=TIMESTAMP},
            </if>
            <if test="updateTime != null">
                #{updateTime,jdbcType=TIMESTAMP},
            </if>
            <if test="productRiskRating != null">
                #{productRiskRating,jdbcType=TINYINT},
            </if>
            <if test="couponInterestRate != null">
                #{couponInterestRate,jdbcType=DECIMAL},
            </if>
        </trim>
    </insert>

    <update id="update" parameterType="java.util.HashMap">
        update product_fixed_income
        <set>
            <if test="productUuid != null">
                product_uuid = #{productUuid,jdbcType=CHAR},
            </if>
            <if test="investorQualification != null">
                investor_qualification = #{investorQualification,jdbcType=VARCHAR},
            </if>
            <if test="investorQualification == null">
                investor_qualification = NULL,
            </if>
            <if test="saleUserType != null">
                sale_user_type = #{saleUserType,jdbcType=TINYINT},
            </if>
            <if test="isTransferFlag != null">
                is_transfer_flag = #{isTransferFlag,jdbcType=TINYINT},
            </if>
            <if test="payeeAccountType != null">
                payee_account_type = #{payeeAccountType,jdbcType=TINYINT},
            </if>
            <if test="payeeAccountUuid != null">
                payee_account_uuid = #{payeeAccountUuid,jdbcType=CHAR},
            </if>
            <if test="rateFormulaParam != null">
                rate_formula_param = #{rateFormulaParam,jdbcType=SMALLINT},
            </if>
            <if test="annualInterestRate != null">
                annual_interest_rate = #{annualInterestRate,jdbcType=DECIMAL},
            </if>
            <if test="annualInterestShow != null">
                annual_interest_show = #{annualInterestShow,jdbcType=DECIMAL},
            </if>
            <if test="increaseInterestRate != null">
                increase_interest_rate = #{increaseInterestRate,jdbcType=DECIMAL},
            </if>
            <if test="increaseInterestRateDescribe != null">
                increase_interest_rate_describe = #{increaseInterestRateDescribe,jdbcType=VARCHAR},
            </if>
            <if test="increaseInterestRateDescribe == null">
                increase_interest_rate_describe = NULL ,
            </if>
            <if test="productMinInvestment != null">
                product_min_investment = #{productMinInvestment,jdbcType=DECIMAL},
            </if>
            <if test="investmentInterval != null">
                investment_interval = #{investmentInterval,jdbcType=DECIMAL},
            </if>
            <if test="productMaxInvestment != null">
                product_max_investment = #{productMaxInvestment,jdbcType=DECIMAL},
            </if>
            <if test="productMaxInvestment == null">
                product_max_investment = NULL ,
            </if>
            <if test="productPublishDate == 'null' ">
                product_publish_date = NULL ,
            </if>
            <if test="productPublishDate != null and productPublishDate != 'null' ">
                product_publish_date = #{productPublishDate,jdbcType=DATE},
            </if>
            <if test="productEstablishmentDate == null">
                product_establishment_date = NULL ,
            </if>
            <if test="productEstablishmentDate != null and productEstablishmentDate != 'null' ">
                product_establishment_date = #{productEstablishmentDate,jdbcType=DATE},
            </if>
            <if test="productInterestDate == 'null' ">
                product_interest_date = NULL ,
            </if>
            <if test="productInterestDate != null and productInterestDate != 'null' ">
                product_interest_date = #{productInterestDate,jdbcType=DATE},
            </if>
            <if test="productExpiringDate == 'null' ">
                product_expiring_date = NULL ,
            </if>
            <if test="productExpiringDate != null and productExpiringDate != 'null'">
                product_expiring_date = #{productExpiringDate,jdbcType=DATE},
            </if>
            <if test="productPaymentDate == 'null' ">
                product_payment_date = NULL ,
            </if>
            <if test="productPaymentDate != null and productPaymentDate != 'null' ">
                product_payment_date = #{productPaymentDate,jdbcType=DATE},
            </if>
            <if test="raiseStartDate == 'null' ">
                raise_start_date = NULL ,
            </if>
            <if test="raiseStartDate != null and raiseStartDate != 'null'">
                raise_start_date = #{raiseStartDate,jdbcType=DATE},
            </if>
            <if test="raiseEndDate == 'null' ">
                raise_end_date = NULL ,
            </if>
            <if test="raiseEndDate != null and raiseEndDate != 'null'">
                raise_end_date = #{raiseEndDate,jdbcType=DATE},
            </if>
            <if test="paymentDate == 'null' ">
                payment_date = NULL ,
            </if>
            <if test="paymentDate != null and paymentDate != 'null'">
                payment_date = #{paymentDate,jdbcType=DATE},
            </if>
            <if test="repaymentDate == 'null' ">
                repayment_date = NULL ,
            </if>
            <if test="repaymentDate != null and repaymentDate != 'null'">
                repayment_date = #{repaymentDate,jdbcType=DATE},
            </if>
            <if test="productInterestType != null">
                product_interest_type = #{productInterestType,jdbcType=VARCHAR},
            </if>
            <if test="productIntroduction != null">
                product_introduction = #{productIntroduction,jdbcType=VARCHAR},
            </if>
            <if test="productInformation != null">
                product_information = #{productInformation,jdbcType=CHAR},
            </if>
            <if test="productInformation == null">
                product_information = NULL,
            </if>
            <if test="platformCommission != null">
                platform_commission = #{platformCommission,jdbcType=DECIMAL},
            </if>
            <if test="managementFee != null">
                management_fee = #{managementFee,jdbcType=DECIMAL},
            </if>
            <if test="productProjectCode != null">
                product_project_code = #{productProjectCode,jdbcType=VARCHAR},
            </if>
            <if test="productProjectCode == null">
                product_project_code = NULL,
            </if>
            <if test="productLabel != null">
                product_label = #{productLabel,jdbcType=VARCHAR},
            </if>
            <if test="productLabel == null">
                product_label = NULL ,
            </if>
            <if test="deleteFlag != null">
                delete_flag = #{deleteFlag,jdbcType=TINYINT},
            </if>
            <if test="productRiskRating != null">
                product_risk_rating = #{productRiskRating,jdbcType=TINYINT},
            </if>
            <if test="couponInterestRate != null">
                coupon_interest_rate =  #{couponInterestRate,jdbcType=DECIMAL},
            </if>
            update_time = now(),
        </set>
        where product_uuid = #{productUuid}
    </update>

    <update id="updateStatus" parameterType="java.util.HashMap">
        update product_fixed_income
        <set>
            <if test="productUuid != null">
                product_uuid = #{productUuid,jdbcType=CHAR},
            </if>
            <if test="investorQualification != null">
                investor_qualification = #{investorQualification,jdbcType=VARCHAR},
            </if>
            <if test="saleUserType != null">
                sale_user_type = #{saleUserType,jdbcType=TINYINT},
            </if>
            <if test="isTransferFlag != null">
                is_transfer_flag = #{isTransferFlag,jdbcType=TINYINT},
            </if>
            <if test="payeeAccountType != null">
                payee_account_type = #{payeeAccountType,jdbcType=TINYINT},
            </if>
            <if test="payeeAccountUuid != null">
                payee_account_uuid = #{payeeAccountUuid,jdbcType=CHAR},
            </if>
            <if test="rateFormulaParam != null">
                rate_formula_param = #{rateFormulaParam,jdbcType=SMALLINT},
            </if>
            <if test="annualInterestRate != null">
                annual_interest_rate = #{annualInterestRate,jdbcType=DECIMAL},
            </if>
            <if test="annualInterestShow != null">
                annual_interest_show = #{annualInterestShow,jdbcType=DECIMAL},
            </if>
            <if test="increaseInterestRate != null">
                increase_interest_rate = #{increaseInterestRate,jdbcType=DECIMAL},
            </if>
            <if test="increaseInterestRateDescribe != null">
                increase_interest_rate_describe = #{increaseInterestRateDescribe,jdbcType=VARCHAR},
            </if>
            <if test="productMinInvestment != null">
                product_min_investment = #{productMinInvestment,jdbcType=DECIMAL},
            </if>
            <if test="investmentInterval != null">
                investment_interval = #{investmentInterval,jdbcType=DECIMAL},
            </if>
            <if test="productMaxInvestment != null">
                product_max_investment = #{productMaxInvestment,jdbcType=DECIMAL},
            </if>
            <if test="productPublishDate != null and productPublishDate != 'null' ">
                product_publish_date = #{productPublishDate,jdbcType=DATE},
            </if>
            <if test="productEstablishmentDate != null and productEstablishmentDate != 'null' ">
                product_establishment_date = #{productEstablishmentDate,jdbcType=DATE},
            </if>
            <if test="productInterestDate != null and productInterestDate != 'null' ">
                product_interest_date = #{productInterestDate,jdbcType=DATE},
            </if>
            <if test="productExpiringDate != null and productExpiringDate != 'null'">
                product_expiring_date = #{productExpiringDate,jdbcType=DATE},
            </if>
            <if test="productPaymentDate != null and productPaymentDate != 'null' ">
                product_payment_date = #{productPaymentDate,jdbcType=DATE},
            </if>
            <if test="raiseStartDate != null and raiseStartDate != 'null'">
                raise_start_date = #{raiseStartDate,jdbcType=DATE},
            </if>
            <if test="raiseEndDate != null and raiseEndDate != 'null'">
                raise_end_date = #{raiseEndDate,jdbcType=DATE},
            </if>
            <if test="paymentDate != null and paymentDate != 'null'">
                payment_date = #{paymentDate,jdbcType=DATE},
            </if>
            <if test="repaymentDate != null and repaymentDate != 'null'">
                repayment_date = #{repaymentDate,jdbcType=DATE},
            </if>
            <if test="productInterestType != null">
                product_interest_type = #{productInterestType,jdbcType=VARCHAR},
            </if>
            <if test="productIntroduction != null">
                product_introduction = #{productIntroduction,jdbcType=VARCHAR},
            </if>
            <if test="productInformation != null">
                product_information = #{productInformation,jdbcType=CHAR},
            </if>
            <if test="platformCommission != null">
                platform_commission = #{platformCommission,jdbcType=DECIMAL},
            </if>
            <if test="managementFee != null">
                management_fee = #{managementFee,jdbcType=DECIMAL},
            </if>
            <if test="productProjectCode != null">
                product_project_code = #{productProjectCode,jdbcType=VARCHAR},
            </if>
            <if test="productLabel != null">
                product_label = #{productLabel,jdbcType=VARCHAR},
            </if>
            <if test="deleteFlag != null">
                delete_flag = #{deleteFlag,jdbcType=TINYINT},
            </if>
            update_time = now(),
        </set>
        where product_uuid = #{productUuid}
    </update>
</mapper>