<?xml version="1.0" encoding="UTF-8"?>
<!DOCTYPE mapper PUBLIC "-//mybatis.org//DTD Mapper 3.0//EN" "http://mybatis.org/dtd/mybatis-3-mapper.dtd">
<mapper namespace="cn.zjhf.kingold.product.persistence.dao.ProductProgressMapper">
    <resultMap id="BaseResultMap" type="java.util.HashMap">
        <id column="product_progress_id" jdbcType="BIGINT" property="productProgressID"/>
        <result column="product_uuid" jdbcType="CHAR" property="productUuid"/>
        <result column="product_scale" jdbcType="DECIMAL" property="productScale"/>
        <result column="product_accumulation" jdbcType="DECIMAL" property="productAccumulation"/>
        <result column="product_manual" jdbcType="DECIMAL" property="productManual"/>
        <result column="delete_flag" jdbcType="TINYINT" property="deleteFlag"/>
        <result column="create_time" jdbcType="TIMESTAMP" property="createTime"/>
        <result column="update_time" jdbcType="TIMESTAMP" property="updateTime"/>
    </resultMap>

    <resultMap id="BaseResultEntity" type="cn.zjhf.kingold.product.entity.ProductProgress">
        <id column="product_progress_id" jdbcType="BIGINT" property="productProgressID"/>
        <result column="product_uuid" jdbcType="CHAR" property="productUuid"/>
        <result column="product_scale" jdbcType="DECIMAL" property="productScale"/>
        <result column="product_accumulation" jdbcType="DECIMAL" property="productAccumulation"/>
        <result column="product_manual" jdbcType="DECIMAL" property="productManual"/>
        <result column="delete_flag" jdbcType="TINYINT" property="deleteFlag"/>
        <result column="create_time" jdbcType="TIMESTAMP" property="createTime"/>
        <result column="update_time" jdbcType="TIMESTAMP" property="updateTime"/>
    </resultMap>

    <sql id="Base_Column_List">
      product_progress_id, product_uuid, product_scale, product_accumulation, product_manual,
      delete_flag, create_time, update_time
    </sql>

    <insert id="insert" parameterType="java.util.HashMap" useGeneratedKeys="true" keyProperty="productProgressID"
            keyColumn="product_progress_id">
        insert into product_progress
        <trim prefix="(" suffix=")" suffixOverrides=",">
            <if test="productUuid != null">
                product_uuid,
            </if>
            <if test="productScale != null">
                product_scale,
            </if>
            <if test="productAccumulation != null">
                product_accumulation,
            </if>
            <if test="productManual != null">
                product_manual,
            </if>
            <if test="deleteFlag != null">
                delete_flag,
            </if>
            <if test="createTime != null">
                create_time,
            </if>
            <if test="updateTime != null">
                update_time,
            </if>
        </trim>
        <trim prefix="values (" suffix=")" suffixOverrides=",">
            <if test="productUuid != null">
                #{productUuid,jdbcType=CHAR},
            </if>
            <if test="productScale != null">
                #{productScale,jdbcType=DECIMAL},
            </if>
            <if test="productAccumulation != null">
                #{productAccumulation,jdbcType=DECIMAL},
            </if>
            <if test="productManual != null">
                #{productManual,jdbcType=DECIMAL},
            </if>
            <if test="deleteFlag != null">
                #{deleteFlag,jdbcType=TINYINT},
            </if>
            <if test="createTime != null">
                #{createTime,jdbcType=TIMESTAMP},
            </if>
            <if test="updateTime != null">
                #{updateTime,jdbcType=TIMESTAMP},
            </if>
        </trim>
    </insert>

    <update id="update" parameterType="java.util.HashMap">
        update product_progress
        <set>
            <if test="productUuid != null">
                product_uuid = #{productUuid,jdbcType=CHAR},
            </if>
            <if test="productScale != null">
                product_scale = #{productScale,jdbcType=DECIMAL},
            </if>
            <if test="productAccumulation != null">
                product_accumulation = #{productAccumulation,jdbcType=DECIMAL},
            </if>
            <if test="productManual != null">
                product_manual = #{productManual,jdbcType=DECIMAL},
            </if>
            <if test="deleteFlag != null">
                delete_flag = #{deleteFlag,jdbcType=TINYINT},
            </if>
            <if test="createTime != null">
                create_time = #{createTime,jdbcType=TIMESTAMP},
            </if>
            <if test="updateTime != null">
                update_time = #{updateTime,jdbcType=TIMESTAMP},
            </if>
        </set>
        where product_uuid = #{productUuid}
    </update>

    <update id="updateAccumulation">
        update product_progress
        <set>
            product_accumulation = product_accumulation+ #{amount},
            update_time =now(),
        </set>
        where product_uuid = #{productUuid}
    </update>

    <!-- 增加募集金额 -->
    <update id="raise" parameterType="cn.zjhf.kingold.product.entity.ProductRaiseDO">
      UPDATE product_progress
      SET product_accumulation = product_accumulation + #{amount}, update_time = now()
      WHERE product_uuid = #{productUuid} AND product_accumulation + product_manual + #{amount} &lt;= product_scale
            AND delete_flag = 0
    </update>

    <!-- 回滚募集金额 -->
    <update id="restore" parameterType="cn.zjhf.kingold.product.entity.ProductRaiseDO">
        UPDATE product_progress
        SET product_accumulation = product_accumulation - #{amount}, update_time = now()
        WHERE product_uuid = #{productUuid} AND product_accumulation &gt;= #{amount} AND delete_flag = 0
    </update>

    <!-- 读取募集金额 -->
    <select id="get" parameterType="java.lang.String" resultMap="BaseResultMap" >
        SELECT <include refid="Base_Column_List" />
        FROM product_progress
        WHERE product_uuid = #{productUuid} AND delete_flag = 0
    </select>

    <select id="getProgress" parameterType="java.lang.String" resultMap="BaseResultEntity">
        select
        <include refid="Base_Column_List" />
        from product_progress
        WHERE  product_uuid = #{productUuid} AND delete_flag = 0
    </select>

</mapper>