<?xml version="1.0" encoding="UTF-8"?>
<!DOCTYPE mapper PUBLIC "-//mybatis.org//DTD Mapper 3.0//EN" "http://mybatis.org/dtd/mybatis-3-mapper.dtd">
<mapper namespace="cn.zjhf.kingold.product.persistence.dao.ProductMapper">
    <resultMap id="productMap" type="java.util.HashMap">
        <id column="product_id" jdbcType="BIGINT" property="productID"/>
        <result column="product_uuid" jdbcType="CHAR" property="productUuid"/>
        <result column="product_code" jdbcType="VARCHAR" property="productCode"/>
        <result column="product_type" jdbcType="VARCHAR" property="productType"/>
        <result column="product_name" jdbcType="VARCHAR" property="productName"/>
        <result column="product_abbr_name" jdbcType="VARCHAR" property="productAbbrName"/>
        <result column="vip_flag" jdbcType="INTEGER" property="vipFlag"/>
        <result column="product_issuer_uuid" jdbcType="CHAR" property="productIssuerUuid"/>
        <result column="product_issuer_name" jdbcType="VARCHAR" property="productIssuerName"/>
        <result column="product_issuer_short_name" jdbcType="VARCHAR" property="productIssuerShortName"/>
        <result column="product_currency" jdbcType="VARCHAR" property="productCurrency"/>
        <result column="product_status" jdbcType="TINYINT" property="productStatus"/>
        <result column="product_on_status" jdbcType="TINYINT" property="productOnStatus"/>
        <result column="product_show_order" jdbcType="INTEGER" property="productShowOrder"/>
        <result column="product_period" jdbcType="INTEGER" property="productPeriod"/>
        <result column="product_period_type" jdbcType="VARCHAR" property="productPeriodType"/>
        <result column="product_scale" jdbcType="DECIMAL" property="productScale"/>
        <result column="product_award" jdbcType="CHAR" property="productAward"
                typeHandler="cn.zjhf.kingold.product.util.JsonTypeHandler"/>
        <result column="product_attachment" jdbcType="CHAR" property="productAttachment"
                typeHandler="cn.zjhf.kingold.product.util.JsonTypeHandler"/>
        <result column="product_open_time" jdbcType="TIMESTAMP" property="productOpenTime" javaType="java.lang.String"/>
        <result column="product_close_time" jdbcType="TIMESTAMP" property="productCloseTime"
                javaType="java.lang.String"/>
        <result column="delete_flag" jdbcType="TINYINT" property="deleteFlag"/>
        <result column="create_time" jdbcType="TIMESTAMP" property="createTime" javaType="java.lang.String"/>
        <result column="update_time" jdbcType="TIMESTAMP" property="updateTime" javaType="java.lang.String"/>
        <result column="protocol_code" jdbcType="VARCHAR" property="protocolCode"/>
    </resultMap>

    <resultMap id="progressMap" extends="productMap" type="java.util.HashMap">
        <result column="product_scale" jdbcType="DECIMAL" property="productScale"/>
        <result column="product_accumulation" jdbcType="DECIMAL" property="productAccumulation"/>
        <result column="product_manual" jdbcType="DECIMAL" property="productManual"/>
    </resultMap>

    <resultMap id="privateFundMap" extends="progressMap" type="java.util.HashMap">
        <result column="product_manager" jdbcType="VARCHAR" property="productManager"/>
        <result column="product_manage_type" jdbcType="VARCHAR" property="productManageType"/>
        <result column="product_structure_type" jdbcType="VARCHAR" property="productStructureType"/>
        <result column="product_duration" jdbcType="VARCHAR" property="productDuration"/>
        <result column="product_min_investment" jdbcType="DECIMAL" property="productMinInvestment"/>
        <result column="product_custodian" jdbcType="VARCHAR" property="productCustodian"/>
        <result column="product_customer" jdbcType="VARCHAR" property="productCustomer"/>
        <result column="product_interest_type" jdbcType="TINYINT" property="productInterestType"/>
        <result column="product_benchmark" jdbcType="CHAR" property="productBenchmark"
                typeHandler="cn.zjhf.kingold.product.util.JsonTypeHandler"/>
        <result column="product_purchase_fee" jdbcType="DECIMAL" property="productPurchaseFee"/>
        <result column="product_manager_fee" jdbcType="DECIMAL" property="productManagerFee"/>
        <result column="product_custodian_fee" jdbcType="DECIMAL" property="productCustodianFee"/>
        <result column="product_service_fee" jdbcType="DECIMAL" property="productServiceFee"/>
        <result column="product_close_date" jdbcType="VARCHAR" property="productCloseDate"/>
        <result column="product_open_date" jdbcType="VARCHAR" property="productOpenDate"/>
        <result column="bank_account_name" jdbcType="VARCHAR" property="bankAccountName"/>
        <result column="bank_account_no" jdbcType="VARCHAR" property="bankAccountNo"/>
        <result column="bank_brach_name" jdbcType="VARCHAR" property="bankBrachName"/>
        <result column="bank_large_no" jdbcType="VARCHAR" property="bankLargeNo"/>
        <result column="product_invest_field" jdbcType="VARCHAR" property="productInvestField"/>
        <result column="product_risk_treatment" jdbcType="VARCHAR" property="productRiskTreatment"/>
        <result column="product_information" jdbcType="CHAR" property="productInformation"
                typeHandler="cn.zjhf.kingold.product.util.JsonTypeHandler"/>
        <result column="extra_performance_remuneration" jdbcType="VARCHAR" property="extraPerformanceRemuneration"/>
        <result column="product_apply_fee" jdbcType="DECIMAL" property="productApplyFee"/>
        <result column="custodian_account_name" jdbcType="VARCHAR" property="custodianAccountName"/>
        <result column="custodian_account_no" jdbcType="VARCHAR" property="custodianAccountNo"/>
        <result column="custodian_brach_name" jdbcType="VARCHAR" property="custodianBrachName"/>
        <result column="custodian_large_no" jdbcType="VARCHAR" property="custodianLargeNo"/>
        <result column="exit_mode" jdbcType="VARCHAR" property="exitMode"/>
    </resultMap>

    <resultMap id="fixedIncomeMap" extends="progressMap" type="java.util.HashMap">
        <result column="investor_qualification" jdbcType="VARCHAR" property="investorQualification"/>
        <result column="sale_user_type" jdbcType="TINYINT" property="saleUserType"/>
        <result column="is_transfer_flag" jdbcType="TINYINT" property="isTransferFlag"/>
        <result column="payee_account_type" jdbcType="TINYINT" property="payeeAccountType"/>
        <result column="payee_account_uuid" jdbcType="CHAR" property="payeeAccountUuid"/>
        <result column="rate_formula_param" jdbcType="SMALLINT" property="rateFormulaParam"/>
        <result column="annual_interest_rate" jdbcType="DECIMAL" property="annualInterestRate"/>
        <result column="annual_interest_show" jdbcType="DECIMAL" property="annualInterestShow"/>
        <result column="increase_interest_rate" jdbcType="DECIMAL" property="increaseInterestRate"/>
        <result column="increase_interest_rate_describe" jdbcType="VARCHAR" property="increaseInterestRateDescribe"/>
        <result column="product_min_investment" jdbcType="DECIMAL" property="productMinInvestment"/>
        <result column="investment_interval" jdbcType="DECIMAL" property="investmentInterval"/>
        <result column="product_max_investment" jdbcType="DECIMAL" property="productMaxInvestment"/>
        <result column="product_publish_date" jdbcType="DATE" property="productPublishDate"
                javaType="java.lang.String"/>
        <result column="product_interest_date" jdbcType="DATE" property="productInterestDate"
                javaType="java.lang.String"/>
        <result column="product_expiring_date" jdbcType="DATE" property="productExpiringDate"
                javaType="java.lang.String"/>
        <result column="product_payment_date" jdbcType="DATE" property="productPaymentDate"
                javaType="java.lang.String"/>
        <result column="raise_start_date" jdbcType="DATE" property="raiseStartDate" javaType="java.lang.String"/>
        <result column="raise_end_date" jdbcType="DATE" property="raiseEndDate" javaType="java.lang.String"/>
        <result column="payment_date" jdbcType="DATE" property="paymentDate" javaType="java.lang.String"/>
        <result column="repayment_date" jdbcType="DATE" property="repaymentDate" javaType="java.lang.String"/>
        <result column="product_interest_type" jdbcType="VARCHAR" property="productInterestType"/>
        <result column="product_introduction" jdbcType="VARCHAR" property="productIntroduction"/>
        <result column="product_information" jdbcType="CHAR" property="productInformation"
                typeHandler="cn.zjhf.kingold.product.util.JsonTypeHandler"/>
        <result column="platform_commission" jdbcType="DECIMAL" property="platformCommission"/>
        <result column="management_fee" jdbcType="DECIMAL" property="managementFee"/>
        <result column="product_project_code" jdbcType="VARCHAR" property="productProjectCode"/>
        <result column="product_label" jdbcType="VARCHAR" property="productLabel"/>
        <result column="product_establishment_date" jdbcType="DATE" property="productEstablishmentDate"/>
        <result column="product_risk_rating" jdbcType="TINYINT" property="productRiskRating"/>
        <result column="coupon_interest_rate" jdbcType="DECIMAL" property="couponInterestRate"/>
    </resultMap>

    <resultMap id="productSortMap" type="cn.zjhf.kingold.product.entity.ProductSortModel">
        <result column="product_uuid" jdbcType="CHAR" property="productUuid"/>
        <result column="vip_flag" jdbcType="INTEGER" property="vipFlag"/>
        <result column="product_status" jdbcType="TINYINT" property="productStatus"/>
        <result column="product_show_order" jdbcType="INTEGER" property="productShowOrder"/>
        <result column="product_period" jdbcType="INTEGER" property="productPeriod"/>
        <result column="product_period_type" jdbcType="VARCHAR" property="productPeriodType"/>
        <result column="create_time" jdbcType="TIMESTAMP" property="createTime" />
        <result column="product_label" jdbcType="VARCHAR" property="productLabel"/>
    </resultMap>

    <sql id="Base_Column_List">
        product_id, product_uuid, product_code, product_type, product_name, product_abbr_name, vip_flag,
    product_issuer_uuid, product_issuer_name, product_issuer_short_name, product_currency,
    product_status, product_on_status, product_show_order, product_period, product_period_type,
    product_scale, product_award, product_attachment, product_open_time, product_close_time,
    delete_flag, create_time, update_time, protocol_code
    </sql>
    <sql id="New_Fixed_Product_Code">
        (select v from (
          select concat('FIXI',(select date_format(now(), '%Y%m%d')),
				if(
						(SELECT	substring(product_code, 5, 8)
							FROM
								product
							WHERE
								product_id = (
									SELECT
										MAX(product_id)
									FROM
										product
									WHERE product_type = 'FIXI'
								)
						) = (select date_format(now(), '%Y%m%d'))
					,
						((SELECT	substring(product_code, 13, 3)
							FROM
								product
							WHERE
								product_id = (
									SELECT
										MAX(product_id)
									FROM
										product
									WHERE product_type = 'FIXI'
								)
						)+1)
					,
				'101')
           ) as v) as xb ),
    </sql>
    <sql id="New_Private_Product_Code">
        (select v from (
            select concat('PRIF',(select date_format(now(), '%Y%m%d')),
                if(
                (SELECT	substring(product_code, 5, 8)
                  FROM
                    product
                  WHERE
                    product_id = (
                     SELECT
                       MAX(product_id)
                      FROM
                        product
                      WHERE product_type = 'PRIF'
                      )
                    ) = (select date_format(now(), '%Y%m%d'))
                ,
                ((SELECT	substring(product_code, 13, 3)
                    FROM
                        product
                    WHERE
                        product_id = (
                          SELECT
                            MAX(product_id)
                           FROM
                            product
                           WHERE product_type = 'PRIF'
                    )
                )+1)
                ,
                '101')
        ) as v) as xb ),
    </sql>
    <select id="get" parameterType="java.lang.String" resultMap="productMap">
        select
        <include refid="Base_Column_List"/>
        from product
        where product_uuid = #{productUuid}
    </select>

    <select id="getProductProgress" parameterType="java.lang.String" resultMap="progressMap">
        select
        a.product_uuid ,a.product_name, a.product_type,a.product_on_status, a.product_status, b.product_manual
        from product a, product_progress b
        where a.product_uuid = #{productUuid}
        and a.product_uuid = b.product_uuid
    </select>

    <insert id="insert" parameterType="java.util.HashMap" useGeneratedKeys="true" keyProperty="productID"
            keyColumn="product_id">
        insert into product
        <trim prefix="(" suffix=")" suffixOverrides=",">
            <if test="productUuid != null">
                product_uuid,
            </if>
                product_code,
            <if test="productType != null">
                product_type,
            </if>
            <if test="productName != null">
                product_name,
            </if>
            <if test="productAbbrName != null">
                product_abbr_name,
            </if>
            <if test="vipFlag != null">
                vip_flag,
            </if>
            <if test="productIssuerUuid != null">
                product_issuer_uuid,
            </if>
            <if test="productIssuerName != null">
                product_issuer_name,
            </if>
            <if test="productIssuerShortName != null">
                product_issuer_short_name,
            </if>
            <if test="productCurrency != null">
                product_currency,
            </if>
            <if test="productStatus != null">
                product_status,
            </if>
            <if test="productOnStatus != null">
                product_on_status,
            </if>
            <if test="productShowOrder != null">
                product_show_order,
            </if>
            <if test="productPeriod != null">
                product_period,
            </if>
            <if test="productPeriodType != null">
                product_period_type,
            </if>
            <if test="productScale != null">
                product_scale,
            </if>
            <if test="productAward != null">
                product_award,
            </if>
            <if test="productAttachment != null">
                product_attachment,
            </if>
            <if test="productOpenTime != null">
                product_open_time,
            </if>
            <if test="productCloseTime != null">
                product_close_time,
            </if>
            <if test="deleteFlag != null">
                delete_flag,
            </if>
            <if test="createTime != null">
                create_time,
            </if>
            <if test="updateTime != null">
                update_time,
            </if>
            <if test="protocolCode != null">
                protocol_code,
            </if>
        </trim>
        <trim prefix="values (" suffix=")" suffixOverrides=",">
            <if test="productUuid != null">
                #{productUuid,jdbcType=CHAR},
            </if>
            <choose>
                <when test="productCode != null">
                    #{productCode,jdbcType=VARCHAR},
                </when>
                <when test="productType == 'FIXI' and productCode == null">
                    <include refid="New_Fixed_Product_Code"/>
                </when>
                <when test="productType == 'PRIF' and productCode == null">
                    <include refid="New_Private_Product_Code"/>
                </when>
            </choose>
            <if test="productType != null">
                #{productType,jdbcType=VARCHAR},
            </if>
            <if test="productName != null">
                #{productName,jdbcType=VARCHAR},
            </if>
            <if test="productAbbrName != null">
                #{productAbbrName,jdbcType=VARCHAR},
            </if>
            <if test="vipFlag != null">
                #{vipFlag,jdbcType=INTEGER},
            </if>
            <if test="productIssuerUuid != null">
                #{productIssuerUuid,jdbcType=CHAR},
            </if>
            <if test="productIssuerName != null">
                #{productIssuerName,jdbcType=VARCHAR},
            </if>
            <if test="productIssuerShortName != null">
                #{productIssuerShortName,jdbcType=VARCHAR},
            </if>
            <if test="productCurrency != null">
                #{productCurrency,jdbcType=VARCHAR},
            </if>
            <if test="productStatus != null">
                #{productStatus,jdbcType=TINYINT},
            </if>
            <if test="productOnStatus != null">
                #{productOnStatus,jdbcType=TINYINT},
            </if>
            <if test="productShowOrder != null">
                #{productShowOrder,jdbcType=INTEGER},
            </if>
            <if test="productPeriod != null">
                #{productPeriod,jdbcType=INTEGER},
            </if>
            <if test="productPeriodType != null">
                #{productPeriodType,jdbcType=VARCHAR},
            </if>
            <if test="productScale != null">
                #{productScale,jdbcType=DECIMAL},
            </if>
            <if test="productAward != null">
                #{productAward,jdbcType=CHAR},
            </if>
            <if test="productAttachment != null">
                #{productAttachment,jdbcType=CHAR},
            </if>
            <if test="productOpenTime != null">
                #{productOpenTime,jdbcType=TIMESTAMP},
            </if>
            <if test="productCloseTime != null">
                #{productCloseTime,jdbcType=TIMESTAMP},
            </if>
            <if test="deleteFlag != null">
                #{deleteFlag,jdbcType=TINYINT},
            </if>
            <if test="createTime != null">
                #{createTime,jdbcType=TIMESTAMP},
            </if>
            <if test="updateTime != null">
                #{updateTime,jdbcType=TIMESTAMP},
            </if>
            <if test="protocolCode != null">
                #{protocolCode,jdbcType=VARCHAR},
            </if>
        </trim>
    </insert>

    <update id="update" parameterType="java.util.HashMap">
        update product
        <set>
            <if test="productUuid != null">
                product_uuid = #{productUuid,jdbcType=CHAR},
            </if>
            <if test="productCode != null">
                product_code = #{productCode,jdbcType=VARCHAR},
            </if>
            <if test="productType != null">
                product_type = #{productType,jdbcType=VARCHAR},
            </if>
            <if test="productName != null">
                product_name = #{productName,jdbcType=VARCHAR},
            </if>
            <if test="productAbbrName != null">
                product_abbr_name = #{productAbbrName,jdbcType=VARCHAR},
            </if>
            <if test="vipFlag != null">
                vip_flag = #{vipFlag,jdbcType=INTEGER},
            </if>
            <if test="productIssuerUuid != null">
                product_issuer_uuid = #{productIssuerUuid,jdbcType=CHAR},
            </if>
            <if test="productIssuerName != null">
                product_issuer_name = #{productIssuerName,jdbcType=VARCHAR},
            </if>
            <if test="productIssuerName == null">
                product_issuer_name = NULL,
            </if>
            <if test="productIssuerShortName != null">
                product_issuer_short_name = #{productIssuerShortName,jdbcType=VARCHAR},
            </if>
            <if test="productCurrency != null">
                product_currency = #{productCurrency,jdbcType=VARCHAR},
            </if>
            <if test="productStatus != null">
                product_status = #{productStatus,jdbcType=TINYINT},
            </if>
            <if test="productOnStatus != null">
                product_on_status = #{productOnStatus,jdbcType=TINYINT},
            </if>
            <if test="productShowOrder != null">
                product_show_order = #{productShowOrder,jdbcType=INTEGER},
            </if>
            <if test="productPeriod != null">
                product_period = #{productPeriod,jdbcType=INTEGER},
            </if>
            <if test="productPeriodType != null">
                product_period_type = #{productPeriodType,jdbcType=VARCHAR},
            </if>
            <if test="productScale != null">
                product_scale = #{productScale,jdbcType=DECIMAL},
            </if>
            product_award = #{productAward,jdbcType=CHAR},
            <if test="productAttachment != null">
                product_attachment = #{productAttachment,jdbcType=CHAR},
            </if>
            <if test="productAttachment == null">
                product_attachment = NULL,
            </if>
            <if test="productOpenTime != null">
                product_open_time = #{productOpenTime,jdbcType=TIMESTAMP},
            </if>
            <if test="productCloseTime != null">
                product_close_time = #{productCloseTime,jdbcType=TIMESTAMP},
            </if>
            <if test="deleteFlag != null">
                delete_flag = #{deleteFlag,jdbcType=TINYINT},
            </if>
            update_time = now(),
            <if test="protocolCode != null">
                protocol_code = #{protocolCode,jdbcType=VARCHAR},
            </if>
            <if test="protocolCode == null">
                protocol_code = NULL,
            </if>
        </set>
        where product_uuid = #{productUuid}
    </update>

    <update id="updateStatus" parameterType="java.util.HashMap">
        update product
        <set>
            <if test="productUuid != null">
                product_uuid = #{productUuid,jdbcType=CHAR},
            </if>
            <if test="productCode != null">
                product_code = #{productCode,jdbcType=VARCHAR},
            </if>
            <if test="productType != null">
                product_type = #{productType,jdbcType=VARCHAR},
            </if>
            <if test="productName != null">
                product_name = #{productName,jdbcType=VARCHAR},
            </if>
            <if test="productAbbrName != null">
                product_abbr_name = #{productAbbrName,jdbcType=VARCHAR},
            </if>
            <if test="vipFlag != null">
                vip_flag = #{vipFlag,jdbcType=INTEGER},
            </if>
            <if test="productIssuerUuid != null">
                product_issuer_uuid = #{productIssuerUuid,jdbcType=CHAR},
            </if>
            <if test="productIssuerName != null">
                product_issuer_name = #{productIssuerName,jdbcType=VARCHAR},
            </if>
            <if test="productIssuerShortName != null">
                product_issuer_short_name = #{productIssuerShortName,jdbcType=VARCHAR},
            </if>
            <if test="productCurrency != null">
                product_currency = #{productCurrency,jdbcType=VARCHAR},
            </if>
            <if test="productStatus != null">
                product_status = #{productStatus,jdbcType=TINYINT},
            </if>
            <if test="productOnStatus != null">
                product_on_status = #{productOnStatus,jdbcType=TINYINT},
            </if>
            <if test="productShowOrder != null">
                product_show_order = #{productShowOrder,jdbcType=INTEGER},
            </if>
            <if test="productPeriod != null">
                product_period = #{productPeriod,jdbcType=INTEGER},
            </if>
            <if test="productPeriodType != null">
                product_period_type = #{productPeriodType,jdbcType=VARCHAR},
            </if>
            <if test="productScale != null">
                product_scale = #{productScale,jdbcType=DECIMAL},
            </if>
            <if test="productAward != null">
                product_award = #{productAward,jdbcType=CHAR},
            </if>
            <if test="productAttachment != null">
                product_attachment = #{productAttachment,jdbcType=CHAR},
            </if>
            <if test="productOpenTime != null">
                product_open_time = #{productOpenTime,jdbcType=TIMESTAMP},
            </if>
            <if test="productCloseTime != null">
                product_close_time = #{productCloseTime,jdbcType=TIMESTAMP},
            </if>
            <if test="deleteFlag != null">
                delete_flag = #{deleteFlag,jdbcType=TINYINT},
            </if>
            update_time = now(),
            <if test="protocolCode != null">
                protocol_code = #{protocolCode,jdbcType=VARCHAR},
            </if>
        </set>
        where product_uuid = #{productUuid}
    </update>

    <update id="topUpdate" parameterType="java.util.HashMap">
        update product
        <set>
              product_show_order = (select top from (select max(product_show_order)+1 as top from product) c),
        </set>
        where product_uuid = #{productUuid}
    </update>

    <select id="getList" resultMap="productMap">
        SELECT
        p.*
        FROM
        product p, product_channel_relational pcr
        WHERE
        p.product_uuid=pcr.product_uuid
        <if test="productUuid != null">
            and p.product_uuid = #{productUuid}
        </if>
        <if test="productType != null">
            and p.product_type = #{productType}
        </if>
        <if test="productName != null">
            and p.product_name like CONCAT('%',#{productName},'%')
        </if>
        <if test="productCode != null">
            and p.product_code like CONCAT('%',#{productCode},'%')
        </if>
        <if test="productStatus != null">
            and p.product_status = #{productStatus}
        </if>
        <if test="vipFlag != null">
            and p.vip_flag = #{vipFlag}
        </if>
        <if test="productOnStatus != null">
            and p.product_on_status = #{productOnStatus}
        </if>
        <if test="productOpenTimeFrom != null">
            and p.product_open_time &gt; #{productOpenTimeFrom}
        </if>
        <if test="productOpenTimeTo != null">
            and p.product_open_time &lt; #{productOpenTimeTo}
        </if>
        <if test="interExterChannel != null">
            and pcr.inter_exter_channel = #{interExterChannel}
            and p.product_uuid = pcr.product_uuid
        </if>
            and p.delete_flag = 0
        <if test="noProductUuidList != null">
            and p.product_uuid not in
            <foreach collection="noProductUuidList"  item="productUuid" separator="," open="(" close=")">
                #{productUuid}
            </foreach>
        </if>
        <if test="productTypeList != null">
            and p.product_type in
            <foreach collection="productTypeList"  item="productType" separator="," open="(" close=")">
                #{productType}
            </foreach>
        </if>
        <if test="productStatusList != null">
            and p.product_status in
            <foreach collection="productStatusList"  item="productStatus" separator="," open="(" close=")">
                #{productStatus}
            </foreach>
        </if>
        <choose>
            <when test="orderBy != null">
                order by ${orderBy}
            </when>
            <otherwise>
                order by p.product_status asc, p.product_show_order desc, p.product_open_time desc
            </otherwise>
        </choose>
        <if test="pageSize != null and startRow != null">limit ${pageSize} offset ${startRow}</if>
    </select>

    <select id="getCount" resultType="java.lang.Integer">
        SELECT
        count(1)
        FROM
        product
        WHERE
        1=1
        <if test="productUuid != null">
            and product_uuid = #{productUuid}
        </if>
        <if test="productType != null">
            and product_type = #{productType}
        </if>
        <if test="productName != null">
            and product_name like CONCAT('%',#{productName},'%')
        </if>
        <if test="productCode != null">
            and product_code like CONCAT('%',#{productCode},'%')
        </if>
        <if test="vipFlag != null">
            and vip_flag = #{vipFlag}
        </if>
        <if test="productStatus != null">
            and product_status = #{productStatus}
        </if>
        <if test="productOnStatus != null">
            and product_on_status = #{productOnStatus}
        </if>
        <if test="productOpenTimeFrom != null">
            and product_open_time &gt; #{productOpenTimeFrom}
        </if>
        <if test="productOpenTimeTo != null">
            and product_open_time &lt; #{productOpenTimeTo}
        </if>
            and delete_flag = 0
        <if test="noProductUuidList != null">
            and product_uuid not in
            <foreach collection="noProductUuidList"  item="productUuid" separator="," open="(" close=")">
                #{productUuid}
            </foreach>
        </if>
        <if test="productTypeList != null">
            and product_type in
            <foreach collection="productTypeList"  item="productType" separator="," open="(" close=")">
                #{productType}
            </foreach>
        </if>
        <if test="productStatusList != null">
            and product_status in
            <foreach collection="productStatusList"  item="productStatus" separator="," open="(" close=")">
                #{productStatus}
            </foreach>
        </if>
    </select>


    <select id="getPrivateFund" resultMap="privateFundMap">
        SELECT
         *
        FROM
          product t,
          product_private_fund t1,
          product_progress t2
        WHERE
          t.product_uuid = t1.product_uuid
        AND t.product_uuid = t2.product_uuid
        AND t.product_uuid=#{productUuid}
    </select>

    <select id="getFixedIncome" resultMap="fixedIncomeMap">
        SELECT
          *
        FROM
          product t,
          product_fixed_income t1,
          product_progress t2
        WHERE
          t.product_uuid = t1.product_uuid
        AND t.product_uuid = t2.product_uuid
        AND t.product_uuid=#{productUuid}
    </select>

    <select id="getNoviceLabelProduct" resultMap="fixedIncomeMap">
        SELECT
        *
        FROM
        product t,
        product_fixed_income t1,
        product_progress t2
        WHERE
        t.product_uuid = t1.product_uuid
        AND t.product_uuid = t2.product_uuid
        AND t1.product_label LIKE '%1%' ORDER BY t.product_open_time DESC LIMIT 0,1
    </select>

    <select id="getFixedIncomeChannel" resultMap="fixedIncomeMap">
        SELECT
        *
        FROM
        product t,
        product_fixed_income t1,
        product_progress t2,
        <if test="merchantNum != null">
            product_channel_relational t3
        </if>
        WHERE
        t.product_uuid = t1.product_uuid
        AND t.product_uuid = t2.product_uuid
        AND t.product_uuid=#{productUuid}
        <if test="merchantNum != null">
            AND t.product_uuid = t3.product_uuid
            and t3.merchant_num = #{merchantNum}
        </if>
    </select>


    <select id="getPrivateFundList" resultMap="privateFundMap">
        SELECT
        *
        FROM
        product t,
        product_private_fund t1,
        <if test="merchantNum != null">
            product_channel_relational t3,
        </if>
        product_progress t2

        WHERE
        t.product_uuid = t1.product_uuid
        AND t.product_uuid = t2.product_uuid
        <if test="merchantNum != null">
            AND t.product_uuid = t3.product_uuid
            and t3.merchant_num = #{merchantNum}
        </if>
        <if test="productUuid != null">
            and t.product_uuid = #{productUuid}
        </if>
        <if test="productType != null">
            and t.product_type = #{productType}
        </if>
        <if test="productName != null">
            and t.product_name like CONCAT('%',#{productName},'%')
        </if>
        <if test="productCode != null">
            and t.product_code = #{productCode}
        </if>
        <if test="productStatus != null">
            and t.product_status = #{productStatus}
        </if>
        <if test="productOnStatus != null">
            and t.product_on_status = #{productOnStatus}
        </if>
        <if test="productOpenTimeFrom != null">
            and t.product_open_time &gt; #{productOpenTimeFrom}
        </if>
        <if test="productOpenTimeTo != null">
            and t.product_open_time &lt; #{productOpenTimeTo}
        </if>
        <if test="productCreateTimeFrom != null">
            and t.create_time &gt;= #{productCreateTimeFrom}
        </if>
        <if test="productCreateTimeTo != null">
            and t.create_time &lt;= #{productCreateTimeTo}
        </if>
        <if test="productStatusList != null">
            and t.product_status in
            <foreach collection="productStatusList"  item="productStatus" separator="," open="(" close=")">
                ${productStatus}
            </foreach>
        </if>
            and t.delete_flag = 0

        <choose>
            <when test="orderBy != null">
                order by ${orderBy}
            </when>
            <otherwise>
                order by t.product_status asc, t.product_show_order desc, t.product_open_time desc
            </otherwise>
        </choose>
        <if test="pageSize != null and startRow != null">limit ${pageSize} offset ${startRow}</if>
    </select>

    <select id="getPrivateFundCount" resultType="java.lang.Integer">
        SELECT
        count(1)
        FROM
        product t,
        product_private_fund t1,
        <if test="merchantNum != null">
            product_channel_relational t3,
        </if>
        product_progress t2

        WHERE
        t.product_uuid = t1.product_uuid
        AND t.product_uuid = t2.product_uuid
        <if test="merchantNum != null">
            AND t.product_uuid = t3.product_uuid
            and t3.merchant_num = #{merchantNum}
        </if>
        <if test="productUuid != null">
            and t.product_uuid = #{productUuid}
        </if>
        <if test="productType != null">
            and t.product_type = #{productType}
        </if>
        <if test="productName != null">
            and t.product_name like CONCAT('%',#{productName},'%')
        </if>
        <if test="productCode != null">
            and t.product_code like CONCAT('%',#{productCode},'%')
        </if>
        <if test="productStatus != null">
            and t.product_status = #{productStatus}
        </if>
        <if test="productOnStatus != null">
            and t.product_on_status = #{productOnStatus}
        </if>
        <if test="productOpenTimeFrom != null">
            and t.product_open_time &gt; #{productOpenTimeFrom}
        </if>
        <if test="productOpenTimeTo != null">
            and t.product_open_time &lt; #{productOpenTimeTo}
        </if>
        <if test="productCreateTimeFrom != null">
            and t.create_time &gt;= #{productCreateTimeFrom}
        </if>
        <if test="productCreateTimeTo != null">
            and t.create_time &lt;= #{productCreateTimeTo}
        </if>
        <if test="productStatusList != null">
            and t.product_status in
            <foreach collection="productStatusList"  item="productStatus" separator="," open="(" close=")">
                ${productStatus}
            </foreach>
        </if>
            and t.delete_flag = 0
    </select>

    <select id="getFixedIncomeList" resultMap="fixedIncomeMap">
        SELECT
        *
        FROM
        product t,
        product_fixed_income t1,
        <if test="merchantNum != null">
            product_channel_relational t3,
        </if>
        product_progress t2

        WHERE
        t.product_uuid = t1.product_uuid
        AND t.product_uuid = t2.product_uuid
        <if test="merchantNum != null">
            AND t.product_uuid = t3.product_uuid
            and t3.merchant_num = #{merchantNum}
        </if>
        <if test="productUuid != null">
            and t.product_uuid = #{productUuid}
        </if>
        <if test="productUuids != null">
            and
            t.product_uuid in
            <foreach collection="productUuids"  item="productUuid" separator="," open="(" close=")">
                #{productUuid,jdbcType=VARCHAR}
            </foreach>
        </if>
        <if test="productType != null">
            and t.product_type = #{productType}
        </if>
        <if test="vipFlag != null">
            and t.vip_flag = #{vipFlag}
        </if>
        <if test="passNoviceProduct != null">
            and ((t1.product_label IS NULL) or (t1.product_label NOT LIKE '%1%'))
        </if>
        <if test="productName != null">
            and t.product_name like CONCAT('%',#{productName},'%')
        </if>
        <if test="productAbbrName != null">
            and t.product_abbr_name like CONCAT('%',#{productAbbrName},'%')
        </if>
        <if test="productPeriod != null">
            and t.product_period > #{productPeriod}
        </if>
        <if test="productCode != null">
            and t.product_code like CONCAT('%',#{productCode},'%')
        </if>
        <if test="productStatus != null">
            and t.product_status = #{productStatus}
        </if>
        <if test="operateFlag == null">
            and t.product_status not in (0,21)
        </if>
        <if test="productOnStatus != null">
            and t.product_on_status = #{productOnStatus}
        </if>
        <if test="productOpenTimeFrom != null">
            and t1.create_time &gt; #{productOpenTimeFrom}
        </if>
        <if test="productOpenTimeTo != null">
            and t1.create_time &lt; #{productOpenTimeTo}
        </if>
        <if test="productInterestDate != null">
            and t1.product_interest_date &lt;= #{productInterestDate}
        </if>

        <if test="increaseInterestRateDescribe != null">
            and t1.increase_interest_rate_describe = #{increaseInterestRateDescribe}
        </if>
        <if test="productPeriodList != null">
            and t.product_period in
            <foreach collection="productPeriodList"  item="productPeriod" separator="," open="(" close=")">
                ${productPeriod}
            </foreach>
        </if>

        <if test="productStatusList != null">
            and t.product_status in
            <foreach collection="productStatusList"  item="productStatus" separator="," open="(" close=")">
                ${productStatus}
            </foreach>
        </if>
            and t.delete_flag = 0

        <choose>
            <when test="orderBy != null">
                order by ${orderBy}
            </when>
            <otherwise>
                order by t.product_status asc, t.product_show_order desc, t.product_open_time desc
            </otherwise>
        </choose>
        <if test="pageSize != null and startRow != null">limit ${pageSize} offset ${startRow}</if>
    </select>

    <select id="getFixedIncomeCount" resultType="java.lang.Integer">
        SELECT
        count(1)
        FROM
        product t,
        product_fixed_income t1,
        <if test="merchantNum != null">
            product_channel_relational t3,
        </if>
        product_progress t2

        WHERE
        t.product_uuid = t1.product_uuid
        AND t.product_uuid = t2.product_uuid
        <if test="merchantNum != null">
            AND t.product_uuid = t3.product_uuid
            and t3.merchant_num = #{merchantNum}
        </if>
        <if test="productUuid != null">
            and t.product_uuid = #{productUuid}
        </if>
        <if test="passNoviceProduct != null">
            and ((t1.product_label IS NULL) or (t1.product_label NOT LIKE '%1%'))
        </if>
        <if test="productType != null">
            and t.product_type = #{productType}
        </if>
        <if test="vipFlag != null">
            and t.vip_flag = #{vipFlag}
        </if>
        <if test="productName != null">
            and t.product_name like CONCAT('%',#{productName},'%')
        </if>
        <if test="productAbbrName != null">
            and t.product_abbr_name like CONCAT('%',#{productAbbrName},'%')
        </if>
        <if test="productCode != null">
            and t.product_code like CONCAT('%',#{productCode},'%')
        </if>
        <if test="productStatus != null">
            and t.product_status = #{productStatus}
        </if>
        <if test="operateFlag == null">
            and t.product_status not in (0,21)
        </if>
        <if test="productPeriod != null">
            and t.product_period > #{productPeriod}
        </if>
        <if test="productOnStatus != null">
            and t.product_on_status = #{productOnStatus}
        </if>
        <if test="productOpenTimeFrom != null">
            and t1.create_time > #{productOpenTimeFrom}
        </if>
        <if test="productOpenTimeTo != null">
            and t1.create_time &lt; #{productOpenTimeTo}
        </if>

        <if test="increaseInterestRateDescribe != null">
            and t1.increase_interest_rate_describe = #{increaseInterestRateDescribe}
        </if>
        <if test="productPeriodList != null">
            and t.product_period in
            <foreach collection="productPeriodList"  item="productPeriod" separator="," open="(" close=")">
                ${productPeriod}
            </foreach>
        </if>

        <if test="productStatusList != null">
            and t.product_status in
            <foreach collection="productStatusList"  item="productStatus" separator="," open="(" close=")">
                ${productStatus}
            </foreach>
        </if>
            and t.delete_flag = 0
    </select>

    <select id="getApiOnlineFixedProduct" resultMap="productSortMap">
        SELECT
        t.product_uuid,vip_flag,product_status,product_show_order,product_period,product_period_type,
        product_open_time,t.create_time,product_label
        FROM
        product t,
        <if test="merchantNum != null">
            product_channel_relational t3,
        </if>
        product_fixed_income t1

        WHERE
        t.product_uuid = t1.product_uuid
        and t.product_type = 'FIXI'
        and t.product_on_status = 2
        <if test="merchantNum != null">
            AND t.product_uuid = t3.product_uuid
            and t3.merchant_num = #{merchantNum}
        </if>
        and t.product_status in (1,2)
        and t.delete_flag = 0
        <if test="merchantNum != null">
            and t3.delete_flag = 0
        </if>
    </select>

    <select id="getApiOfflineFixedProduct" resultMap="fixedIncomeMap">
        SELECT
        *
        FROM
        product t,
        <if test="merchantNum != null">
            product_channel_relational t3,
        </if>
        product_progress t2,
        product_fixed_income t1

        WHERE
        t.product_uuid = t1.product_uuid
        AND t.product_uuid = t2.product_uuid
        and t.product_type = 'FIXI'
        <if test="merchantNum != null">
            AND t.product_uuid = t3.product_uuid
            and t3.merchant_num = #{merchantNum}
        </if>
        and t.product_status > 2
        and t.product_status != 21
        and t.product_on_status =2
        and t.delete_flag = 0
        <if test="merchantNum != null">
            and t3.delete_flag = 0
        </if>
        order by product_status asc , product_open_time desc
        limit ${pageSize} offset ${startRow}
    </select>

    <select id="getApiOfflineFixedProductCount" resultType="java.lang.Integer">
        SELECT
        count(*)
        FROM
        product t,
        <if test="merchantNum != null">
            product_channel_relational t3,
        </if>
        product_fixed_income t1

        WHERE
        t.product_uuid = t1.product_uuid
        and t.product_type = 'FIXI'
        <if test="merchantNum != null">
            AND t.product_uuid = t3.product_uuid
            and t3.merchant_num = #{merchantNum}
        </if>
        <if test="merchantNum != null">
            and t3.delete_flag = 0
        </if>
        and t.product_status > 2
        and t.product_status != 21
        and t.product_on_status =2
        and t.delete_flag = 0
    </select>

    <select id="getProductByProductUuids" resultMap="fixedIncomeMap">
        SELECT
        *
        FROM
        product t,
        product_fixed_income t1,
        product_progress t2

        WHERE
        t.product_uuid = t1.product_uuid
        AND t.product_uuid = t2.product_uuid
        and
        t.product_uuid in
        <foreach collection="productUuids"  item="productUuid" separator="," open="(" close=")">
            #{productUuid,jdbcType=VARCHAR}
        </foreach>
    </select>

    <select id="getRewardList" resultMap="productMap">
        SELECT
         product_uuid,product_abbr_name, product_award,product_type
        FROM
        product
        WHERE
         product_award is not NULL
        <if test="productType != null">
            and product_type = #{productType}
        </if>
        <if test="productOnStatus != null">
            and product_on_status = #{productOnStatus}
        </if>
            and delete_flag = 0

        <choose>
            <when test="orderBy != null">
                order by ${orderBy}
            </when>
            <otherwise>
                order by product_open_time desc
            </otherwise>
        </choose>
        <if test="pageSize != null and startRow != null">limit ${pageSize} offset ${startRow}</if>
    </select>


    <select id="getRewardCount" resultType="java.lang.Integer">
        SELECT
        count(1)
        FROM
        product
        WHERE
        product_award is not NULL
        <if test="productType != null">
            and product_type = #{productType}
        </if>
        <if test="productOnStatus != null">
            and product_on_status = #{productOnStatus}
        </if>
            and delete_flag = 0
    </select>


    <select id="getFixedProducts" resultMap="fixedIncomeMap">
        SELECT
        *
        FROM
        product t,
        product_fixed_income t1,
        product_progress t2
        WHERE
        t.product_uuid = t1.product_uuid
        AND t.product_uuid = t2.product_uuid
        AND t.delete_flag = 0
        <if test="productType != null">
            AND t.product_type = #{productType}
        </if>
        <if test="productStatus != null">
            and t.product_status = #{productStatus}
        </if>
        <if test="vipFlag != null">
            and t.vip_flag = #{vipFlag}
        </if>
        <if test="productPeriods != null">
            and
            <foreach collection="productPeriods"  item="productPeriod" separator="or" open="(" close=")">
                t.product_period BETWEEN #{productPeriod.first} and #{productPeriod.second}
            </foreach>
        </if>
    </select>

    <select id="channelNonExistProductList" resultMap="productMap">
        SELECT
        <include refid="Base_Column_List"/>
        FROM
        product
        WHERE
        1=1
        <if test="channelUuid != null">
            and product_uuid not in (select product_uuid from product_channel_relational where channel_uuid = #{channelUuid})
        </if>
        and delete_flag = 0
        <if test="productTypeList != null">
            and product_type in
            <foreach collection="productTypeList"  item="productType" separator="," open="(" close=")">
                #{productType}
            </foreach>
        </if>
        <if test="productStatusList != null">
            and product_status in
            <foreach collection="productStatusList"  item="productStatus" separator="," open="(" close=")">
                #{productStatus}
            </foreach>
        </if>
        <choose>
            <when test="orderBy != null">
                order by ${orderBy}
            </when>
            <otherwise>
                order by product_status asc, product_show_order desc, product_open_time desc
            </otherwise>
        </choose>
        <if test="pageSize != null and startRow != null">limit ${pageSize} offset ${startRow}</if>
    </select>

    <select id="channelNonExistProductCount" resultType="java.lang.Integer">
        SELECT
        count(*)
        FROM
        product
        WHERE
        1=1
        <if test="channelUuid != null">
            and product_uuid not in (select product_uuid from product_channel_relational where channel_uuid = #{channelUuid})
        </if>
        and delete_flag = 0
        <if test="productTypeList != null">
            and product_type in
            <foreach collection="productTypeList"  item="productType" separator="," open="(" close=")">
                #{productType}
            </foreach>
        </if>
        <if test="productStatusList != null">
            and product_status in
            <foreach collection="productStatusList"  item="productStatus" separator="," open="(" close=")">
                #{productStatus}
            </foreach>
        </if>
    </select>
</mapper>