<?xml version="1.0" encoding="UTF-8"?>
<!DOCTYPE mapper PUBLIC "-//mybatis.org//DTD Mapper 3.0//EN" "http://mybatis.org/dtd/mybatis-3-mapper.dtd">
<mapper namespace="cn.zjhf.kingold.product.persistence.dao.ProductChangeLogMapper">
  <resultMap id="BaseResultMap" type="java.util.HashMap">
    <id column="product_change_log_id" jdbcType="BIGINT" property="productChangeLogID" />
    <result column="product_uuid" jdbcType="VARCHAR" property="productUuid" />
    <result column="product_name" jdbcType="VARCHAR" property="productName" />
    <result column="product_type" jdbcType="VARCHAR" property="productType" />
    <result column="product_change_type" jdbcType="TINYINT" property="productChangeType" />
    <result column="product_change_content" jdbcType="VARCHAR" property="productChangeContent" />
    <result column="create_time" jdbcType="TIMESTAMP" property="createTime" />
    <result column="create_by" jdbcType="VARCHAR" property="createBy" />
  </resultMap>

  <sql id="Base_Column_List">
    product_change_log_id, product_uuid, product_name, product_type, product_change_type, 
    product_change_content, create_time, create_by
  </sql>

  <insert id="insert" parameterType="java.util.HashMap" useGeneratedKeys="true" keyProperty="productChangeLogID"
          keyColumn="product_change_log_id">
    insert into product_change_log
    <trim prefix="(" suffix=")" suffixOverrides=",">
      <if test="productUuid != null">
        product_uuid,
      </if>
      <if test="productName != null">
        product_name,
      </if>
      <if test="productType != null">
        product_type,
      </if>
      <if test="productChangeType != null">
        product_change_type,
      </if>
      <if test="productChangeContent != null">
        product_change_content,
      </if>
      <if test="createTime != null">
        create_time,
      </if>
      <if test="createBy != null">
        create_by,
      </if>
    </trim>
    <trim prefix="values (" suffix=")" suffixOverrides=",">
      <if test="productUuid != null">
        #{productUuid,jdbcType=VARCHAR},
      </if>
      <if test="productName != null">
        #{productName,jdbcType=VARCHAR},
      </if>
      <if test="productType != null">
        #{productType,jdbcType=VARCHAR},
      </if>
      <if test="productChangeType != null">
        #{productChangeType,jdbcType=TINYINT},
      </if>
      <if test="productChangeContent != null">
        #{productChangeContent,jdbcType=VARCHAR},
      </if>
      <if test="createTime != null">
        #{createTime,jdbcType=TIMESTAMP},
      </if>
      <if test="createBy != null">
        #{createBy,jdbcType=VARCHAR},
      </if>
    </trim>
  </insert>


  <select id="getList" resultMap="BaseResultMap">
    SELECT
    <include refid="Base_Column_List"/>
    FROM
    product_change_log
    WHERE
    1=1
    <if test="productUuid != null">
      and product_uuid = #{productUuid}
    </if>
    <if test="productType != null">
      and product_type = #{productType}
    </if>
    <if test="productName != null">
      and product_name like CONCAT('%',#{productName},'%')
    </if>
    <if test="productChangeType != null">
      and product_change_type =#{productChangeType}
    </if>
    <if test="createBy != null">
      and create_by like CONCAT('%',#{createBy},'%')
    </if>
    <if test="createTimeBegin != null">
      and create_time >= #{createTimeBegin}
    </if>
    <if test="createTimeEnd != null">
      and create_time &lt;= #{createTimeEnd}
    </if>
    <choose>
      <when test="orderBy != null">
        order by ${orderBy}
      </when>
      <otherwise>
        order by create_time desc
      </otherwise>
    </choose>
    <if test="pageSize != null and startRow != null">limit ${pageSize} offset ${startRow}</if>
  </select>

  <select id="getCount" resultType="java.lang.Integer">
    SELECT
    count(1)
    FROM
    product_change_log
    WHERE
    1=1
    <if test="productUuid != null">
      and product_uuid = #{productUuid}
    </if>
    <if test="productType != null">
      and product_type = #{productType}
    </if>
    <if test="productName != null">
      and product_name like CONCAT('%',#{productName},'%')
    </if>
    <if test="productChangeType != null">
      and product_change_type =#{productChangeType}
    </if>
    <if test="createBy != null">
      and create_by like CONCAT('%',#{createBy},'%')
    </if>
    <if test="createTimeBegin != null">
      and create_time >= #{createTimeBegin}
    </if>
    <if test="createTimeEnd != null">
      and create_time &lt;= #{createTimeEnd}
    </if>
  </select>

</mapper>