<?xml version="1.0" encoding="UTF-8"?>
<!DOCTYPE mapper PUBLIC "-//mybatis.org//DTD Mapper 3.0//EN" "http://mybatis.org/dtd/mybatis-3-mapper.dtd">
<mapper namespace="cn.zjhf.kingold.product.persistence.dao.ProductChannelRelationalMapper">
  <resultMap id="BaseResultMap" type="cn.zjhf.kingold.product.entity.ProductChannelRelational">
    <id column="channel_uuid" jdbcType="VARCHAR" property="channelUuid" />
    <id column="product_uuid" jdbcType="CHAR" property="productUuid" />
    <result column="merchant_num" jdbcType="VARCHAR" property="merchantNum" />
    <result column="channel_app_name" jdbcType="VARCHAR" property="channelAppName" />
    <result column="inter_exter_channel" jdbcType="CHAR" property="interExterChannel" />
    <result column="product_code" jdbcType="VARCHAR" property="productCode" />
    <result column="product_abbr_name" jdbcType="VARCHAR" property="productAbbrName" />
    <result column="product_type" jdbcType="VARCHAR" property="productType" />
    <result column="channel_charge_rate" jdbcType="DECIMAL" property="channelChargeRate" />
    <result column="signature" jdbcType="VARCHAR" property="signature" />
    <result column="wechat_send_mark" jdbcType="TINYINT" property="wechatSendMark" />
    <result column="delete_flag" jdbcType="TINYINT" property="deleteFlag" />
    <result column="create_time" jdbcType="TIMESTAMP" property="createTime" />
    <result column="update_time" jdbcType="TIMESTAMP" property="updateTime" />
  </resultMap>
  <sql id="Example_Where_Clause">
    <where>
      <foreach collection="oredCriteria" item="criteria" separator="or">
        <if test="criteria.valid">
          <trim prefix="(" prefixOverrides="and" suffix=")">
            <foreach collection="criteria.criteria" item="criterion">
              <choose>
                <when test="criterion.noValue">
                  and ${criterion.condition}
                </when>
                <when test="criterion.singleValue">
                  and ${criterion.condition} #{criterion.value}
                </when>
                <when test="criterion.betweenValue">
                  and ${criterion.condition} #{criterion.value} and #{criterion.secondValue}
                </when>
                <when test="criterion.listValue">
                  and ${criterion.condition}
                  <foreach close=")" collection="criterion.value" item="listItem" open="(" separator=",">
                    #{listItem}
                  </foreach>
                </when>
              </choose>
            </foreach>
          </trim>
        </if>
      </foreach>
    </where>
  </sql>
  <sql id="Update_By_Example_Where_Clause">
    <where>
      <foreach collection="example.oredCriteria" item="criteria" separator="or">
        <if test="criteria.valid">
          <trim prefix="(" prefixOverrides="and" suffix=")">
            <foreach collection="criteria.criteria" item="criterion">
              <choose>
                <when test="criterion.noValue">
                  and ${criterion.condition}
                </when>
                <when test="criterion.singleValue">
                  and ${criterion.condition} #{criterion.value}
                </when>
                <when test="criterion.betweenValue">
                  and ${criterion.condition} #{criterion.value} and #{criterion.secondValue}
                </when>
                <when test="criterion.listValue">
                  and ${criterion.condition}
                  <foreach close=")" collection="criterion.value" item="listItem" open="(" separator=",">
                    #{listItem}
                  </foreach>
                </when>
              </choose>
            </foreach>
          </trim>
        </if>
      </foreach>
    </where>
  </sql>
  <sql id="Base_Column_List">
    channel_uuid, product_uuid, merchant_num, channel_app_name, inter_exter_channel, 
    product_code, product_abbr_name, product_type, channel_charge_rate, signature, delete_flag, 
    create_time, update_time,wechat_send_mark
  </sql>
  <select id="getByProductUuidAndChannel" resultMap="BaseResultMap">
    select
    <include refid="Base_Column_List" />
    from product_channel_relational
    where product_uuid = #{productUuid}
    and merchant_num = #{merchantNum}
  </select>
  <select id="selectByPrimaryKey" parameterType="cn.zjhf.kingold.product.entity.ProductChannelRelationalKey" resultMap="BaseResultMap">
    select 
    <include refid="Base_Column_List" />
    from product_channel_relational
    where channel_uuid = #{channelUuid,jdbcType=VARCHAR}
      and product_uuid = #{productUuid,jdbcType=CHAR}
  </select>
  <delete id="deleteByPrimaryKey" parameterType="cn.zjhf.kingold.product.entity.ProductChannelRelationalKey">
    delete from product_channel_relational
    where channel_uuid = #{channelUuid,jdbcType=VARCHAR}
      and product_uuid = #{productUuid,jdbcType=CHAR}
  </delete>
  <delete id="deleteByExample" parameterType="cn.zjhf.kingold.product.entity.ProductChannelRelationalExample">
    delete from product_channel_relational
    <if test="_parameter != null">
      <include refid="Example_Where_Clause" />
    </if>
  </delete>
  <insert id="insert" parameterType="cn.zjhf.kingold.product.entity.ProductChannelRelational">
    insert into product_channel_relational (channel_uuid, product_uuid, merchant_num, 
      channel_app_name, inter_exter_channel, product_code, 
      product_abbr_name, product_type, channel_charge_rate, 
      signature, delete_flag, create_time, wechat_send_mark,
      update_time)
    values (#{channelUuid,jdbcType=VARCHAR}, #{productUuid,jdbcType=CHAR}, #{merchantNum,jdbcType=VARCHAR}, 
      #{channelAppName,jdbcType=VARCHAR}, #{interExterChannel,jdbcType=CHAR}, #{productCode,jdbcType=VARCHAR}, 
      #{productAbbrName,jdbcType=VARCHAR}, #{productType,jdbcType=VARCHAR}, #{channelChargeRate,jdbcType=DECIMAL}, 
      #{signature,jdbcType=VARCHAR}, #{deleteFlag,jdbcType=TINYINT}, #{createTime,jdbcType=TIMESTAMP}, #{wechatSendMark,jdbcType=TINYINT},
      #{updateTime,jdbcType=TIMESTAMP})
  </insert>
  <insert id="insertSelective" parameterType="cn.zjhf.kingold.product.entity.ProductChannelRelational">
    insert into product_channel_relational
    <trim prefix="(" suffix=")" suffixOverrides=",">
      <if test="channelUuid != null">
        channel_uuid,
      </if>
      <if test="productUuid != null">
        product_uuid,
      </if>
      <if test="merchantNum != null">
        merchant_num,
      </if>
      <if test="channelAppName != null">
        channel_app_name,
      </if>
      <if test="interExterChannel != null">
        inter_exter_channel,
      </if>
      <if test="productCode != null">
        product_code,
      </if>
      <if test="productAbbrName != null">
        product_abbr_name,
      </if>
      <if test="productType != null">
        product_type,
      </if>
      <if test="channelChargeRate != null">
        channel_charge_rate,
      </if>
      <if test="signature != null">
        signature,
      </if>
      <if test="deleteFlag != null">
        delete_flag,
      </if>
      <if test="createTime != null">
        create_time,
      </if>
      <if test="updateTime != null">
        update_time,
      </if>
    </trim>
    <trim prefix="values (" suffix=")" suffixOverrides=",">
      <if test="channelUuid != null">
        #{channelUuid,jdbcType=VARCHAR},
      </if>
      <if test="productUuid != null">
        #{productUuid,jdbcType=CHAR},
      </if>
      <if test="merchantNum != null">
        #{merchantNum,jdbcType=VARCHAR},
      </if>
      <if test="channelAppName != null">
        #{channelAppName,jdbcType=VARCHAR},
      </if>
      <if test="interExterChannel != null">
        #{interExterChannel,jdbcType=CHAR},
      </if>
      <if test="productCode != null">
        #{productCode,jdbcType=VARCHAR},
      </if>
      <if test="productAbbrName != null">
        #{productAbbrName,jdbcType=VARCHAR},
      </if>
      <if test="productType != null">
        #{productType,jdbcType=VARCHAR},
      </if>
      <if test="channelChargeRate != null">
        #{channelChargeRate,jdbcType=DECIMAL},
      </if>
      <if test="signature != null">
        #{signature,jdbcType=VARCHAR},
      </if>
      <if test="deleteFlag != null">
        #{deleteFlag,jdbcType=TINYINT},
      </if>
      <if test="createTime != null">
        #{createTime,jdbcType=TIMESTAMP},
      </if>
      <if test="updateTime != null">
        #{updateTime,jdbcType=TIMESTAMP},
      </if>
    </trim>
  </insert>
  <select id="countByExample" parameterType="cn.zjhf.kingold.product.entity.ProductChannelRelationalExample" resultType="java.lang.Long">
    select count(*) from product_channel_relational
    <if test="_parameter != null">
      <include refid="Example_Where_Clause" />
    </if>
  </select>
  <update id="updateByExampleSelective" parameterType="map">
    update product_channel_relational
    <set>
      <if test="record.channelUuid != null">
        channel_uuid = #{record.channelUuid,jdbcType=VARCHAR},
      </if>
      <if test="record.productUuid != null">
        product_uuid = #{record.productUuid,jdbcType=CHAR},
      </if>
      <if test="record.merchantNum != null">
        merchant_num = #{record.merchantNum,jdbcType=VARCHAR},
      </if>
      <if test="record.channelAppName != null">
        channel_app_name = #{record.channelAppName,jdbcType=VARCHAR},
      </if>
      <if test="record.interExterChannel != null">
        inter_exter_channel = #{record.interExterChannel,jdbcType=CHAR},
      </if>
      <if test="record.productCode != null">
        product_code = #{record.productCode,jdbcType=VARCHAR},
      </if>
      <if test="record.productAbbrName != null">
        product_abbr_name = #{record.productAbbrName,jdbcType=VARCHAR},
      </if>
      <if test="record.productType != null">
        product_type = #{record.productType,jdbcType=VARCHAR},
      </if>
      <if test="record.channelChargeRate != null">
        channel_charge_rate = #{record.channelChargeRate,jdbcType=DECIMAL},
      </if>
      <if test="record.signature != null">
        signature = #{record.signature,jdbcType=VARCHAR},
      </if>
      <if test="record.deleteFlag != null">
        delete_flag = #{record.deleteFlag,jdbcType=TINYINT},
      </if>
      <if test="record.createTime != null">
        create_time = #{record.createTime,jdbcType=TIMESTAMP},
      </if>
      <if test="record.updateTime != null">
        update_time = #{record.updateTime,jdbcType=TIMESTAMP},
      </if>
    </set>
    <if test="_parameter != null">
      <include refid="Update_By_Example_Where_Clause" />
    </if>
  </update>
  <update id="updateByExample" parameterType="map">
    update product_channel_relational
    set channel_uuid = #{record.channelUuid,jdbcType=VARCHAR},
      product_uuid = #{record.productUuid,jdbcType=CHAR},
      merchant_num = #{record.merchantNum,jdbcType=VARCHAR},
      channel_app_name = #{record.channelAppName,jdbcType=VARCHAR},
      inter_exter_channel = #{record.interExterChannel,jdbcType=CHAR},
      product_code = #{record.productCode,jdbcType=VARCHAR},
      product_abbr_name = #{record.productAbbrName,jdbcType=VARCHAR},
      product_type = #{record.productType,jdbcType=VARCHAR},
      channel_charge_rate = #{record.channelChargeRate,jdbcType=DECIMAL},
      signature = #{record.signature,jdbcType=VARCHAR},
      delete_flag = #{record.deleteFlag,jdbcType=TINYINT},
      create_time = #{record.createTime,jdbcType=TIMESTAMP},
      update_time = #{record.updateTime,jdbcType=TIMESTAMP}
    <if test="_parameter != null">
      <include refid="Update_By_Example_Where_Clause" />
    </if>
  </update>
  <update id="updateByPrimaryKeySelective" parameterType="cn.zjhf.kingold.product.entity.ProductChannelRelational">
    update product_channel_relational
    <set>
      <if test="merchantNum != null">
        merchant_num = #{merchantNum,jdbcType=VARCHAR},
      </if>
      <if test="channelAppName != null">
        channel_app_name = #{channelAppName,jdbcType=VARCHAR},
      </if>
      <if test="interExterChannel != null">
        inter_exter_channel = #{interExterChannel,jdbcType=CHAR},
      </if>
      <if test="productCode != null">
        product_code = #{productCode,jdbcType=VARCHAR},
      </if>
      <if test="productAbbrName != null">
        product_abbr_name = #{productAbbrName,jdbcType=VARCHAR},
      </if>
      <if test="productType != null">
        product_type = #{productType,jdbcType=VARCHAR},
      </if>
      <if test="channelChargeRate != null">
        channel_charge_rate = #{channelChargeRate,jdbcType=DECIMAL},
      </if>
      <if test="signature != null">
        signature = #{signature,jdbcType=VARCHAR},
      </if>
      <if test="deleteFlag != null">
        delete_flag = #{deleteFlag,jdbcType=TINYINT},
      </if>
      <if test="createTime != null">
        create_time = #{createTime,jdbcType=TIMESTAMP},
      </if>
      <if test="updateTime != null">
        update_time = #{updateTime,jdbcType=TIMESTAMP},
      </if>
    </set>
    where channel_uuid = #{channelUuid,jdbcType=VARCHAR}
      and product_uuid = #{productUuid,jdbcType=CHAR}
  </update>
  <update id="updateByPrimaryKey" parameterType="cn.zjhf.kingold.product.entity.ProductChannelRelational">
    update product_channel_relational
    set merchant_num = #{merchantNum,jdbcType=VARCHAR},
      channel_app_name = #{channelAppName,jdbcType=VARCHAR},
      inter_exter_channel = #{interExterChannel,jdbcType=CHAR},
      product_code = #{productCode,jdbcType=VARCHAR},
      product_abbr_name = #{productAbbrName,jdbcType=VARCHAR},
      product_type = #{productType,jdbcType=VARCHAR},
      channel_charge_rate = #{channelChargeRate,jdbcType=DECIMAL},
      signature = #{signature,jdbcType=VARCHAR},
      delete_flag = #{deleteFlag,jdbcType=TINYINT},
      create_time = #{createTime,jdbcType=TIMESTAMP},
      update_time = #{updateTime,jdbcType=TIMESTAMP}
    where channel_uuid = #{channelUuid,jdbcType=VARCHAR}
      and product_uuid = #{productUuid,jdbcType=CHAR}
  </update>
</mapper>