<?xml version="1.0" encoding="UTF-8"?>
<!DOCTYPE mapper PUBLIC "-//mybatis.org//DTD Mapper 3.0//EN" "http://mybatis.org/dtd/mybatis-3-mapper.dtd">
<mapper namespace="cn.zjhf.kingold.product.persistence.dao.ProductRewardSetMapper">
  <resultMap id="BaseResultMap" type="cn.zjhf.kingold.product.entity.ProductRewardSet">
    <id column="product_award_id" jdbcType="BIGINT" property="productAwardId" />
    <result column="product_uuid" jdbcType="CHAR" property="productUuid" />
    <result column="product_abbr_name" jdbcType="VARCHAR" property="productAbbrName" />
    <result column="product_type" jdbcType="VARCHAR" property="productType" />
    <result column="product_invite_award" jdbcType="CHAR" property="productInviteAward"/>
    <result column="product_talent_award" jdbcType="CHAR" property="productTalentAward"/>
    <result column="delete_flag" jdbcType="TINYINT" property="deleteFlag" />
    <result column="create_time" jdbcType="TIMESTAMP" property="createTime" />
    <result column="update_time" jdbcType="TIMESTAMP" property="updateTime" />
  </resultMap>
  <resultMap id="productMap" type="java.util.HashMap">
    <result column="product_uuid" jdbcType="CHAR" property="productUuid" />
    <result column="product_abbr_name" jdbcType="VARCHAR" property="productAbbrName" />
    <result column="product_type" jdbcType="VARCHAR" property="productType" />
    <result column="product_invite_award" jdbcType="CHAR" property="productAward"  typeHandler="cn.zjhf.kingold.product.util.JsonTypeHandler"/>
    <result column="product_talent_award" jdbcType="CHAR" property="productTalentAward"  typeHandler="cn.zjhf.kingold.product.util.JsonTypeHandler"/>
    <result column="product_on_status" jdbcType="TINYINT" property="productOnStatus"/>
  </resultMap>
  <sql id="Example_Where_Clause">
    <where>
      <foreach collection="oredCriteria" item="criteria" separator="or">
        <if test="criteria.valid">
          <trim prefix="(" prefixOverrides="and" suffix=")">
            <foreach collection="criteria.criteria" item="criterion">
              <choose>
                <when test="criterion.noValue">
                  and ${criterion.condition}
                </when>
                <when test="criterion.singleValue">
                  and ${criterion.condition} #{criterion.value}
                </when>
                <when test="criterion.betweenValue">
                  and ${criterion.condition} #{criterion.value} and #{criterion.secondValue}
                </when>
                <when test="criterion.listValue">
                  and ${criterion.condition}
                  <foreach close=")" collection="criterion.value" item="listItem" open="(" separator=",">
                    #{listItem}
                  </foreach>
                </when>
              </choose>
            </foreach>
          </trim>
        </if>
      </foreach>
    </where>
  </sql>
  <sql id="Update_By_Example_Where_Clause">
    <where>
      <foreach collection="example.oredCriteria" item="criteria" separator="or">
        <if test="criteria.valid">
          <trim prefix="(" prefixOverrides="and" suffix=")">
            <foreach collection="criteria.criteria" item="criterion">
              <choose>
                <when test="criterion.noValue">
                  and ${criterion.condition}
                </when>
                <when test="criterion.singleValue">
                  and ${criterion.condition} #{criterion.value}
                </when>
                <when test="criterion.betweenValue">
                  and ${criterion.condition} #{criterion.value} and #{criterion.secondValue}
                </when>
                <when test="criterion.listValue">
                  and ${criterion.condition}
                  <foreach close=")" collection="criterion.value" item="listItem" open="(" separator=",">
                    #{listItem}
                  </foreach>
                </when>
              </choose>
            </foreach>
          </trim>
        </if>
      </foreach>
    </where>
  </sql>
  <sql id="Base_Column_List">
    product_award_id, product_uuid, product_abbr_name, product_type, product_invite_award, 
    product_talent_award, delete_flag, create_time, update_time
  </sql>
  <select id="selectByExample" parameterType="cn.zjhf.kingold.product.entity.ProductRewardSetExample" resultMap="BaseResultMap">
    select
    <if test="distinct">
      distinct
    </if>
    <include refid="Base_Column_List" />
    from product_reward_set
    <if test="_parameter != null">
      <include refid="Example_Where_Clause" />
    </if>
    <if test="orderByClause != null">
      order by ${orderByClause}
    </if>
    <if test="limit != null">
      <if test="offset != null">
        limit ${offset}, ${limit}
      </if>
      <if test="offset == null">
        limit ${limit}
      </if>
    </if>
  </select>
  <select id="selectByPrimaryKey" parameterType="java.lang.Long" resultMap="BaseResultMap">
    select 
    <include refid="Base_Column_List" />
    from product_reward_set
    where product_award_id = #{productAwardId,jdbcType=BIGINT}
  </select>
  <delete id="deleteByPrimaryKey" parameterType="java.lang.Long">
    delete from product_reward_set
    where product_award_id = #{productAwardId,jdbcType=BIGINT}
  </delete>
  <delete id="deleteByExample" parameterType="cn.zjhf.kingold.product.entity.ProductRewardSetExample">
    delete from product_reward_set
    <if test="_parameter != null">
      <include refid="Example_Where_Clause" />
    </if>
  </delete>
  <insert id="insert" parameterType="cn.zjhf.kingold.product.entity.ProductRewardSet">
    insert into product_reward_set (product_award_id, product_uuid, product_abbr_name, 
      product_type, product_invite_award, product_talent_award, 
      delete_flag, create_time, update_time
      )
    values (#{productAwardId,jdbcType=BIGINT}, #{productUuid,jdbcType=CHAR}, #{productAbbrName,jdbcType=VARCHAR}, 
      #{productType,jdbcType=VARCHAR}, #{productInviteAward,jdbcType=CHAR}, #{productTalentAward,jdbcType=CHAR}, 
      #{deleteFlag,jdbcType=TINYINT}, #{createTime,jdbcType=TIMESTAMP}, #{updateTime,jdbcType=TIMESTAMP}
      )
  </insert>
  <insert id="insertSelective" parameterType="java.util.HashMap">
    insert into product_reward_set
    <trim prefix="(" suffix=")" suffixOverrides=",">
      <if test="productAwardId != null">
        product_award_id,
      </if>
      <if test="productUuid != null">
        product_uuid,
      </if>
      <if test="productAbbrName != null">
        product_abbr_name,
      </if>
      <if test="productType != null">
        product_type,
      </if>
      <if test="productInviteAward != null">
        product_invite_award,
      </if>
      <if test="productTalentAward != null">
        product_talent_award,
      </if>
      <if test="deleteFlag != null">
        delete_flag,
      </if>
      <if test="createTime != null">
        create_time,
      </if>
      <if test="updateTime != null">
        update_time,
      </if>
    </trim>
    <trim prefix="values (" suffix=")" suffixOverrides=",">
      <if test="productAwardId != null">
        #{productAwardId,jdbcType=BIGINT},
      </if>
      <if test="productUuid != null">
        #{productUuid,jdbcType=CHAR},
      </if>
      <if test="productAbbrName != null">
        #{productAbbrName,jdbcType=VARCHAR},
      </if>
      <if test="productType != null">
        #{productType,jdbcType=VARCHAR},
      </if>
      <if test="productInviteAward != null">
        #{productInviteAward,jdbcType=CHAR},
      </if>
      <if test="productTalentAward != null">
        #{productTalentAward,jdbcType=CHAR},
      </if>
      <if test="deleteFlag != null">
        #{deleteFlag,jdbcType=TINYINT},
      </if>
      <if test="createTime != null">
        #{createTime,jdbcType=TIMESTAMP},
      </if>
      <if test="updateTime != null">
        #{updateTime,jdbcType=TIMESTAMP},
      </if>
    </trim>
  </insert>
  <select id="countByExample" parameterType="cn.zjhf.kingold.product.entity.ProductRewardSetExample" resultType="java.lang.Long">
    select count(*) from product_reward_set
    <if test="_parameter != null">
      <include refid="Example_Where_Clause" />
    </if>
  </select>
  <update id="updateByExampleSelective" parameterType="map">
    update product_reward_set
    <set>
      <if test="record.productAwardId != null">
        product_award_id = #{record.productAwardId,jdbcType=BIGINT},
      </if>
      <if test="record.productUuid != null">
        product_uuid = #{record.productUuid,jdbcType=CHAR},
      </if>
      <if test="record.productAbbrName != null">
        product_abbr_name = #{record.productAbbrName,jdbcType=VARCHAR},
      </if>
      <if test="record.productType != null">
        product_type = #{record.productType,jdbcType=VARCHAR},
      </if>
      <if test="record.productInviteAward != null">
        product_invite_award = #{record.productInviteAward,jdbcType=CHAR},
      </if>
      <if test="record.productTalentAward != null">
        product_talent_award = #{record.productTalentAward,jdbcType=CHAR},
      </if>
      <if test="record.deleteFlag != null">
        delete_flag = #{record.deleteFlag,jdbcType=TINYINT},
      </if>
      <if test="record.createTime != null">
        create_time = #{record.createTime,jdbcType=TIMESTAMP},
      </if>
      <if test="record.updateTime != null">
        update_time = #{record.updateTime,jdbcType=TIMESTAMP},
      </if>
    </set>
    <if test="_parameter != null">
      <include refid="Update_By_Example_Where_Clause" />
    </if>
  </update>
  <update id="updateByExample" parameterType="map">
    update product_reward_set
    set product_award_id = #{record.productAwardId,jdbcType=BIGINT},
      product_uuid = #{record.productUuid,jdbcType=CHAR},
      product_abbr_name = #{record.productAbbrName,jdbcType=VARCHAR},
      product_type = #{record.productType,jdbcType=VARCHAR},
      product_invite_award = #{record.productInviteAward,jdbcType=CHAR},
      product_talent_award = #{record.productTalentAward,jdbcType=CHAR},
      delete_flag = #{record.deleteFlag,jdbcType=TINYINT},
      create_time = #{record.createTime,jdbcType=TIMESTAMP},
      update_time = #{record.updateTime,jdbcType=TIMESTAMP}
    <if test="_parameter != null">
      <include refid="Update_By_Example_Where_Clause" />
    </if>
  </update>
  <update id="updateByPrimaryKeySelective" parameterType="cn.zjhf.kingold.product.entity.ProductRewardSet">
    update product_reward_set
    <set>
      <if test="productUuid != null">
        product_uuid = #{productUuid,jdbcType=CHAR},
      </if>
      <if test="productAbbrName != null">
        product_abbr_name = #{productAbbrName,jdbcType=VARCHAR},
      </if>
      <if test="productType != null">
        product_type = #{productType,jdbcType=VARCHAR},
      </if>
      <if test="productInviteAward != null">
        product_invite_award = #{productInviteAward,jdbcType=CHAR},
      </if>
      <if test="productTalentAward != null">
        product_talent_award = #{productTalentAward,jdbcType=CHAR},
      </if>
      <if test="deleteFlag != null">
        delete_flag = #{deleteFlag,jdbcType=TINYINT},
      </if>
      <if test="createTime != null">
        create_time = #{createTime,jdbcType=TIMESTAMP},
      </if>
      <if test="updateTime != null">
        update_time = #{updateTime,jdbcType=TIMESTAMP},
      </if>
    </set>
    where product_award_id = #{productAwardId,jdbcType=BIGINT}
  </update>
  <update id="updateByPrimaryKey" parameterType="cn.zjhf.kingold.product.entity.ProductRewardSet">
    update product_reward_set
    set product_uuid = #{productUuid,jdbcType=CHAR},
      product_abbr_name = #{productAbbrName,jdbcType=VARCHAR},
      product_type = #{productType,jdbcType=VARCHAR},
      product_invite_award = #{productInviteAward,jdbcType=CHAR},
      product_talent_award = #{productTalentAward,jdbcType=CHAR},
      delete_flag = #{deleteFlag,jdbcType=TINYINT},
      create_time = #{createTime,jdbcType=TIMESTAMP},
      update_time = #{updateTime,jdbcType=TIMESTAMP}
    where product_award_id = #{productAwardId,jdbcType=BIGINT}
  </update>

  <select id="getRewardList" resultMap="productMap">
    SELECT
    p.product_uuid,p.product_abbr_name,r.product_invite_award
    FROM
    product_reward_set r,product p
    WHERE
      r.product_uuid = p.product_uuid
    AND
      r.product_invite_award is not NULL
    <if test="productType != null">
      and r.product_type = #{productType}
    </if>
    <if test="productOnStatus != null">
      and p.product_on_status = #{productOnStatus}
    </if>
    and r.delete_flag = 0
    order by p.product_open_time desc
    <if test="pageSize != null and startRow != null">limit ${pageSize} offset ${startRow}</if>
  </select>

  <select id="getRewardCount" resultType="java.lang.Integer">
    SELECT
    count(1)
    FROM
    product_reward_set r,product p
    WHERE
    r.product_uuid = p.product_uuid
    AND
    r.product_invite_award is not NULL
    <if test="productType != null">
      and r.product_type = #{productType}
    </if>
    <if test="productOnStatus != null">
      and p.product_on_status = #{productOnStatus}
    </if>
    and r.delete_flag = 0
  </select>

  <select id="getProductTalentRewardList" resultMap="productMap">
    SELECT
    p.product_uuid,p.product_abbr_name,r.product_talent_award
    FROM
    product_reward_set r,product p
    WHERE
    r.product_uuid = p.product_uuid
    AND
    r.product_talent_award is not NULL
    <if test="productType != null">
      and r.product_type = #{productType}
    </if>
    <if test="productOnStatus != null">
      and p.product_on_status = #{productOnStatus}
    </if>
    <if test="productUuidList != null">
      and p.product_uuid in
      <foreach collection="productUuidList"  item="productUuid" separator="," open="(" close=")">
        #{productUuid}
      </foreach>
    </if>
    and r.delete_flag = 0
    order by p.product_open_time desc
    <if test="pageSize != null and startRow != null">limit ${pageSize} offset ${startRow}</if>
  </select>

  <select id="getList" resultMap="productMap">
    SELECT
    product_uuid,product_abbr_name,product_talent_award,product_invite_award
    FROM
    product_reward_set
    WHERE
    <if test="productUuidList != null">
      product_uuid in
      <foreach collection="productUuidList"  item="productUuid" separator="," open="(" close=")">
        #{productUuid}
      </foreach>
      and
    </if>
    delete_flag = 0
    <if test="pageSize != null and startRow != null">limit ${pageSize} offset ${startRow}</if>
  </select>

  <select id="getProductTalentRewardCount" resultType="java.lang.Integer">
    SELECT
    count(1)
    FROM
    product_reward_set r,product p
    WHERE
    r.product_uuid = p.product_uuid
    AND
    r.product_talent_award is not NULL
    <if test="productType != null">
      and r.product_type = #{productType}
    </if>
    <if test="productOnStatus != null">
      and p.product_on_status = #{productOnStatus}
    </if>
    and r.delete_flag = 0
  </select>

  <select id="selectByProductUuid" parameterType="java.lang.String" resultMap="BaseResultMap">
    select
    <include refid="Base_Column_List" />
    from product_reward_set
    where product_uuid = #{productAwardId,jdbcType=CHAR}
  </select>
  <update id="update" parameterType="java.util.HashMap">
    update product_reward_set
    <set>
      <if test="productType != null">
        product_type = #{productType,jdbcType=VARCHAR},
      </if>
      <if test="productAbbrName != null">
        product_abbr_name = #{productAbbrName,jdbcType=VARCHAR},
      </if>
      product_invite_award = #{productAward,jdbcType=CHAR},
      product_talent_award = #{productTalentAward,jdbcType=CHAR},
      update_time = now(),
    </set>
    where product_uuid = #{productUuid}
  </update>

</mapper>