<?xml version="1.0" encoding="UTF-8"?>
<!DOCTYPE mapper PUBLIC "-//mybatis.org//DTD Mapper 3.0//EN" "http://mybatis.org/dtd/mybatis-3-mapper.dtd">
<mapper namespace="cn.zjhf.kingold.product.persistence.dao.ProductRecommendationMapper">

    <resultMap id="BaseResultMap" type="java.util.HashMap">
        <id column="product_recommendation_id" jdbcType="BIGINT" property="productRecommendationID"/>
        <result column="product_uuid" jdbcType="VARCHAR" property="productUuid"/>
        <result column="product_type" jdbcType="VARCHAR" property="productType"/>
        <result column="recommendation_show_order" jdbcType="INTEGER" property="recommendationShowOrder"/>
        <result column="delete_flag" jdbcType="TINYINT" property="deleteFlag"/>
        <result column="create_time" jdbcType="TIMESTAMP" property="createTime"/>
        <result column="update_time" jdbcType="TIMESTAMP" property="updateTime"/>
    </resultMap>

    <resultMap id="RecommendResultMap" type="java.util.HashMap">
        <result column="product_uuid" jdbcType="VARCHAR" property="productUuid"/>
        <result column="product_type" jdbcType="VARCHAR" property="productType"/>
        <result column="update_time" jdbcType="TIMESTAMP" property="updateTime"/>
        <result column="product_abbr_name" jdbcType="VARCHAR" property="productAbbrName"/>
        <result column="product_period" jdbcType="INTEGER" property="productPeriod"/>
        <result column="product_scale" jdbcType="DECIMAL" property="productScale"/>
        <result column="product_benchmark" jdbcType="CHAR" property="productBenchmark"
                typeHandler="cn.zjhf.kingold.product.util.JsonTypeHandler"/>
        <result column="annual_interest_rate" jdbcType="DECIMAL" property="annualInterestRate"/>
    </resultMap>

    <sql id="Base_Column_List">
    product_recommendation_id, product_uuid, product_type, recommendation_show_order, delete_flag,
    create_time, update_time
  </sql>

    <insert id="insert" parameterType="java.util.HashMap" useGeneratedKeys="true" keyProperty="productRecommendationID"
            keyColumn="product_recommendation_id">
        insert into product_recommendation
        <trim prefix="(" suffix=")" suffixOverrides=",">
            <if test="productUuid != null">
                product_uuid,
            </if>
            <if test="productType != null">
                product_type,
            </if>
            <if test="recommendationShowOrder != null">
                recommendation_show_order,
            </if>
            <if test="deleteFlag != null">
                delete_flag,
            </if>
            <if test="createTime != null">
                create_time,
            </if>
            <if test="updateTime != null">
                update_time,
            </if>
        </trim>
        <trim prefix="values (" suffix=")" suffixOverrides=",">
            <if test="productUuid != null">
                #{productUuid,jdbcType=VARCHAR},
            </if>
            <if test="productType != null">
                #{productType,jdbcType=VARCHAR},
            </if>
            <if test="recommendationShowOrder != null">
                #{recommendationShowOrder,jdbcType=INTEGER},
            </if>
            <if test="deleteFlag != null">
                #{deleteFlag,jdbcType=TINYINT},
            </if>
            <if test="createTime != null">
                #{createTime,jdbcType=TIMESTAMP},
            </if>
            <if test="updateTime != null">
                #{updateTime,jdbcType=TIMESTAMP},
            </if>
        </trim>
    </insert>

    <update id="update" parameterType="java.util.HashMap">
        update product_recommendation
        <set>
            <if test="productUuid != null">
                product_uuid = #{productUuid,jdbcType=VARCHAR},
            </if>
            <if test="productType != null">
                product_type = #{productType,jdbcType=VARCHAR},
            </if>
            <if test="recommendationShowOrder != null">
                recommendation_show_order = #{recommendationShowOrder,jdbcType=INTEGER},
            </if>
            <if test="deleteFlag != null">
                delete_flag = #{deleteFlag,jdbcType=TINYINT},
            </if>
            update_time = now(),
        </set>
        where product_recommendation_id = #{productRecommendationID,jdbcType=BIGINT}
    </update>


    <select id="getList" resultMap="BaseResultMap">
        SELECT
        <include refid="Base_Column_List"/>
        FROM
        product_recommendation
        WHERE
        1=1
        <if test="productType != null">
            and product_type = #{productType}
        </if>
        <if test="deleteFlag != null">
            and delete_flag = #{deleteFlag}
        </if>
        <choose>
            <when test="orderBy != null">
                order by ${orderBy}
            </when>
            <otherwise>
                order by recommendation_show_order desc, create_time desc
            </otherwise>
        </choose>
        <if test="pageSize != null and startRow != null">limit ${pageSize} offset ${startRow}</if>
    </select>

    <select id="getCount" resultType="java.lang.Integer">
        SELECT
        count(1)
        FROM
        product_recommendation
        WHERE
        1=1
        <if test="deleteFlag != null">
            and delete_flag = #{deleteFlag}
        </if>
    </select>


    <select id="getRecommendProduct" resultMap="BaseResultMap">
        select
        t.*
        from
        product_recommendation t
        inner join product t1
        on t.product_uuid = t1.product_uuid
        <if test="merchantNum != null">
        inner join product_channel_relational t2
        on t.product_uuid = t2.product_uuid
        </if>
        where
        1=1
        <if test="productType != null">
            and t.product_type = #{productType}
        </if>
        <if test="merchantNum != null">
            and t2.merchant_num = #{merchantNum}
        </if>
        <if test="deleteFlag != null">
            and t.delete_flag = #{deleteFlag}
            and t1.delete_flag = #{deleteFlag}
        </if>
        <if test="productOnStatus != null">
            and t1.product_on_status = #{productOnStatus}
        </if>
        <if test="productStatus != null">
            and t1.product_status = #{productStatus}
        </if>
        <choose>
            <when test="orderBy != null">
                order by ${orderBy}
            </when>
            <otherwise>
                order by t.recommendation_show_order desc, t.update_time desc
            </otherwise>
        </choose>
        <if test="pageSize != null and startRow != null">limit ${pageSize} offset ${startRow}</if>
    </select>

    <select id="getRecommendProductList" resultMap="RecommendResultMap">
        select
        t.product_uuid, t.update_time, t1.product_abbr_name, t1.product_scale, t1.product_period
        <if test="productType != null and productType == 'FIXI'">
            ,t2.annual_interest_rate
        </if>
        <if test="productType != null and productType == 'PRIF'">
            ,t3.product_benchmark
        </if>
        from
        product_recommendation t,
        product t1
        <if test="productType != null and productType == 'FIXI'">
            ,product_fixed_income t2
        </if>
        <if test="productType != null and productType == 'PRIF'">
            ,product_private_fund t3
        </if>
        where
        1=1
        and t.product_uuid = t1.product_uuid
        <if test="productType != null and productType == 'FIXI'">
            and t1.product_uuid = t2.product_uuid
        </if>
        <if test="productType != null and productType == 'PRIF'">
            and t1.product_uuid = t3.product_uuid
        </if>
        <if test="productType != null">
            and t.product_type = #{productType}
        </if>
        <if test="deleteFlag != null">
            and t.delete_flag = #{deleteFlag}
            and t1.delete_flag = #{deleteFlag}
        </if>
        <if test="productOnStatus != null">
            and t1.product_on_status = #{productOnStatus}
        </if>
        <choose>
            <when test="orderBy != null">
                order by ${orderBy}
            </when>
            <otherwise>
                order by t.recommendation_show_order desc, t.update_time desc
            </otherwise>
        </choose>
        <if test="pageSize != null">limit ${pageSize}</if>
    </select>
</mapper>