<?xml version="1.0" encoding="UTF-8"?>
<!DOCTYPE mapper PUBLIC "-//mybatis.org//DTD Mapper 3.0//EN" "http://mybatis.org/dtd/mybatis-3-mapper.dtd">
<mapper namespace="cn.zjhf.kingold.product.persistence.dao.ProductRaiseMapper">
  <resultMap id="BaseResultMap" type="cn.zjhf.kingold.product.entity.ProductRaise">
    <!--
      WARNING - @mbg.generated
    -->
    <id column="product_raise_id" jdbcType="BIGINT" property="productRaiseId" />
    <result column="product_uuid" jdbcType="CHAR" property="productUuid" />
    <result column="user_uuid" jdbcType="CHAR" property="userUuid" />
    <result column="order_bill_code" jdbcType="VARCHAR" property="orderBillCode" />
    <result column="order_amount" jdbcType="DECIMAL" property="orderAmount" />
    <result column="delete_flag" jdbcType="TINYINT" property="deleteFlag" />
    <result column="create_time" jdbcType="TIMESTAMP" property="createTime" />
    <result column="update_time" jdbcType="TIMESTAMP" property="updateTime" />
    <result column="update_uuid" jdbcType="VARCHAR" property="updateUuid" />
  </resultMap>

  <!-- 查询用户累计认购金额 -->
  <select id="getUserTotalRaiseAmount" parameterType="cn.zjhf.kingold.product.entity.ProductUserRaiseDO" resultType="java.math.BigDecimal">
    SELECT COALESCE(SUM(order_amount),0)
    FROM product_raise
    WHERE product_uuid = #{productUuid} AND user_uuid = #{userUuid} AND delete_flag = 0;
  </select>

  <!-- 增加募集流水 -->
  <insert id="raise" parameterType="cn.zjhf.kingold.product.entity.ProductRaise">
    INSERT INTO product_raise(product_uuid, user_uuid, order_bill_code, order_amount)
            VALUES (#{productUuid}, #{userUuid}, #{orderBillCode}, #{orderAmount});
  </insert>

  <!-- 回滚募集流水 -->
  <update id="restore" parameterType="cn.zjhf.kingold.product.entity.ProductRaise">
    UPDATE product_raise
    SET delete_flag = 1, update_uuid = #{updateUuid}
    WHERE product_uuid = #{productUuid} AND user_uuid = #{userUuid} AND order_bill_code = #{orderBillCode} AND delete_flag = 0;
  </update>

  <!-- 汇总回滚的募集金额 -->
  <select id="getUpdatedInfo" parameterType="java.lang.String" resultType="java.math.BigDecimal">
    SELECT COALESCE(SUM(order_amount),0)
    FROM product_raise
    WHERE update_uuid = #{updateUuid}
  </select>

</mapper>