<?xml version="1.0" encoding="UTF-8"?>
<!DOCTYPE mapper PUBLIC "-//mybatis.org//DTD Mapper 3.0//EN" "http://mybatis.org/dtd/mybatis-3-mapper.dtd">
<mapper namespace="cn.zjhf.kingold.product.persistence.dao.ProductEarlyWarningMapper">
  <resultMap id="BaseResultMap" type="cn.zjhf.kingold.product.vo.ProductEarlyWarningVO">
    <id column="product_early_id" jdbcType="INTEGER" property="productEarlyId" />
    <result column="product_type" jdbcType="VARCHAR" property="productType" />
    <result column="product_period" jdbcType="INTEGER" property="productPeriod"/>
    <result column="product_period_type" jdbcType="VARCHAR" property="productPeriodType"/>
    <result column="product_cordon" jdbcType="DECIMAL" property="productCordon"/>
    <result column="notification_template_type"  javaType="java.lang.String"  property="notificationTemplateType" />
    <result column="warning_addressee" jdbcType="VARCHAR" property="warningAddressee" />
    <result column="remind_switch" jdbcType="TINYINT" property="remindSwitch" />
    <result column="operator" jdbcType="VARCHAR" property="operator" />
    <result column="delete_flag" jdbcType="TINYINT" property="deleteFlag" />
    <result column="create_time" jdbcType="TIMESTAMP" property="createTime" />
    <result column="update_time" jdbcType="TIMESTAMP" property="updateTime" />
  </resultMap>
  <sql id="Base_Column_List">
    product_early_id, product_type, product_period,product_period_type,product_cordon,notification_template_type,
    warning_addressee, remind_switch,operator,delete_flag, create_time, update_time
  </sql>

  <select id="list" parameterType="cn.zjhf.kingold.product.dto.ProductEarlyWarningDTO" resultMap="BaseResultMap">
    select
    <include refid="Base_Column_List" />
    from product_early_warning
    WHERE  1=1
    <if test="deleteFlag != null">
      and delete_flag = #{deleteFlag}
    </if>
    <if test="remindSwitch != null">
      and remind_switch = #{remindSwitch}
    </if>
    <if test="deleteFlag == null">
      and delete_flag = 0
    </if>
    <choose>
      <when test="orderBy != null and orderBy != ''">
        order by ${orderBy} DESC
      </when>
      <otherwise>
        order by create_time DESC
      </otherwise>
    </choose>
    <if test="pageSize != null and pageNo != null">limit ${pageSize} offset ${pageNo}</if>
  </select>

  <select id="count" parameterType="cn.zjhf.kingold.product.dto.ProductEarlyWarningDTO" resultType="java.lang.Integer">
    select count(*) from product_early_warning
    WHERE  1=1
    <if test="deleteFlag != null">
      and delete_flag = #{deleteFlag}
    </if>
    <if test="deleteFlag == null">
      and delete_flag = 0
    </if>
    <if test="remindSwitch != null">
      and remind_switch = #{remindSwitch}
    </if>
  </select>
</mapper>

