<?xml version="1.0" encoding="UTF-8"?>
<Configuration status="WARN">
  <Properties>
    <Property name="log-path">/tmp/</Property>
  </Properties>
  <Appenders>
    <Console name="Console" target="SYSTEM_OUT" follow="true">
      <PatternLayout>
        <charset>utf-8</charset>
        <pattern>%d %p %C{1.} [%t] %X %m%n</pattern>
      </PatternLayout>
    </Console>
  </Appenders>
  <Loggers>
    <Logger name="cn.zjhf.kingold.tool.baofoo.mapper" level="debug" additivity="false">
      <AppenderRef ref="Console" />
    </Logger>
    <Root level="info">
      <AppenderRef ref="Console" />
    </Root>
  </Loggers>
</Configuration>