<?xml version="1.0" encoding="UTF-8"?>
<!DOCTYPE mapper PUBLIC "-//mybatis.org//DTD Mapper 3.0//EN" "http://mybatis.org/dtd/mybatis-3-mapper.dtd">
<mapper namespace="cn.zjhf.kingold.user.persistence.dao.AchievementMapper">
  <resultMap id="BaseResultMap" type="cn.zjhf.kingold.user.entity.Achievement">
    <id column="id" jdbcType="BIGINT" property="id" />
    <result column="user_uuid" jdbcType="CHAR" property="userUuid" />
    <result column="order_user_uuid" jdbcType="CHAR" property="orderUserUuid" />
    <result column="relation" jdbcType="INTEGER" property="relation" />
    <result column="product_type" jdbcType="VARCHAR" property="productType" />
    <result column="order_bill_code" jdbcType="CHAR" property="orderBillCode" />
    <result column="order_amount" jdbcType="DECIMAL" property="orderAmount" />
    <result column="order_create_time" jdbcType="TIMESTAMP" property="orderCreateTime" />
    <result column="achievement_amount" jdbcType="DECIMAL" property="achievementAmount" />
    <result column="status" jdbcType="INTEGER" property="status" />
    <result column="delete_flag" jdbcType="TINYINT" property="deleteFlag" />
    <result column="create_time" jdbcType="TIMESTAMP" property="createTime" />
  </resultMap>
  <sql id="Base_Column_List">
    id, user_uuid, order_user_uuid, relation, product_type, order_bill_code, order_amount,
    order_create_time, achievement_amount, status, delete_flag, create_time
  </sql>
  <select id="selectByPrimaryKey" parameterType="java.lang.Long" resultMap="BaseResultMap">
    select
    <include refid="Base_Column_List" />
    from achievement
    where id = #{id,jdbcType=BIGINT}
  </select>
  <select id="getAchievementProgress" parameterType="java.lang.String" resultType="java.lang.Integer">
    SELECT count(distinct(order_user_uuid)) FROM kingold_user.achievement where relation = 11 and user_uuid = #{userUuid,jdbcType=CHAR} and (delete_flag is null or delete_flag = 0)
  </select>
  <delete id="deleteByPrimaryKey" parameterType="java.lang.Long">
    delete from achievement
    where id = #{id,jdbcType=BIGINT}
  </delete>
  <insert id="insert" parameterType="cn.zjhf.kingold.user.entity.Achievement">
    insert into achievement (id, user_uuid, order_user_uuid,
    relation, product_type, order_bill_code,
    order_amount, order_create_time, achievement_amount,
    status, delete_flag, create_time
    )
    values (#{id,jdbcType=BIGINT}, #{userUuid,jdbcType=CHAR}, #{orderUserUuid,jdbcType=CHAR},
    #{relation,jdbcType=INTEGER}, #{productType,jdbcType=VARCHAR}, #{orderBillCode,jdbcType=CHAR},
    #{orderAmount,jdbcType=DECIMAL}, #{orderCreateTime,jdbcType=TIMESTAMP}, #{achievementAmount,jdbcType=DECIMAL},
    #{status,jdbcType=INTEGER}, #{deleteFlag,jdbcType=TINYINT}, #{createTime,jdbcType=TIMESTAMP}
    )
  </insert>
  <insert id="batchInsert" parameterType="cn.zjhf.kingold.user.entity.Achievement" >
    insert into achievement (user_uuid, order_user_uuid,
    relation, product_type, order_bill_code,order_amount,
    order_create_time, achievement_amount
    )
    values
    <foreach collection="list" item="item" index="index" separator="," >
      ( #{item.userUuid,jdbcType=CHAR}, #{item.orderUserUuid,jdbcType=CHAR},
      #{item.relation,jdbcType=INTEGER}, #{item.productType,jdbcType=VARCHAR},#{item.orderBillCode,jdbcType=CHAR}, #{item.orderAmount,jdbcType=DECIMAL},
      #{item.orderCreateTime,jdbcType=TIMESTAMP}, #{item.achievementAmount,jdbcType=DECIMAL}
      )
    </foreach>
  </insert>
  <insert id="insertSelective" parameterType="cn.zjhf.kingold.user.entity.Achievement">
    insert into achievement
    <trim prefix="(" suffix=")" suffixOverrides=",">
      <if test="id != null">
        id,
      </if>
      <if test="userUuid != null">
        user_uuid,
      </if>
      <if test="orderUserUuid != null">
        order_user_uuid,
      </if>
      <if test="relation != null">
        relation,
      </if>
      <if test="productType != null">
        product_type,
      </if>
      <if test="orderBillCode != null">
        order_bill_code,
      </if>
      <if test="orderAmount != null">
        order_amount,
      </if>
      <if test="orderCreateTime != null">
        order_create_time,
      </if>
      <if test="achievementAmount != null">
        achievement_amount,
      </if>
      <if test="status != null">
        status,
      </if>
      <if test="deleteFlag != null">
        delete_flag,
      </if>
      <if test="createTime != null">
        create_time,
      </if>
    </trim>
    <trim prefix="values (" suffix=")" suffixOverrides=",">
      <if test="id != null">
        #{id,jdbcType=BIGINT},
      </if>
      <if test="userUuid != null">
        #{userUuid,jdbcType=CHAR},
      </if>
      <if test="orderUserUuid != null">
        #{orderUserUuid,jdbcType=CHAR},
      </if>
      <if test="relation != null">
        #{relation,jdbcType=INTEGER},
      </if>
      <if test="productType != null">
        #{productType,jdbcType=VARCHAR},
      </if>
      <if test="orderBillCode != null">
        #{orderBillCode,jdbcType=CHAR},
      </if>
      <if test="orderAmount != null">
        #{orderAmount,jdbcType=DECIMAL},
      </if>
      <if test="orderCreateTime != null">
        #{orderCreateTime,jdbcType=TIMESTAMP},
      </if>
      <if test="achievementAmount != null">
        #{achievementAmount,jdbcType=DECIMAL},
      </if>
      <if test="status != null">
        #{status,jdbcType=INTEGER},
      </if>
      <if test="deleteFlag != null">
        #{deleteFlag,jdbcType=TINYINT},
      </if>
      <if test="createTime != null">
        #{createTime,jdbcType=TIMESTAMP},
      </if>
    </trim>
  </insert>
  <update id="updateByPrimaryKeySelective" parameterType="cn.zjhf.kingold.user.entity.Achievement">
    update achievement
    <set>
      <if test="userUuid != null">
        user_uuid = #{userUuid,jdbcType=CHAR},
      </if>
      <if test="orderUserUuid != null">
        order_user_uuid = #{orderUserUuid,jdbcType=CHAR},
      </if>
      <if test="relation != null">
        relation = #{relation,jdbcType=INTEGER},
      </if>
      <if test="productType != null">
        product_type = #{productType,jdbcType=VARCHAR},
      </if>
      <if test="orderBillCode != null">
        order_bill_code = #{orderBillCode,jdbcType=CHAR},
      </if>
      <if test="orderAmount != null">
        order_amount = #{orderAmount,jdbcType=DECIMAL},
      </if>
      <if test="orderCreateTime != null">
        order_create_time = #{orderCreateTime,jdbcType=TIMESTAMP},
      </if>
      <if test="achievementAmount != null">
        achievement_amount = #{achievementAmount,jdbcType=DECIMAL},
      </if>
      <if test="status != null">
        status = #{status,jdbcType=INTEGER},
      </if>
      <if test="deleteFlag != null">
        delete_flag = #{deleteFlag,jdbcType=TINYINT},
      </if>
      <if test="createTime != null">
        create_time = #{createTime,jdbcType=TIMESTAMP},
      </if>
    </set>
    where id = #{id,jdbcType=BIGINT}
  </update>
  <update id="updateByPrimaryKey" parameterType="cn.zjhf.kingold.user.entity.Achievement">
    update achievement
    set user_uuid = #{userUuid,jdbcType=CHAR},
    order_user_uuid = #{orderUserUuid,jdbcType=CHAR},
    relation = #{relation,jdbcType=INTEGER},
    product_type = #{productType,jdbcType=VARCHAR},
    order_bill_code = #{orderBillCode,jdbcType=CHAR},
    order_amount = #{orderAmount,jdbcType=DECIMAL},
    order_create_time = #{orderCreateTime,jdbcType=TIMESTAMP},
    achievement_amount = #{achievementAmount,jdbcType=DECIMAL},
    status = #{status,jdbcType=INTEGER},
    delete_flag = #{deleteFlag,jdbcType=TINYINT},
    create_time = #{createTime,jdbcType=TIMESTAMP}
    where id = #{id,jdbcType=BIGINT}
  </update>
</mapper>