<?xml version="1.0" encoding="UTF-8"?>
<!DOCTYPE mapper PUBLIC "-//mybatis.org//DTD Mapper 3.0//EN" "http://mybatis.org/dtd/mybatis-3-mapper.dtd">
<mapper namespace="cn.zjhf.kingold.user.persistence.dao.AdvisorRelationMapper">
  <resultMap id="BaseResultMap" type="java.util.HashMap">
    <id column="advisor_relation_id" jdbcType="BIGINT" property="advisorRelationId" />
    <result column="user_uuid" jdbcType="CHAR" property="userUuid" />
    <result column="inviter_level_one_uuid" jdbcType="CHAR" property="inviterLevelOneUuid" />
    <result column="inviter_level_two_uuid" jdbcType="CHAR" property="inviterLevelTwoUuid" />
    <result column="inviter_level_three_uuid" jdbcType="CHAR" property="inviterLevelThreeUuid" />
    <result column="top_uuid" jdbcType="CHAR" property="topUuid" />
    <result column="top_organization_path" jdbcType="VARCHAR" property="topOrganizationPath" />
    <result column="top_organization_uuid" jdbcType="VARCHAR" property="topOrganizationUuid" />
    <result column="delete_flag" jdbcType="TINYINT" property="deleteFlag" />
    <result column="create_time" jdbcType="TIMESTAMP" property="createTime" />
    <result column="update_time" jdbcType="TIMESTAMP" property="updateTime" />
  </resultMap>

  <sql id="Base_Column_List">
    advisor_relation_id, user_uuid, inviter_level_one_uuid, inviter_level_two_uuid,
    inviter_level_three_uuid, top_uuid, top_organization_path, top_organization_uuid,
    delete_flag, create_time, update_time
  </sql>

  <sql id="Example_Where_Clause">
    <where>
      1=1
      and delete_flag = 0

      <if test="userUuid != null">
        and user_uuid =#{userUuid,jdbcType=VARCHAR}
      </if>

      <if test="advisorRelationId != null">
        and advisor_relation_id =#{advisorRelationId,jdbcType=BIGINT}
      </if>

      <if test="inviterLevelOneUuid != null">
        and inviter_level_one_uuid =#{inviterLevelOneUuid,jdbcType=VARCHAR}
      </if>
      <if test="inviterLevelTwoUuid != null">
        and inviter_level_two_uuid =#{inviterLevelTwoUuid,jdbcType=VARCHAR}
      </if>
      <if test="inviterLevelThreeUuid != null">
        and inviter_level_three_uuid =#{inviterLevelThreeUuid,jdbcType=VARCHAR}
      </if>
      <if test="topUuid != null">
        and top_uuid =#{topUuid,jdbcType=VARCHAR}
      </if>
      <if test="topOrganizationPath != null">
        and top_organization_path =#{topOrganizationPath,jdbcType=VARCHAR}
      </if>
      <if test="topOrganizationUuid != null">
        and top_organization_uuid =#{topOrganizationUuid,jdbcType=VARCHAR}
      </if>

    </where>
  </sql>


  <select id="get" resultMap="BaseResultMap" >
    SELECT
    <include refid="Base_Column_List" />
    FROM
    advisor_relation
    <include refid="Example_Where_Clause" />
  </select>

  <select id="getList" resultMap="BaseResultMap" >
    SELECT
    <include refid="Base_Column_List" />
    FROM
    advisor_relation

    <include refid="Example_Where_Clause" />


    <choose>
      <when test="orderBy != null">
        order by ${orderBy}
      </when>
      <otherwise>
        order by

        create_time desc
      </otherwise>
    </choose>

    <if test="pageSize != null and startRow != null">limit ${pageSize} offset ${startRow}</if>
  </select>


  <select id="getCount" resultType="int" >
    SELECT
    count(1)
    FROM
    advisor_relation
    <include refid="Example_Where_Clause" />
  </select>



  <insert id="insert" parameterType="java.util.Map">

    insert into advisor_relation
    <trim prefix="(" suffix=")" suffixOverrides=",">
      <if test="userUuid != null">
        user_uuid,
      </if>
      <if test="inviterLevelOneUuid != null">
        inviter_level_one_uuid,
      </if>
      <if test="inviterLevelTwoUuid != null">
        inviter_level_two_uuid,
      </if>
      <if test="inviterLevelThreeUuid != null">
        inviter_level_three_uuid,
      </if>
      <if test="topUuid != null">
        top_uuid,
      </if>
      <if test="topOrganizationPath != null">
        top_organization_path,
      </if>
      <if test="topOrganizationUuid != null">
        top_organization_uuid,
      </if>
      <if test="deleteFlag != null">
        delete_flag,
      </if>
      create_time,update_time,
    </trim>
    <trim prefix="values (" suffix=")" suffixOverrides=",">
      <if test="userUuid != null">
        #{userUuid,jdbcType=CHAR},
      </if>
      <if test="inviterLevelOneUuid != null">
        #{inviterLevelOneUuid,jdbcType=CHAR},
      </if>
      <if test="inviterLevelTwoUuid != null">
        #{inviterLevelTwoUuid,jdbcType=CHAR},
      </if>
      <if test="inviterLevelThreeUuid != null">
        #{inviterLevelThreeUuid,jdbcType=CHAR},
      </if>
      <if test="topUuid != null">
        #{topUuid,jdbcType=CHAR},
      </if>
      <if test="topOrganizationPath != null">
        #{topOrganizationPath,jdbcType=VARCHAR},
      </if>
      <if test="topOrganizationUuid != null">
        #{topOrganizationUuid,jdbcType=VARCHAR},
      </if>
      <if test="deleteFlag != null">
        #{deleteFlag,jdbcType=TINYINT},
      </if>
      now(),now(),
    </trim>
  </insert>

  <!--**************************************-->
  <!--删除的where条件不能使用 if判断。这样很容易导致误删除数据 -->
  <!--**************************************-->
  <update id="update" parameterType="java.util.Map">
    update advisor_relation
    <set>
      <if test="userUuid != null">
        user_uuid = #{userUuid,jdbcType=CHAR},
      </if>
      <if test="inviterLevelOneUuid != null">
        inviter_level_one_uuid = #{inviterLevelOneUuid,jdbcType=CHAR},
      </if>
      <if test="inviterLevelTwoUuid != null">
        inviter_level_two_uuid = #{inviterLevelTwoUuid,jdbcType=CHAR},
      </if>
      <if test="inviterLevelThreeUuid != null">
        inviter_level_three_uuid = #{inviterLevelThreeUuid,jdbcType=CHAR},
      </if>
      <if test="topUuid != null">
        top_uuid = #{topUuid,jdbcType=CHAR},
      </if>
      <if test="topOrganizationPath != null">
        top_organization_path = #{topOrganizationPath,jdbcType=VARCHAR},
      </if>
      <if test="topOrganizationUuid != null">
        top_organization_uuid = #{topOrganizationUuid,jdbcType=VARCHAR},
      </if>
      <if test="deleteFlag != null">
        delete_flag = #{deleteFlag,jdbcType=TINYINT},
      </if>

      update_time = now(),

    </set>
    where advisor_relation_id = #{advisorRelationId,jdbcType=BIGINT}
  </update>

</mapper>