<?xml version="1.0" encoding="UTF-8"?>
<!DOCTYPE mapper PUBLIC "-//mybatis.org//DTD Mapper 3.0//EN" "http://mybatis.org/dtd/mybatis-3-mapper.dtd">
<mapper namespace="cn.zjhf.kingold.user.persistence.dao.AdvisorMapper">
  <resultMap id="BaseResultMap" type="java.util.HashMap">
    <id column="advisor_id" jdbcType="BIGINT" property="advisorId" />
    <result column="user_uuid" jdbcType="CHAR" property="userUuid" />
    <result column="advisor_mobile" jdbcType="VARCHAR" property="advisorMobile" />
    <result column="advisor_gender" jdbcType="TINYINT" property="advisorGender" />
    <result column="advisor_avatar" jdbcType="VARCHAR" property="advisorAvatar" />
    <result column="advisor_type" jdbcType="TINYINT" property="advisorType" />
    <result column="is_inner" jdbcType="TINYINT" property="isInner" />
    <result column="inviter_uuid" jdbcType="CHAR" property="inviterUuid" />
    <result column="advisor_real_name" jdbcType="VARCHAR" property="advisorRealName" />
    <result column="advisor_id_card_no" jdbcType="VARCHAR" property="advisorIdCardNo" />
    <result column="advisor_region_code" jdbcType="VARCHAR" property="advisorRegionCode" />
    <result column="advisor_address" jdbcType="VARCHAR" property="advisorAddress" />
    <result column="is_eligible_advisor" jdbcType="TINYINT" property="isEligibleAdvisor" />
    <result column="advisor_risk_version" jdbcType="INTEGER" property="advisorRiskVersion" />
    <result column="advisor_risk_score" jdbcType="INTEGER" property="advisorRiskScore" />
    <result column="advisor_risk_answer" jdbcType="VARCHAR" property="advisorRiskAnswer" />
    <result column="advisor_invite_code" jdbcType="VARCHAR" property="advisorInviteCode" />
    <result column="signature" jdbcType="VARCHAR" property="signature" />
    <result column="delete_flag" jdbcType="TINYINT" property="deleteFlag" />
    <result column="create_time" jdbcType="TIMESTAMP" property="createTime" />
    <result column="update_time" jdbcType="TIMESTAMP" property="updateTime" />
    <result column="advisor_work_card_url" jdbcType="VARCHAR" property="advisorWorkCardUrl" />
    <result column="is_customer_service" jdbcType="TINYINT" property="isCustomerService" />
    <result column="inviter_mobile" jdbcType="VARCHAR" property="inviterMobile" />
    <result column="bank_card_no" jdbcType="VARCHAR" property="bankCardNo" />
    <result column="bank_name" jdbcType="VARCHAR" property="bankName" />
    <result column="bank_address" jdbcType="VARCHAR" property="bankAddress" />
    <result column="bank_subbranch" jdbcType="VARCHAR" property="bankSubbranch" />
    <result column="advisor_auth_status" jdbcType="TINYINT" property="advisorAuthStatus" />
    <result column="advisor_source" jdbcType="VARCHAR" property="advisorSource" />
    <result column="advisor_status" jdbcType="TINYINT" property="advisorStatus" />
    <result column="data_org_path" jdbcType="VARCHAR" property="dataOrgPath" />
    <result column="data_uuid" jdbcType="VARCHAR" property="dataUuid" />
  </resultMap>

  <sql id="Base_Column_List">
    advisor_id, user_uuid, advisor_mobile,
    advisor_gender, advisor_avatar, is_inner,advisor_type, inviter_uuid, advisor_real_name, advisor_id_card_no,
    advisor_region_code, advisor_address, is_eligible_advisor, advisor_risk_version,
    advisor_risk_score, advisor_risk_answer, advisor_invite_code, signature, delete_flag,
    create_time, update_time, advisor_work_card_url, is_customer_service, inviter_mobile, bank_card_no,
    bank_name, bank_address, bank_subbranch, advisor_auth_status, advisor_source, advisor_status,
    data_org_path, data_uuid
  </sql>

  <sql id="Update_Where_Clause">
    <where>
      1=1
      and delete_flag = 0
      <choose>
        <when test="userUuidList != null">
          and user_uuid in
          <foreach collection="userUuidList"  item="userUuid" separator="," open="(" close=")">
            #{userUuid,jdbcType=VARCHAR}
          </foreach>
        </when>
        <when test="userUuid != null">
          and user_uuid =#{userUuid,jdbcType=VARCHAR}
        </when>
        <otherwise>
          error: update option must content filter params!!!
        </otherwise>
      </choose>
    </where>
  </sql>
  <sql id="Example_Where_Clause">
    <where>
      1=1
      and delete_flag = 0

      <choose>
        <when test="userUuidList != null">
          and user_uuid in
          <foreach collection="userUuidList"  item="userUuid" separator="," open="(" close=")">
            #{userUuid,jdbcType=VARCHAR}
          </foreach>
        </when>
        <when test="userUuid != null">
          and user_uuid =#{userUuid,jdbcType=VARCHAR}
        </when>
      </choose>

      <if test="advisorInviteCode != null">
        and advisor_invite_code = #{advisorInviteCode,jdbcType=VARCHAR}
      </if>

      <if test="advisorMobile != null">
        and advisor_mobile = #{advisorMobile,jdbcType=VARCHAR}
      </if>

      <if test="advisorInviterCode != null">
        and advisor_inviter_code = #{advisorInviterCode,jdbcType=VARCHAR}
      </if>

      <if test="advisorRealName != null">
        and advisor_real_name like '%${advisorRealName}%'
      </if>

      <if test="advisorIdCardNo != null">
        and advisor_id_card_no = #{advisorIdCardNo,jdbcType=VARCHAR}
      </if>

      <if test="advisorRegionCode != null">
        and advisor_region_code = #{advisorRegionCode,jdbcType=VARCHAR}
      </if>

      <if test="advisorSource != null">
        and advisor_source = #{advisorSource,jdbcType=VARCHAR}
      </if>

      <if test="dataUuid != null">
        and data_uuid = #{dataUuid,jdbcType=VARCHAR}
      </if>

      <if test="dataOrgPath != null">
        and data_org_path like '${dataOrgPath}%'
      </if>

      <if test="isEligibleAdvisor != null">
        and is_eligible_advisor = #{isEligibleAdvisor,jdbcType=TINYINT}
      </if>
      <if test="advisorWorkCardUrl != null">
        and advisor_work_card_url = #{advisorWorkCardUrl,jdbcType=VARCHAR}
      </if>
      <if test="isCustomerService != null">
        and is_customer_service = #{isCustomerService,jdbcType=TINYINT}
      </if>
      <if test="advisorStatus != null">
        and advisor_status = #{advisorStatus,jdbcType=TINYINT}
      </if>
      <if test="advisorAuthStatus != null">
        and advisor_auth_status  = #{advisorAuthStatus,jdbcType=TINYINT}
      </if>


    </where>
  </sql>


  <select id="get" resultMap="BaseResultMap" >
    SELECT
    <include refid="Base_Column_List" />
    FROM
    advisor
    <include refid="Example_Where_Clause" />
  </select>

  <select id="getList" resultMap="BaseResultMap" >
    SELECT
    <include refid="Base_Column_List" />
    FROM
    advisor

    <include refid="Example_Where_Clause" />


    <choose>
      <when test="orderBy != null">
        order by ${orderBy}
      </when>
      <otherwise>
        order by
        <if test="userUuidList != null">
          FIND_IN_SET( user_uuid , '
          <foreach collection="userUuidList"  item="userUuid" separator="," open="" close="">
            ${userUuid}
          </foreach>
          ') ,
        </if>
        create_time desc
      </otherwise>
    </choose>

    <if test="pageSize != null and startRow != null">limit ${pageSize} offset ${startRow}</if>
  </select>


  <select id="getCount" resultType="int" >
    SELECT
    count(1)
    FROM
    advisor
    <include refid="Example_Where_Clause" />
  </select>



  <insert id="insert" parameterType="java.util.Map">

    insert into advisor
    <trim prefix="(" suffix=")" suffixOverrides=",">
      <if test="userUuid != null">
        user_uuid,
      </if>

      <if test="advisorMobile != null">
        advisor_mobile,
      </if>
      <if test="advisorGender != null">
        advisor_gender,
      </if>
      <if test="advisorAvatar != null">
        advisor_avatar,
      </if>
      <if test="advisorType != null">
        advisor_type,
      </if>

      <if test="isInner != null">
        is_inner,
      </if>
      <if test="inviterUuid != null">
        inviter_uuid,
      </if>
      <if test="advisorRealName != null">
        advisor_real_name,
      </if>
      <if test="advisorIdCardNo != null">
        advisor_id_card_no,
      </if>
      <if test="advisorRegionCode != null">
        advisor_region_code,
      </if>
      <if test="advisorAddress != null">
        advisor_address,
      </if>
      <if test="isEligibleAdvisor != null">
        is_eligible_advisor,
      </if>
      <if test="advisorRiskVersion != null">
        advisor_risk_version,
      </if>
      <if test="advisorRiskScore != null">
        advisor_risk_score,
      </if>
      <if test="advisorRiskAnswer != null">
        advisor_risk_answer,
      </if>
      <if test="advisorInviteCode != null">
        advisor_invite_code,
      </if>
      <if test="signature != null">
        signature,
      </if>
      <if test="deleteFlag != null">
        delete_flag,
      </if>

      <if test="advisorWorkCardUrl != null">
        advisor_work_card_url,
      </if>
      <if test="isCustomerService != null">
        is_customer_service,
      </if>
      <if test="inviterMobile != null">
        inviter_mobile,
      </if>
      <if test="bankCardNo != null">
        bank_card_no,
      </if>
      <if test="bankName != null">
        bank_name,
      </if>
      <if test="bankAddress != null">
        bank_address,
      </if>
      <if test="bankSubbranch != null">
        bank_subbranch,
      </if>
      <if test="advisorAuthStatus != null">
        advisor_auth_status,
      </if>
      <if test="advisorSource != null">
        advisor_source,
      </if>
      <if test="advisorStatus != null">
        advisor_status,
      </if>
      <if test="dataOrgPath != null">
        data_org_path,
      </if>
      <if test="dataUuid != null">
        data_uuid,
      </if>
      create_time,update_time,
    </trim>
    <trim prefix="values (" suffix=")" suffixOverrides=",">
      <if test="userUuid != null">
        #{userUuid,jdbcType=CHAR},
      </if>

      <if test="advisorMobile != null">
        #{advisorMobile,jdbcType=VARCHAR},
      </if>
      <if test="advisorGender != null">
        #{advisorGender,jdbcType=TINYINT},
      </if>
      <if test="advisorAvatar != null">
        #{advisorAvatar,jdbcType=VARCHAR},
      </if>
      <if test="advisorType != null">
        #{advisorType,jdbcType=TINYINT},
      </if>
      <if test="isInner != null">
        #{isInner,jdbcType=TINYINT},
      </if>
      <if test="inviterUuid != null">
        #{inviterUuid,jdbcType=CHAR},
      </if>
      <if test="advisorRealName != null">
        #{advisorRealName,jdbcType=VARCHAR},
      </if>
      <if test="advisorIdCardNo != null">
        #{advisorIdCardNo,jdbcType=VARCHAR},
      </if>
      <if test="advisorRegionCode != null">
        #{advisorRegionCode,jdbcType=VARCHAR},
      </if>
      <if test="advisorAddress != null">
        #{advisorAddress,jdbcType=VARCHAR},
      </if>
      <if test="isEligibleAdvisor != null">
        #{isEligibleAdvisor,jdbcType=TINYINT},
      </if>
      <if test="advisorRiskVersion != null">
        #{advisorRiskVersion,jdbcType=INTEGER},
      </if>
      <if test="advisorRiskScore != null">
        #{advisorRiskScore,jdbcType=INTEGER},
      </if>
      <if test="advisorRiskAnswer != null">
        #{advisorRiskAnswer,jdbcType=VARCHAR},
      </if>
      <if test="advisorInviteCode != null">
        #{advisorInviteCode,jdbcType=VARCHAR},
      </if>
      <if test="signature != null">
        #{signature,jdbcType=VARCHAR},
      </if>
      <if test="deleteFlag != null">
        #{deleteFlag,jdbcType=TINYINT},
      </if>
      <if test="advisorWorkCardUrl != null">
        #{advisorWorkCardUrl,jdbcType=VARCHAR},
      </if>
      <if test="isCustomerService != null">
        #{isCustomerService,jdbcType=TINYINT},
      </if>
      <if test="inviterMobile != null">
        #{inviterMobile,jdbcType=VARCHAR},
      </if>
      <if test="bankCardNo != null">
        #{bankCardNo,jdbcType=VARCHAR},
      </if>
      <if test="bankName != null">
        #{bankName,jdbcType=VARCHAR},
      </if>
      <if test="bankAddress != null">
        #{bankAddress,jdbcType=VARCHAR},
      </if>
      <if test="bankSubbranch != null">
        #{bankSubbranch,jdbcType=VARCHAR},
      </if>
      <if test="advisorAuthStatus != null">
        #{advisorAuthStatus,jdbcType=TINYINT},
      </if>
      <if test="advisorSource != null">
        #{advisorSource,jdbcType=VARCHAR},
      </if>
      <if test="advisorStatus != null">
        #{advisorStatus,jdbcType=TINYINT},
      </if>
      <if test="dataOrgPath != null">
        #{dataOrgPath,jdbcType=VARCHAR},
      </if>
      <if test="dataUuid != null">
        #{dataUuid,jdbcType=VARCHAR},
      </if>
      now(),now(),
    </trim>
  </insert>

  <!--**************************************-->
  <!--删除的where条件不能使用 if判断。这样很容易导致误删除数据 -->
  <!--**************************************-->
  <update id="update" parameterType="java.util.Map">
    update advisor
    <set>

      <if test="advisorMobile != null">
        advisor_mobile = #{advisorMobile,jdbcType=VARCHAR},
      </if>
      <if test="advisorGender != null">
        advisor_gender = #{advisorGender,jdbcType=TINYINT},
      </if>
      <if test="advisorAvatar != null">
        advisor_avatar = #{advisorAvatar,jdbcType=VARCHAR},
      </if>

      <if test="advisorType != null">
        advisor_type = #{advisorType,jdbcType=TINYINT},
      </if>
      <if test="isInner != null">
        is_inner = #{isInner,jdbcType=TINYINT},
      </if>
      <if test="inviterUuid != null">
        inviter_uuid = #{inviterUuid,jdbcType=CHAR},
      </if>
      <if test="advisorRealName != null">
        advisor_real_name = #{advisorRealName,jdbcType=VARCHAR},
      </if>
      <if test="advisorIdCardNo != null">
        advisor_id_card_no = #{advisorIdCardNo,jdbcType=VARCHAR},
      </if>
      <if test="advisorRegionCode != null">
        advisor_region_code = #{advisorRegionCode,jdbcType=VARCHAR},
      </if>
      <if test="advisorAddress != null">
        advisor_address = #{advisorAddress,jdbcType=VARCHAR},
      </if>
      <if test="isEligibleAdvisor != null">
        is_eligible_advisor = #{isEligibleAdvisor,jdbcType=TINYINT},
      </if>
      <if test="advisorRiskVersion != null">
        advisor_risk_version = #{advisorRiskVersion,jdbcType=INTEGER},
      </if>
      <if test="advisorRiskScore != null">
        advisor_risk_score = #{advisorRiskScore,jdbcType=INTEGER},
      </if>
      <if test="advisorRiskAnswer != null">
        advisor_risk_answer = #{advisorRiskAnswer,jdbcType=VARCHAR},
      </if>
      <if test="advisorInviteCode != null">
        advisor_invite_code = #{advisorInviteCode,jdbcType=VARCHAR},
      </if>
      <if test="signature != null">
        signature = #{signature,jdbcType=VARCHAR},
      </if>
      <if test="deleteFlag != null">
        delete_flag = #{deleteFlag,jdbcType=TINYINT},
      </if>
      <if test="advisorWorkCardUrl != null">
        advisor_work_card_url = #{advisorWorkCardUrl,jdbcType=VARCHAR},
      </if>
      <if test="isCustomerService != null">
        is_customer_service = #{isCustomerService,jdbcType=TINYINT},
      </if>
      <if test="inviterMobile != null">
        inviter_mobile = #{inviterMobile,jdbcType=VARCHAR},
      </if>
      <if test="bankCardNo != null">
        bank_card_no = #{bankCardNo,jdbcType=VARCHAR},
      </if>
      <if test="bankName != null">
        bank_name = #{bankName,jdbcType=VARCHAR},
      </if>
      <if test="bankAddress != null">
        bank_address = #{bankAddress,jdbcType=VARCHAR},
      </if>
      <if test="bankSubbranch != null">
        bank_subbranch = #{bankSubbranch,jdbcType=VARCHAR},
      </if>
      <if test="advisorAuthStatus != null">
        advisor_auth_status = #{advisorAuthStatus,jdbcType=TINYINT},
      </if>
      <if test="advisorSource != null">
        advisor_source = #{advisorSource,jdbcType=VARCHAR},
      </if>
      <if test="advisorStatus != null">
        advisor_status = #{advisorStatus,jdbcType=TINYINT},
      </if>
      <if test="dataOrgPath != null">
        data_org_path = #{dataOrgPath,jdbcType=VARCHAR},
      </if>
      <if test="dataUuid != null">
        data_uuid = #{dataUuid,jdbcType=VARCHAR},
      </if>

      update_time = now(),

    </set>
    where user_uuid = #{userUuid,jdbcType=BIGINT}
  </update>
</mapper>