<?xml version="1.0" encoding="UTF-8"?>
<!DOCTYPE mapper PUBLIC "-//mybatis.org//DTD Mapper 3.0//EN" "http://mybatis.org/dtd/mybatis-3-mapper.dtd">
<mapper namespace="cn.zjhf.kingold.user.persistence.dao.AdvisorIdentMapper">
  <resultMap id="BaseResultMap" type="java.util.HashMap">
    <id column="ai_id" jdbcType="BIGINT" property="aiId" />
    <result column="user_uuid" jdbcType="CHAR" property="userUuid" />
    <result column="advisor_real_name" jdbcType="VARCHAR" property="advisorRealName" />
    <result column="advisor_id_card_no" jdbcType="VARCHAR" property="advisorIdCardNo" />
    <result column="advisor_work_card_url" jdbcType="VARCHAR" property="advisorWorkCardUrl" />
    <result column="ai_status" jdbcType="TINYINT" property="aiStatus" />
    <result column="delete_flag" jdbcType="TINYINT" property="deleteFlag" />
    <result column="create_time" jdbcType="TIMESTAMP" property="createTime" />
    <result column="update_time" jdbcType="TIMESTAMP" property="updateTime" />
  </resultMap>

  <sql id="Base_Column_List">
    ai_id, user_uuid, advisor_real_name, advisor_id_card_no, advisor_work_card_url, ai_status,
    delete_flag, create_time, update_time
  </sql>

  <sql id="Example_Where_Clause">
    <where>
      1=1
      and delete_flag = 0

      <choose>
        <when test="userUuidList != null">
          and user_uuid in
          <foreach collection="userUuidList"  item="userUuid" separator="," open="(" close=")">
            #{userUuid,jdbcType=VARCHAR}
          </foreach>
        </when>
        <when test="userUuid != null">
          and user_uuid =#{userUuid,jdbcType=VARCHAR}
        </when>
      </choose>

      <if test="aiStatus != null">
        and ai_status =#{aiStatus,jdbcType=TINYINT}
      </if>
      <if test="advisorRealName != null">
        and advisor_real_name =#{advisorRealName,jdbcType=TINYINT}
      </if>


    </where>
  </sql>


  <select id="get" resultMap="BaseResultMap" >
    SELECT
    <include refid="Base_Column_List" />
    FROM
    advisor_ident
    <include refid="Example_Where_Clause" />
  </select>

  <select id="getList" resultMap="BaseResultMap" >
    SELECT
    <include refid="Base_Column_List" />
    FROM
    advisor_ident

    <include refid="Example_Where_Clause" />


    <choose>
      <when test="orderBy != null">
        order by ${orderBy}
      </when>
      <otherwise>
        order by
        <if test="biUuidList != null">
          FIND_IN_SET( bi_uuid , '
          <foreach collection="biUuidList"  item="biUuid" separator="," open="" close="">
            ${biUuid}
          </foreach>
          ') ,
        </if>
        create_time desc
      </otherwise>
    </choose>

    <if test="pageSize != null and startRow != null">limit ${pageSize} offset ${startRow}</if>
  </select>


  <select id="getCount" resultType="int" >
    SELECT
    count(1)
    FROM
    advisor_ident
    <include refid="Example_Where_Clause" />
  </select>



  <insert id="insert" parameterType="java.util.Map">

    insert into advisor_ident
    <trim prefix="(" suffix=")" suffixOverrides=",">
      <if test="userUuid != null">
        user_uuid,
      </if>
      <if test="advisorRealName != null">
        advisor_real_name,
      </if>
      <if test="advisorIdCardNo != null">
        advisor_id_card_no,
      </if>
      <if test="advisorWorkCardUrl != null">
        advisor_work_card_url,
      </if>
      <if test="aiStatus != null">
        ai_status,
      </if>
      <if test="deleteFlag != null">
        delete_flag,
      </if>
      create_time,update_time,
    </trim>
    <trim prefix="values (" suffix=")" suffixOverrides=",">
      <if test="userUuid != null">
        #{userUuid,jdbcType=CHAR},
      </if>
      <if test="advisorRealName != null">
        #{advisorRealName,jdbcType=VARCHAR},
      </if>
      <if test="advisorIdCardNo != null">
        #{advisorIdCardNo,jdbcType=VARCHAR},
      </if>
      <if test="advisorWorkCardUrl != null">
        #{advisorWorkCardUrl,jdbcType=VARCHAR},
      </if>
      <if test="aiStatus != null">
        #{aiStatus,jdbcType=TINYINT},
      </if>
      <if test="deleteFlag != null">
        #{deleteFlag,jdbcType=TINYINT},
      </if>
      now(),now(),
    </trim>



  </insert>

  <!--**************************************-->
  <!--删除的where条件不能使用 if判断。这样很容易导致误删除数据 -->
  <!--**************************************-->
  <update id="update" parameterType="java.util.Map">
    update advisor_ident
    <set>
      <if test="userUuid != null">
        user_uuid = #{userUuid,jdbcType=CHAR},
      </if>
      <if test="advisorRealName != null">
        advisor_real_name = #{advisorRealName,jdbcType=VARCHAR},
      </if>
      <if test="advisorIdCardNo != null">
        advisor_id_card_no = #{advisorIdCardNo,jdbcType=VARCHAR},
      </if>
      <if test="advisorWorkCardUrl != null">
        advisor_work_card_url = #{advisorWorkCardUrl,jdbcType=VARCHAR},
      </if>
      <if test="aiStatus != null">
        ai_status = #{aiStatus,jdbcType=TINYINT},
      </if>
      <if test="deleteFlag != null">
        delete_flag = #{deleteFlag,jdbcType=TINYINT},
      </if>
      <if test="createTime != null">
        create_time = #{createTime,jdbcType=TIMESTAMP},
      </if>
      <if test="updateTime != null">
        update_time = #{updateTime,jdbcType=TIMESTAMP},
      </if>
    </set>
    where user_uuid = #{userUuid,jdbcType=VARCHAR}


  </update>





</mapper>