<?xml version="1.0" encoding="UTF-8"?>
<!DOCTYPE mapper PUBLIC "-//mybatis.org//DTD Mapper 3.0//EN" "http://mybatis.org/dtd/mybatis-3-mapper.dtd">
<mapper namespace="cn.zjhf.kingold.user.persistence.dao.BankInfoMapper">
  <resultMap id="BaseResultMap" type="java.util.HashMap">
    <id column="bi_uuid" jdbcType="VARCHAR" property="biUuid" />
    <result column="user_uuid" jdbcType="VARCHAR" property="userUuid" />
    <result column="user_name" jdbcType="VARCHAR" property="userName" />
    <result column="bi_user_mobile" jdbcType="VARCHAR" property="biUserMobile" />
    <result column="bi_bank_no" jdbcType="VARCHAR" property="biBankNo" />
    <result column="bi_bank_name" jdbcType="VARCHAR" property="biBankName" />
    <result column="bi_bank_city" jdbcType="VARCHAR" property="biBankCity" />
    <result column="bi_subbranch" jdbcType="VARCHAR" property="biSubbranch" />
    <result column="bi_remark" jdbcType="VARCHAR" property="biRemark" />
    <result column="bi_state" jdbcType="TINYINT" property="biState" />
    <result column="create_time" jdbcType="TIMESTAMP" property="createTime" />
    <result column="update_time" jdbcType="TIMESTAMP" property="updateTime" />
    <result column="delete_flag" jdbcType="TINYINT" property="deleteFlag" />
  </resultMap>

  <sql id="Base_Column_List">
    bi_uuid, user_uuid, user_name, bi_user_mobile, bi_bank_no, bi_bank_name, bi_bank_city,
    bi_subbranch, bi_remark, bi_state, create_time, update_time, delete_flag
  </sql>

  <sql id="Example_Where_Clause">
    <where>
      1=1
      and delete_flag = 0
      <choose>
        <when test="biUuidList != null">
          and bi_uuid in
          <foreach collection="biUuidList"  item="biUuid" separator="," open="(" close=")">
            #{biUuid,jdbcType=VARCHAR}
          </foreach>
        </when>
        <when test="biUuid != null">
          and bi_uuid =#{biUuid,jdbcType=VARCHAR}
        </when>
      </choose>

      <choose>
        <when test="userUuidList != null">
          and user_uuid in
          <foreach collection="userUuidList"  item="userUuid" separator="," open="(" close=")">
            #{userUuid,jdbcType=VARCHAR}
          </foreach>
        </when>
        <when test="userUuid != null">
          and user_uuid =#{userUuid,jdbcType=VARCHAR}
        </when>
      </choose>



    </where>
  </sql>


  <select id="get" resultMap="BaseResultMap" >
    SELECT
    <include refid="Base_Column_List" />
    FROM
    bank_info
    <include refid="Example_Where_Clause" />
  </select>

  <select id="getList" resultMap="BaseResultMap" >
    SELECT
    <include refid="Base_Column_List" />
    FROM
    bank_info

    <include refid="Example_Where_Clause" />


    <choose>
      <when test="orderBy != null">
        order by ${orderBy}
      </when>
      <otherwise>
        order by
        <if test="biUuidList != null">
          FIND_IN_SET( bi_uuid , '
          <foreach collection="biUuidList"  item="biUuid" separator="," open="" close="">
            ${biUuid}
          </foreach>
          ') ,
        </if>
        create_time desc
      </otherwise>
    </choose>

    <if test="pageSize != null and startRow != null">limit ${pageSize} offset ${startRow}</if>
  </select>


  <select id="getCount" resultType="int" >
    SELECT
    count(1)
    FROM
    bank_info
    <include refid="Example_Where_Clause" />
  </select>



  <insert id="insert" parameterType="java.util.Map">

    insert into bank_info
    <trim prefix="(" suffix=")" suffixOverrides=",">
      <if test="userUuid != null">
        user_uuid,
      </if>
      <if test="userName != null">
        user_name,
      </if>
      <if test="biUserMobile != null">
        bi_user_mobile,
      </if>
      <if test="biBankNo != null">
        bi_bank_no,
      </if>
      <if test="biBankName != null">
        bi_bank_name,
      </if>
      <if test="biBankCity != null">
        bi_bank_city,
      </if>
      <if test="biSubbranch != null">
        bi_subbranch,
      </if>
      <if test="biRemark != null">
        bi_remark,
      </if>
      <if test="biState != null">
        bi_state,
      </if>
      <if test="deleteFlag != null">
        delete_flag,
      </if>
      create_time,update_time,
    </trim>
    <trim prefix="values (" suffix=")" suffixOverrides=",">
      <if test="userUuid != null">
        #{userUuid,jdbcType=VARCHAR},
      </if>
      <if test="userName != null">
        #{userName,jdbcType=VARCHAR},
      </if>
      <if test="biUserMobile != null">
        #{biUserMobile,jdbcType=VARCHAR},
      </if>
      <if test="biBankNo != null">
        #{biBankNo,jdbcType=VARCHAR},
      </if>
      <if test="biBankName != null">
        #{biBankName,jdbcType=VARCHAR},
      </if>
      <if test="biBankCity != null">
        #{biBankCity,jdbcType=VARCHAR},
      </if>
      <if test="biSubbranch != null">
        #{biSubbranch,jdbcType=VARCHAR},
      </if>
      <if test="biRemark != null">
        #{biRemark,jdbcType=VARCHAR},
      </if>
      <if test="biState != null">
        #{biState,jdbcType=TINYINT},
      </if>
      <if test="deleteFlag != null">
        #{deleteFlag,jdbcType=TINYINT},
      </if>

      now(),now(),
    </trim>



  </insert>

  <!--**************************************-->
  <!--删除的where条件不能使用 if判断。这样很容易导致误删除数据 -->
  <!--**************************************-->
  <update id="update" parameterType="java.util.Map">
    update bank_info
    <set>
      <if test="userUuid != null">
        user_uuid = #{userUuid,jdbcType=VARCHAR},
      </if>
      <if test="userName != null">
        user_name = #{userName,jdbcType=VARCHAR},
      </if>
      <if test="biUserMobile != null">
        bi_user_mobile = #{biUserMobile,jdbcType=VARCHAR},
      </if>
      <if test="biBankNo != null">
        bi_bank_no = #{biBankNo,jdbcType=VARCHAR},
      </if>
      <if test="biBankName != null">
        bi_bank_name = #{biBankName,jdbcType=VARCHAR},
      </if>
      <if test="biBankCity != null">
        bi_bank_city = #{biBankCity,jdbcType=VARCHAR},
      </if>
      <if test="biSubbranch != null">
        bi_subbranch = #{biSubbranch,jdbcType=VARCHAR},
      </if>
      <if test="biRemark != null">
        bi_remark = #{biRemark,jdbcType=VARCHAR},
      </if>
      <if test="biState != null">
        bi_state = #{biState,jdbcType=TINYINT},
      </if>
      <if test="createTime != null">
        create_time = #{createTime,jdbcType=TIMESTAMP},
      </if>
      <if test="updateTime != null">
        update_time = #{updateTime,jdbcType=TIMESTAMP},
      </if>
      <if test="deleteFlag != null">
        delete_flag = #{deleteFlag,jdbcType=TINYINT},
      </if>
    </set>
    where bi_uuid = #{biUuid,jdbcType=VARCHAR}


  </update>





</mapper>