<?xml version="1.0" encoding="UTF-8" ?>
<!DOCTYPE mapper PUBLIC "-//mybatis.org//DTD Mapper 3.0//EN" "http://mybatis.org/dtd/mybatis-3-mapper.dtd" >
<mapper namespace="cn.zjhf.kingold.user.persistence.dao.EnterpriseInvestorMapper" >
  <resultMap id="BaseResultMap" type="java.util.HashMap" >
    <id column="enterprise_id" property="enterpriseId" jdbcType="BIGINT" />
    <result column="user_uuid" property="userUuid" jdbcType="CHAR" />
    <result column="enterprise_name" property="enterpriseName" jdbcType="VARCHAR" />
    <result column="enterprise_short_name" property="enterpriseShortName" jdbcType="VARCHAR" />
    <result column="enterprise_email" property="enterpriseEmail" jdbcType="VARCHAR" />
    <result column="enterprise_license" property="enterpriseLicense" jdbcType="VARCHAR" />
    <result column="legal_person_name" property="legalPersonName" jdbcType="VARCHAR" />
    <result column="legal_person_id_card_no" property="legalPersonIdCardNo" jdbcType="VARCHAR" />
    <result column="legal_person_mobile" property="legalPersonMobile" jdbcType="VARCHAR" />
    <result column="enterprise_attachment" property="enterpriseAttachment" jdbcType="OTHER" />
    <result column="delete_flag" property="deleteFlag" jdbcType="TINYINT" />
    <result column="create_time" property="createTime" jdbcType="TIMESTAMP" />
    <result column="update_time" property="updateTime" jdbcType="TIMESTAMP" />
  </resultMap>
  <sql id="Base_Column_List" >
    enterprise_id, user_uuid, enterprise_name, enterprise_short_name, enterprise_email,
    enterprise_license, legal_person_name, legal_person_id_card_no, legal_person_mobile,
    enterprise_attachment, delete_flag, create_time, update_time
  </sql>

  <select id="get"  resultMap="BaseResultMap">
  select
  <include refid="Base_Column_List" />
  from enterprise_investor
  where

  <choose>
    <when test="userUuid != null">
      user_uuid = #{userUuid}
    </when>
    <when test="legalPersonMobile != null">
      legal_person_mobile = ${legalPersonMobile}
    </when>
  </choose>
</select>

  <select id="getList"  resultMap="BaseResultMap">
    select
    u.user_id, u.user_uuid, u.user_type, u.user_login_name, u.user_login_password, u.user_pay_password,u.register_merchant_num,u.login_merchant_num,
    u.encrypt_salt, u.register_time, u.register_channel_code, u.register_version_code, u.register_device_id,
    u.register_device_type, u.register_device_name, u.register_device_os, u.register_device_ip,
    u.login_time, u.login_channel_code, u.login_version_code, u.login_device_id, u.login_device_type,
    u.login_device_os, u.login_device_ip, u.signature, u.delete_flag, u.create_time, u.update_time,
    u.user_status,u.user_verify_status,u.user_trade_status,
    ei.enterprise_id, ei.user_uuid, ei.enterprise_name, ei.enterprise_short_name, ei.enterprise_email,
    ei.enterprise_license, ei.legal_person_name, ei.legal_person_id_card_no, ei.legal_person_mobile,
    ei.enterprise_attachment
    from user u, enterprise_investor ei
    where
    u.user_uuid = ei.user_uuid
    <if test="userUuids != null">
      and i.user_uuid in
      <foreach collection="userUuids"  item="uuid" separator="," open="(" close=")">
        #{uuid,jdbcType=VARCHAR}
      </foreach>
      and
    </if>
  </select>

</mapper>