<?xml version="1.0" encoding="UTF-8"?>
<!DOCTYPE mapper PUBLIC "-//mybatis.org//DTD Mapper 3.0//EN" "http://mybatis.org/dtd/mybatis-3-mapper.dtd">
<mapper namespace="cn.zjhf.kingold.user.persistence.dao.InvestorRelationMapper">
  <resultMap id="InvestorRelationMap" type="java.util.HashMap">
    <id column="relation_id" jdbcType="BIGINT" property="relationId" />
    <result column="user_uuid" jdbcType="CHAR" property="userUuid" />
    <result column="inviter_level_one_uuid" jdbcType="CHAR" property="inviterLevelOneUuid" />
    <result column="inviter_level_two_uuid" jdbcType="CHAR" property="inviterLevelTwoUuid" />
    <result column="inviter_level_three_uuid" jdbcType="CHAR" property="inviterLevelThreeUuid" />
    <result column="top_uuid" jdbcType="CHAR" property="topUuid" />
    <result column="top_organization_uuid" jdbcType="CHAR" property="topOrganizationUuid" />
    <result column="top_organization_path" jdbcType="CHAR" property="topOrganizationPath" />
    <result column="delete_flag" jdbcType="TINYINT" property="deleteFlag" />
    <result column="create_time" jdbcType="TIMESTAMP" property="createTime" />
    <result column="update_time" jdbcType="TIMESTAMP" property="updateTime" />
  </resultMap>

  <resultMap id="openidMap" type="java.util.HashMap">
    <result column="user_uuid" jdbcType="CHAR" property="userUuid" />
    <result column="open_id" jdbcType="CHAR" property="openId" />
  </resultMap>
  <sql id="Base_Column_List">
    relation_id, user_uuid, inviter_level_one_uuid, inviter_level_two_uuid, inviter_level_three_uuid, top_uuid,top_organization_uuid,top_organization_path,
    delete_flag, create_time, update_time
  </sql>

  <sql id="Exclude_Delete_Flag">
    and (delete_flag is null or delete_flag = 0)
  </sql>

  <select id="get"  resultMap="InvestorRelationMap">
    select
    <include refid="Base_Column_List" />
    from investor_relation
    WHERE
    <choose>
      <when test="userUuid != null">
        user_uuid = #{userUuid}
      </when>
    </choose>
    <include refid="Exclude_Delete_Flag" />
  </select>

  <insert id="insert" parameterType="java.util.Map">
    insert into investor_relation
    <trim prefix="(" suffix=")" suffixOverrides=",">
      <if test="userUuid != null">
        user_uuid,
      </if>
      <if test="inviterLevelOneUuid != null">
        inviter_level_one_uuid,
      </if>
      <if test="inviterLevelTwoUuid != null">
        inviter_level_two_uuid,
      </if>
      <if test="inviterLevelThreeUuid != null">
        inviter_level_three_uuid,
      </if>
      <if test="topUuid != null">
        top_uuid,
      </if>
      <if test="topOrganizationUuid != null">
        top_organization_uuid,
      </if>
      <if test="topOrganizationPath != null">
        top_organization_path,
      </if>
        create_time,
        update_time
    </trim>
    <trim prefix="values (" suffix=")" suffixOverrides=",">
      <if test="userUuid != null">
        #{userUuid,jdbcType=CHAR},
      </if>
      <if test="inviterLevelOneUuid != null">
        #{inviterLevelOneUuid,jdbcType=CHAR},
      </if>
      <if test="inviterLevelTwoUuid != null">
        #{inviterLevelTwoUuid,jdbcType=CHAR},
      </if>
      <if test="inviterLevelThreeUuid != null">
        #{inviterLevelThreeUuid,jdbcType=CHAR},
      </if>
      <if test="topUuid != null">
        #{topUuid,jdbcType=CHAR},
      </if>
      <if test="topOrganizationUuid != null">
        #{topOrganizationUuid,jdbcType=CHAR},
      </if>
      <if test="topOrganizationPath != null">
        #{topOrganizationPath,jdbcType=CHAR},
      </if>
      now(), now()
    </trim>
  </insert>



  <select id="getList" resultMap="InvestorRelationMap" >
    SELECT
    t1.*
    FROM
    investor_relation t1,
    user t2
    WHERE
    t1.user_uuid=t2.user_uuid
    <if test="userUuid != null">
      and t1.user_uuid = #{userUuid}
    </if>
    <if test="inviterLevelOneUuid != null">
      and t1.inviter_level_one_uuid = #{inviterLevelOneUuid}
    </if>
    <if test="inviterLevelTwoUuid != null">
      and t1.inviter_level_two_uuid = #{inviterLevelTwoUuid}
    </if>
    <if test="inviterLevelThreeUuid != null">
      and t1.inviter_level_three_uuid =#{inviterLevelThreeUuid}
    </if>
    <if test="topUuid != null">
      and t1.top_uuid =#{topUuid}
    </if>
    <if test="userTradeStatus != null and userTradeStatus == 2">
      and t2.user_trade_status = 2
    </if>
    <if test="userTradeStatus != null and userTradeStatus == 1">
      and t2.user_trade_status  &lt;  2
    </if>
    and (t1.delete_flag is null or t1.delete_flag = 0)
    and (t2.delete_flag is null or t2.delete_flag = 0)
    and t2.user_status='0'

    <choose>
      <when test="orderBy != null">
        order by ${orderBy}
      </when>
      <otherwise>
        order by create_time desc
      </otherwise>
    </choose>

    <if test="pageSize != null and startRow != null">limit ${pageSize} offset ${startRow}</if>
  </select>


  <select id="getAllRelation" resultType="java.lang.String" >
    select user_uuid from investor_relation
    where
    inviter_level_one_uuid = #{userUuid} or
    inviter_level_two_uuid = #{userUuid} or
    inviter_level_three_uuid = #{userUuid}
  </select>


  <select id="getCount" resultType="java.lang.Integer" >
    SELECT
    count(1)
    FROM
    investor_relation t1,
    user t2
    WHERE
    t1.user_uuid=t2.user_uuid
    <if test="userUuid != null">
      and t1.user_uuid = #{userUuid}
    </if>
    <if test="inviterLevelOneUuid != null">
      and t1.inviter_level_one_uuid = #{inviterLevelOneUuid}
    </if>
    <if test="inviterLevelTwoUuid != null">
      and t1.inviter_level_two_uuid = #{inviterLevelTwoUuid}
    </if>
    <if test="inviterLevelThreeUuid != null">
      and t1.inviter_level_three_uuid =#{inviterLevelThreeUuid}
    </if>
    <if test="topUuid != null">
      and t1.top_uuid =#{topUuid}
    </if>
    <if test="userTradeStatus != null and userTradeStatus == 2">
    and t2.user_trade_status = 2
  </if>
  <if test="userTradeStatus != null and userTradeStatus == 1">
    and t2.user_trade_status  &lt;  2
  </if>
    and (t1.delete_flag is null or t1.delete_flag = 0)
    and (t2.delete_flag is null or t2.delete_flag = 0)
    and t2.user_status='0'
  </select>

  <select id="getRelationOpenid" parameterType="java.lang.String" resultMap="openidMap">
    SELECT
      t1.user_uuid, t2.open_id
    FROM
      investor_relation t1
        INNER JOIN
      wechat_bind t2 ON t1.user_uuid = t2.user_uuid
    WHERE
        inviter_level_one_uuid = #{userUuid}
        OR inviter_level_two_uuid = #{userUuid}
        OR inviter_level_three_uuid = #{userUuid}
    <if test="pageSize != null and startRow != null">limit ${pageSize} offset ${startRow}</if>
  </select>

  <select id="getUpThreeInvestor" parameterType="java.util.Map" resultType="java.util.Map">
    select '直接邀请人' relation, investor_mobile as investorMobile, investor_real_name as investorRealName from investor where delete_flag = 0 and user_uuid = (
    select ir.inviter_level_one_uuid from investor i, investor_relation ir where i.user_uuid = ir.user_uuid and i.investor_mobile = #{investorMobile})
    union all
    select '间接邀请人' relation, investor_mobile as investorMobile, investor_real_name as investorRealName from investor where delete_flag = 0 and user_uuid = (
    select ir.inviter_level_two_uuid from investor i, investor_relation ir where i.user_uuid = ir.user_uuid and i.investor_mobile = #{investorMobile})
    union all
    select '二度邀请人' relation, investor_mobile as investorMobile, investor_real_name as investorRealName from investor where delete_flag = 0 and user_uuid = (
    select ir.inviter_level_three_uuid from investor i, investor_relation ir where i.user_uuid = ir.user_uuid and i.investor_mobile = #{investorMobile})
  </select>

  <select id="getDownOneInvestor" parameterType="java.util.Map" resultType="java.util.Map">
    select v.investor_mobile as investorMobile, v.investor_real_name as investorRealName, v.user_uuid userUuid, count(irr.user_uuid) as downTwoLevelCount from (
      select i.investor_mobile, i.investor_real_name, i.user_uuid
      from investor i, investor_relation ir, user u
	  where i.user_uuid = ir.user_uuid and ir.user_uuid = u.user_uuid
      and ir.inviter_level_one_uuid = #{userUuid}
      and (ir.delete_flag is null or ir.delete_flag = 0)
      and (u.delete_flag is null or u.delete_flag = 0)
      and u.user_status='0'
      ) v
      left join investor_relation irr on v.user_uuid = irr.inviter_level_one_uuid
      and ( irr.delete_flag IS NULL OR irr.delete_flag = 0 )
      group by v.user_uuid
    <if test="pageSize != null and startRow != null">limit ${pageSize} offset ${startRow}</if>
  </select>
  <select id="getDownOneInvestorCount" parameterType="java.util.Map" resultType="java.lang.Integer">
      select count(*) as downOneInvestorCount
      from investor_relation t1,
      user t2
      where t1.user_uuid=t2.user_uuid
      and t1.inviter_level_one_uuid = #{userUuid}
      and (t1.delete_flag is null or t1.delete_flag = 0)
      and (t2.delete_flag is null or t2.delete_flag = 0)
      and t2.user_status='0'
  </select>

  <select id="getGoldCount" parameterType="java.lang.String" resultType="java.lang.Integer">
    select count(*) as goldCount
    from investor_relation t1,
    user t2
    where t1.user_uuid=t2.user_uuid
    and t1.inviter_level_one_uuid = #{userUuid}
    and (t1.delete_flag is null or t1.delete_flag = 0)
    and (t2.delete_flag is null or t2.delete_flag = 0)
    and t2.user_status='0'
  </select>
  <select id="getSilverCount" parameterType="java.lang.String" resultType="java.lang.Integer">
    select count(*) as silverCount
    from investor_relation t1,
    user t2
    where t1.user_uuid=t2.user_uuid
    and t1.inviter_level_two_uuid = #{userUuid}
    and (t1.delete_flag is null or t1.delete_flag = 0)
    and (t2.delete_flag is null or t2.delete_flag = 0)
    and t2.user_status='0'
  </select>
  <select id="getCopperCount" parameterType="java.lang.String" resultType="java.lang.Integer">
    select count(*) as silverCount
    from investor_relation t1,
    user t2
    where t1.user_uuid=t2.user_uuid
    and t1.inviter_level_three_uuid = #{userUuid}
    and (t1.delete_flag is null or t1.delete_flag = 0)
    and (t2.delete_flag is null or t2.delete_flag = 0)
    and t2.user_status='0'
  </select>



  <select id="getFatherAndSonAndSelfList" resultMap="InvestorRelationMap" >
    select kuu.user_uuid  from
    (
    select kuir.user_uuid as user_uuid from
    investor_relation kuir
    where inviter_level_one_uuid = #{userUuid}
    union
    select kuir.inviter_level_one_uuid as user_uuid from
    investor_relation kuir
    where user_uuid =#{userUuid}
    UNION
    select #{userUuid} as user_uuid
    ) kuu
    LEFT JOIN user kcc on kcc.user_uuid = kuu.user_uuid
    where 1=1
    <choose>
      <when test="orderBy != null">
        order by ${orderBy}
      </when>
      <otherwise>
        order by kcc.create_time desc
      </otherwise>
    </choose>

    <if test="pageSize != null and startRow != null">limit ${pageSize} offset ${startRow}</if>
  </select>


  <select id="getFatherAndSonAndSelfCount" resultMap="InvestorRelationMap" >
    select count(kuu.user_uuid) as fatherAndSonAndSelfCount  from
    (
    select kuir.user_uuid as user_uuid from
    investor_relation kuir
    where inviter_level_one_uuid = #{userUuid}
    union
    select kuir.inviter_level_one_uuid as user_uuid from
    investor_relation kuir
    where user_uuid =#{userUuid}
    UNION
    select #{userUuid} as user_uuid
    ) kuu
    LEFT JOIN user kcc on kcc.user_uuid = kuu.user_uuid
    where 1=1

  </select>

</mapper>