<?xml version="1.0" encoding="UTF-8" ?>
<!DOCTYPE mapper PUBLIC "-//mybatis.org//DTD Mapper 3.0//EN" "http://mybatis.org/dtd/mybatis-3-mapper.dtd" >
<mapper namespace="cn.zjhf.kingold.user.persistence.dao.InvestorChangeLogMapper" >
  <resultMap id="BaseResultMap" type="cn.zjhf.kingold.user.entity.InvestorChangeLog" >
    <id column="id" property="id" jdbcType="INTEGER" />
    <result column="user_uuid" property="userUuid" jdbcType="CHAR" />
    <result column="before_user_type" property="beforeUserType" jdbcType="INTEGER" />
    <result column="after_user_type" property="afterUserType" jdbcType="INTEGER" />
    <result column="change_type" property="changeType" jdbcType="INTEGER" />
    <result column="change_reason" property="changeReason" jdbcType="VARCHAR" />
    <result column="delete_flag" property="deleteFlag" jdbcType="TINYINT" />
    <result column="create_time" property="createTime" jdbcType="TIMESTAMP" />
  </resultMap>
  <sql id="Base_Column_List" >
    id, user_uuid, before_user_type, after_user_type, change_type, change_reason, delete_flag, 
    create_time
  </sql>
  <select id="selectByPrimaryKey" resultMap="BaseResultMap" parameterType="java.lang.Integer" >
    select 
    <include refid="Base_Column_List" />
    from investor_change_log
    where id = #{id,jdbcType=INTEGER}
  </select>

  <select id="selectByUserUuid" resultMap="BaseResultMap" parameterType="java.lang.String" >
    select
    <include refid="Base_Column_List" />
    from investor_change_log
    where user_uuid = #{userUuid}
  </select>
  <delete id="deleteByPrimaryKey" parameterType="java.lang.Integer" >
    delete from investor_change_log
    where id = #{id,jdbcType=INTEGER}
  </delete>
  <insert id="insert" parameterType="cn.zjhf.kingold.user.entity.InvestorChangeLog" >
    insert into investor_change_log (id, user_uuid, before_user_type, 
      after_user_type, change_type, change_reason, 
      delete_flag, create_time)
    values (#{id,jdbcType=INTEGER}, #{userUuid,jdbcType=CHAR}, #{beforeUserType,jdbcType=INTEGER}, 
      #{afterUserType,jdbcType=INTEGER}, #{changeType,jdbcType=INTEGER}, #{changeReason,jdbcType=VARCHAR}, 
      #{deleteFlag,jdbcType=TINYINT}, #{createTime,jdbcType=TIMESTAMP})
  </insert>
  <insert id="insertSelective" parameterType="cn.zjhf.kingold.user.entity.InvestorChangeLog" >
    insert into investor_change_log
    <trim prefix="(" suffix=")" suffixOverrides="," >
      <if test="id != null" >
        id,
      </if>
      <if test="userUuid != null" >
        user_uuid,
      </if>
      <if test="beforeUserType != null" >
        before_user_type,
      </if>
      <if test="afterUserType != null" >
        after_user_type,
      </if>
      <if test="changeType != null" >
        change_type,
      </if>
      <if test="changeReason != null" >
        change_reason,
      </if>
      <if test="deleteFlag != null" >
        delete_flag,
      </if>
      <if test="createTime != null" >
        create_time,
      </if>
    </trim>
    <trim prefix="values (" suffix=")" suffixOverrides="," >
      <if test="id != null" >
        #{id,jdbcType=INTEGER},
      </if>
      <if test="userUuid != null" >
        #{userUuid,jdbcType=CHAR},
      </if>
      <if test="beforeUserType != null" >
        #{beforeUserType,jdbcType=INTEGER},
      </if>
      <if test="afterUserType != null" >
        #{afterUserType,jdbcType=INTEGER},
      </if>
      <if test="changeType != null" >
        #{changeType,jdbcType=INTEGER},
      </if>
      <if test="changeReason != null" >
        #{changeReason,jdbcType=VARCHAR},
      </if>
      <if test="deleteFlag != null" >
        #{deleteFlag,jdbcType=TINYINT},
      </if>
      <if test="createTime != null" >
        #{createTime,jdbcType=TIMESTAMP},
      </if>
    </trim>
  </insert>
  <update id="updateByPrimaryKeySelective" parameterType="cn.zjhf.kingold.user.entity.InvestorChangeLog" >
    update investor_change_log
    <set >
      <if test="userUuid != null" >
        user_uuid = #{userUuid,jdbcType=CHAR},
      </if>
      <if test="beforeUserType != null" >
        before_user_type = #{beforeUserType,jdbcType=INTEGER},
      </if>
      <if test="afterUserType != null" >
        after_user_type = #{afterUserType,jdbcType=INTEGER},
      </if>
      <if test="changeType != null" >
        change_type = #{changeType,jdbcType=INTEGER},
      </if>
      <if test="changeReason != null" >
        change_reason = #{changeReason,jdbcType=VARCHAR},
      </if>
      <if test="deleteFlag != null" >
        delete_flag = #{deleteFlag,jdbcType=TINYINT},
      </if>
      <if test="createTime != null" >
        create_time = #{createTime,jdbcType=TIMESTAMP},
      </if>
    </set>
    where id = #{id,jdbcType=INTEGER}
  </update>
  <update id="updateByPrimaryKey" parameterType="cn.zjhf.kingold.user.entity.InvestorChangeLog" >
    update investor_change_log
    set user_uuid = #{userUuid,jdbcType=CHAR},
      before_user_type = #{beforeUserType,jdbcType=INTEGER},
      after_user_type = #{afterUserType,jdbcType=INTEGER},
      change_type = #{changeType,jdbcType=INTEGER},
      change_reason = #{changeReason,jdbcType=VARCHAR},
      delete_flag = #{deleteFlag,jdbcType=TINYINT},
      create_time = #{createTime,jdbcType=TIMESTAMP}
    where id = #{id,jdbcType=INTEGER}
  </update>
</mapper>