<?xml version="1.0" encoding="UTF-8"?>
<!DOCTYPE mapper PUBLIC "-//mybatis.org//DTD Mapper 3.0//EN" "http://mybatis.org/dtd/mybatis-3-mapper.dtd">
<mapper namespace="cn.zjhf.kingold.user.persistence.dao.InvestorMapper">
  <resultMap id="investorInfo" type="java.util.HashMap">
    <id column="investor_id" jdbcType="BIGINT" property="investorId" />
    <result column="user_uuid" jdbcType="CHAR" property="userUuid" />
    <result column="investor_organization_uuid" jdbcType="CHAR" property="investorOrganizationUuid" />
    <result column="investor_organization_path" jdbcType="CHAR" property="investorOrganizationPath" />
    <result column="investor_mobile" jdbcType="VARCHAR" property="investorMobile" />
    <result column="investor_gender" jdbcType="TINYINT" property="investorGender" />
    <result column="investor_avatar" jdbcType="VARCHAR" property="investorAvatar" />
    <result column="investor_type" jdbcType="TINYINT" property="investorType" />
    <result column="is_inner" jdbcType="TINYINT" property="isInner" />
    <result column="inviter_uuid" jdbcType="CHAR" property="inviterUuid" />
    <result column="investor_real_name" jdbcType="VARCHAR" property="investorRealName" />
    <result column="investor_id_card_no" jdbcType="VARCHAR" property="investorIdCardNo" />
    <result column="investor_region_code" jdbcType="VARCHAR" property="investorRegionCode" />
    <result column="investor_address" jdbcType="VARCHAR" property="investorAddress" />
    <result column="is_eligible_investor" jdbcType="TINYINT" property="isEligibleInvestor" />
    <result column="investor_risk_score" jdbcType="INTEGER" property="investorRiskScore" />
    <result column="investor_risk_version" jdbcType="INTEGER" property="investorRiskVersion" />
    <result column="investor_risk_answer" jdbcType="VARCHAR" property="investorRiskAnswer" />
    <result column="signature" jdbcType="VARCHAR" property="signature" />
    <result column="delete_flag" jdbcType="TINYINT" property="deleteFlag" />
    <result column="create_time" jdbcType="TIMESTAMP" property="createTime" />
    <result column="update_time" jdbcType="TIMESTAMP" property="updateTime" />
  </resultMap>
  <sql id="Base_Column_List">
    investor_id, user_uuid, investor_organization_uuid,investor_organization_path, investor_mobile, investor_gender,
    investor_avatar, investor_type, is_inner, inviter_uuid,
    investor_real_name, investor_id_card_no, investor_region_code, investor_address,
    is_eligible_investor, investor_risk_score, investor_risk_version, investor_risk_answer, signature, delete_flag, create_time, update_time
  </sql>

  <sql id="Exclude_Delete_Flag">
    and (delete_flag is null or delete_flag = 0)
  </sql>


  <select id="get" resultMap="investorInfo" >
    SELECT
    <include refid="Base_Column_List" />
    FROM
    investor
    WHERE
    <choose>
      <when test="userUuid != null">
        user_uuid = #{userUuid}
      </when>
      <when test="investorMobile != null">
        investor_mobile = #{investorMobile}
      </when>
      <when test="investorIdCardNo != null">
        investor_id_card_no = #{investorIdCardNo}
      </when>
    </choose>
    <include refid="Exclude_Delete_Flag" />
  </select>

  <select id="count" resultType="java.lang.Integer" >
    SELECT
    count(1)
    FROM
    investor
    WHERE
    <choose>
      <when test="userUuid != null">
        user_uuid = #{userUuid}
      </when>
      <when test="investorMobile != null">
        investor_mobile = #{investorMobile}
      </when>
      <when test="investorIdCardNo != null">
        investor_id_card_no = #{investorIdCardNo}
      </when>
    </choose>
    <include refid="Exclude_Delete_Flag" />
  </select>

  <select id="getList" resultMap="investorInfo" >
    SELECT
    <include refid="Base_Column_List" />
    FROM
    investor
    WHERE
    <if test="investorType != null">
      investor_type = #{investorType} and
    </if>
    <if test="investorRealName != null">
      investor_real_name = #{investorRealName} and
    </if>
    <if test="investorMobile != null">
      investor_mobile = #{investorMobile} and
    </if>
    <if test="userUuids != null">
      user_uuid in
      <foreach collection="userUuids"  item="uuid" separator="," open="(" close=")">
        #{uuid,jdbcType=VARCHAR}
      </foreach>
    </if>

    (delete_flag is null or delete_flag = 0)

    <if test="pageSize != null and startRow != null">limit ${pageSize} offset ${startRow}</if>
  </select>

  <insert id="insert" parameterType="java.util.Map">
    insert into investor
    <trim prefix="(" suffix=")" suffixOverrides=",">
      <if test="investorId != null">
        investor_id,
      </if>
      <if test="userUuid != null">
        user_uuid,
      </if>
      <if test="investorOrganizationUuid != null">
        investor_organization_uuid,
      </if>
      <if test="investorOrganizationPath != null">
        investor_organization_path,
      </if>
      <if test="investorMobile != null">
        investor_mobile,
      </if>
      <if test="investorGender != null">
        investor_gender,
      </if>
      <if test="investorAvatar != null">
        investor_avatar,
      </if>
      <if test="investorType != null">
        investor_type,
      </if>
      <if test="isInner != null">
        is_inner,
      </if>
      <if test="inviterUuid != null">
        inviter_uuid,
      </if>
      <if test="investorRealName != null">
        investor_real_name,
      </if>
      <if test="investorIdCardNo != null">
        investor_id_card_no,
      </if>
      <if test="investorRegionCode != null">
        investor_region_code,
      </if>
      <if test="investorAddress != null">
        investor_address,
      </if>
      <if test="isEligibleInvestor != null">
        is_eligible_investor,
      </if>
      <if test="investorRiskScore != null">
        investor_risk_score,
      </if>
      <if test="investorRiskVersion != null">
        investor_risk_version,
      </if>
      <if test="investorRiskAnswer != null">
        investor_risk_answer,
      </if>
      <if test="signature != null">
        signature,
      </if>
      <if test="deleteFlag != null">
        delete_flag,
      </if>
        create_time,
        update_time
    </trim>
    <trim prefix="values (" suffix=")" suffixOverrides=",">
      <if test="investorId != null">
        #{investorId,jdbcType=BIGINT},
      </if>
      <if test="userUuid != null">
        #{userUuid,jdbcType=CHAR},
      </if>
      <if test="investorOrganizationUuid != null">
        #{investorOrganizationUuid,jdbcType=CHAR},
      </if>
      <if test="investorOrganizationPath != null">
        #{investorOrganizationPath,jdbcType=CHAR},
      </if>
      <if test="investorMobile != null">
        #{investorMobile,jdbcType=VARCHAR},
      </if>
      <if test="investorGender != null">
        #{investorGender,jdbcType=TINYINT},
      </if>
      <if test="investorAvatar != null">
        #{investorAvatar,jdbcType=VARCHAR},
      </if>
      <if test="investorType != null">
        #{investorType,jdbcType=TINYINT},
      </if>
      <if test="isInner != null">
        #{isInner,jdbcType=TINYINT},
      </if>
      <if test="inviterUuid != null">
        #{inviterUuid,jdbcType=CHAR},
      </if>
      <if test="investorRealName != null">
        #{investorRealName,jdbcType=VARCHAR},
      </if>
      <if test="investorIdCardNo != null">
        #{investorIdCardNo,jdbcType=VARCHAR},
      </if>
      <if test="investorRegionCode != null">
        #{investorRegionCode,jdbcType=VARCHAR},
      </if>
      <if test="investorAddress != null">
        #{investorAddress,jdbcType=VARCHAR},
      </if>
      <if test="isEligibleInvestor != null">
        #{isEligibleInvestor,jdbcType=TINYINT},
      </if>
      <if test="investorRiskScore != null">
        #{investorRiskScore,jdbcType=INTEGER},
      </if>
      <if test="investorRiskVersion != null">
        #{investorRiskVersion,jdbcType=INTEGER},
      </if>
      <if test="investorRiskAnswer != null">
        #{investorRiskAnswer,jdbcType=VARCHAR},
      </if>
      <if test="signature != null">
        #{signature,jdbcType=VARCHAR},
      </if>
      <if test="deleteFlag != null">
        #{deleteFlag,jdbcType=TINYINT},
      </if>
      now(), now()
    </trim>
  </insert>

  <update id="update"  parameterType="java.util.Map">
    update investor
    <set>
      <if test="investorOrganizationUuid != null">
        investor_organization_uuid = #{investorOrganizationUuid,jdbcType=CHAR},
      </if>
      <if test="investorOrganizationPath != null">
        investor_organization_path = #{investorOrganizationPath,jdbcType=CHAR},
      </if>
      <if test="investorMobile != null">
        investor_mobile = #{investorMobile,jdbcType=VARCHAR},
      </if>
      <if test="investorGender != null">
        investor_gender = #{investorGender,jdbcType=TINYINT},
      </if>
      <if test="investorAvatar != null">
        investor_avatar = #{investorAvatar,jdbcType=VARCHAR},
      </if>
      <if test="investorType != null">
        investor_type = #{investorType,jdbcType=TINYINT},
      </if>
      <if test="isInner != null">
        is_inner = #{isInner,jdbcType=TINYINT},
      </if>
      <if test="inviterUuid != null">
        inviter_uuid = #{inviterUuid,jdbcType=CHAR},
      </if>
      <if test="investorRealName != null">
        investor_real_name = #{investorRealName,jdbcType=VARCHAR},
      </if>
      <if test="investorIdCardNo != null">
        investor_id_card_no = #{investorIdCardNo,jdbcType=VARCHAR},
      </if>
      <if test="investorRegionCode != null">
        investor_region_code = #{investorRegionCode,jdbcType=VARCHAR},
      </if>
      <if test="investorAddress != null">
        investor_address = #{investorAddress,jdbcType=VARCHAR},
      </if>
      <if test="isEligibleInvestor != null">
        is_eligible_investor = #{isEligibleInvestor,jdbcType=TINYINT},
      </if>
      <if test="investorRiskScore != null">
        investor_risk_score = #{investorRiskScore,jdbcType=INTEGER},
      </if>
      <if test="investorRiskVersion != null">
        investor_risk_version = #{investorRiskVersion,jdbcType=INTEGER},
      </if>
      <if test="investorRiskAnswer != null">
        investor_risk_answer = #{investorRiskAnswer,jdbcType=VARCHAR},
      </if>
      <if test="signature != null">
        signature = #{signature,jdbcType=VARCHAR},
      </if>
      <if test="deleteFlag != null">
        delete_flag = #{deleteFlag,jdbcType=TINYINT},
      </if>
        update_time = now()
    </set>
    where user_uuid = #{userUuid,jdbcType=VARCHAR}
  </update>
</mapper>