<?xml version="1.0" encoding="UTF-8" ?>
<!DOCTYPE mapper PUBLIC "-//mybatis.org//DTD Mapper 3.0//EN" "http://mybatis.org/dtd/mybatis-3-mapper.dtd" >
<mapper namespace="cn.zjhf.kingold.user.persistence.dao.InvestorMobileContactMapper" >
  <resultMap id="BaseResultMap" type="cn.zjhf.kingold.user.entity.InvestorMobileContact" >
    <id column="id" property="id" jdbcType="BIGINT" />
    <result column="user_uuid" property="userUuid" jdbcType="CHAR" />
    <result column="investor_mobile" property="investorMobile" jdbcType="VARCHAR" />
    <result column="contact_mobile" property="contactMobile" jdbcType="VARCHAR" />
    <result column="contact_name" property="contactName" jdbcType="CHAR" />
    <result column="delete_flag" property="deleteFlag" jdbcType="TINYINT" />
    <result column="create_time" property="createTime" jdbcType="TIMESTAMP" />
    <result column="update_time" property="updateTime" jdbcType="TIMESTAMP" />
  </resultMap>
  <sql id="Base_Column_List" >
    id, user_uuid, investor_mobile, contact_mobile, contact_name, delete_flag, create_time, 
    update_time
  </sql>
  <select id="selectByPrimaryKey" resultMap="BaseResultMap" parameterType="java.lang.Long" >
    select 
    <include refid="Base_Column_List" />
    from investor_mobile_contact
    where id = #{id,jdbcType=BIGINT}
  </select>
  <delete id="deleteByPrimaryKey" parameterType="java.lang.Long" >
    delete from investor_mobile_contact
    where id = #{id,jdbcType=BIGINT}
  </delete>
  <insert id="insert" parameterType="cn.zjhf.kingold.user.entity.InvestorMobileContact" >
    insert into investor_mobile_contact ( user_uuid, investor_mobile,
      contact_mobile, contact_name, delete_flag, 
      create_time, update_time)
    values ( #{userUuid,jdbcType=CHAR}, #{investorMobile,jdbcType=VARCHAR},
      #{contactMobile,jdbcType=VARCHAR}, #{contactName,jdbcType=CHAR}, #{deleteFlag,jdbcType=TINYINT}, 
      #{createTime,jdbcType=TIMESTAMP}, #{updateTime,jdbcType=TIMESTAMP})
  </insert>

  <insert id="batchInsert" parameterType="cn.zjhf.kingold.user.entity.InvestorMobileContact" >
    insert into investor_mobile_contact (user_uuid, investor_mobile,
    contact_mobile, contact_name,create_time, update_time)
    values
    <foreach collection="list" item="item" index="index" separator="," >
      (
      #{item.userUuid,jdbcType=CHAR}, #{item.investorMobile,jdbcType=VARCHAR},
      #{item.contactMobile,jdbcType=VARCHAR}, #{item.contactName,jdbcType=CHAR},now(), now()
      )
    </foreach>
    on duplicate key update contact_name = VALUES(contact_name)
  </insert>

  <insert id="insertSelective" parameterType="cn.zjhf.kingold.user.entity.InvestorMobileContact" >
    insert into investor_mobile_contact
    <trim prefix="(" suffix=")" suffixOverrides="," >
      <if test="id != null" >
        id,
      </if>
      <if test="userUuid != null" >
        user_uuid,
      </if>
      <if test="investorMobile != null" >
        investor_mobile,
      </if>
      <if test="contactMobile != null" >
        contact_mobile,
      </if>
      <if test="contactName != null" >
        contact_name,
      </if>
      <if test="deleteFlag != null" >
        delete_flag,
      </if>
      <if test="createTime != null" >
        create_time,
      </if>
      <if test="updateTime != null" >
        update_time,
      </if>
    </trim>
    <trim prefix="values (" suffix=")" suffixOverrides="," >
      <if test="id != null" >
        #{id,jdbcType=BIGINT},
      </if>
      <if test="userUuid != null" >
        #{userUuid,jdbcType=CHAR},
      </if>
      <if test="investorMobile != null" >
        #{investorMobile,jdbcType=VARCHAR},
      </if>
      <if test="contactMobile != null" >
        #{contactMobile,jdbcType=VARCHAR},
      </if>
      <if test="contactName != null" >
        #{contactName,jdbcType=CHAR},
      </if>
      <if test="deleteFlag != null" >
        #{deleteFlag,jdbcType=TINYINT},
      </if>
      <if test="createTime != null" >
        #{createTime,jdbcType=TIMESTAMP},
      </if>
      <if test="updateTime != null" >
        #{updateTime,jdbcType=TIMESTAMP},
      </if>
    </trim>
  </insert>
  <update id="updateByPrimaryKeySelective" parameterType="cn.zjhf.kingold.user.entity.InvestorMobileContact" >
    update investor_mobile_contact
    <set >
      <if test="userUuid != null" >
        user_uuid = #{userUuid,jdbcType=CHAR},
      </if>
      <if test="investorMobile != null" >
        investor_mobile = #{investorMobile,jdbcType=VARCHAR},
      </if>
      <if test="contactMobile != null" >
        contact_mobile = #{contactMobile,jdbcType=VARCHAR},
      </if>
      <if test="contactName != null" >
        contact_name = #{contactName,jdbcType=CHAR},
      </if>
      <if test="deleteFlag != null" >
        delete_flag = #{deleteFlag,jdbcType=TINYINT},
      </if>
      <if test="createTime != null" >
        create_time = #{createTime,jdbcType=TIMESTAMP},
      </if>
      <if test="updateTime != null" >
        update_time = #{updateTime,jdbcType=TIMESTAMP},
      </if>
    </set>
    where id = #{id,jdbcType=BIGINT}
  </update>
  <update id="updateByPrimaryKey" parameterType="cn.zjhf.kingold.user.entity.InvestorMobileContact" >
    update investor_mobile_contact
    set user_uuid = #{userUuid,jdbcType=CHAR},
      investor_mobile = #{investorMobile,jdbcType=VARCHAR},
      contact_mobile = #{contactMobile,jdbcType=VARCHAR},
      contact_name = #{contactName,jdbcType=CHAR},
      delete_flag = #{deleteFlag,jdbcType=TINYINT},
      create_time = #{createTime,jdbcType=TIMESTAMP},
      update_time = #{updateTime,jdbcType=TIMESTAMP}
    where id = #{id,jdbcType=BIGINT}
  </update>
</mapper>