<?xml version="1.0" encoding="UTF-8"?>
<!DOCTYPE mapper PUBLIC "-//mybatis.org//DTD Mapper 3.0//EN" "http://mybatis.org/dtd/mybatis-3-mapper.dtd">
<mapper namespace="cn.zjhf.kingold.user.persistence.dao.IssuerMapper">
  <resultMap id="BaseResultMap" type="java.util.HashMap">
    <id column="issuer_id" jdbcType="BIGINT" property="issuerId" />
    <result column="user_uuid" jdbcType="CHAR" property="userUuid" />
    <result column="issuer_name" jdbcType="VARCHAR" property="issuerName" />
    <result column="issuer_short_name" jdbcType="VARCHAR" property="issuerShortName" />
    <result column="issuer_email" jdbcType="VARCHAR" property="issuerEmail" />
    <result column="issuer_license" jdbcType="VARCHAR" property="issuerLicense" />
    <result column="legal_person_name" jdbcType="VARCHAR" property="legalPersonName" />
    <result column="legal_person_id_card_no" jdbcType="VARCHAR" property="legalPersonIdCardNo" />
    <result column="legal_person_mobile" jdbcType="VARCHAR" property="legalPersonMobile" />
    <result column="issuer_attachment" jdbcType="OTHER" property="issuerAttachment" />
    <result column="delete_flag" jdbcType="TINYINT" property="deleteFlag" />
    <result column="create_time" jdbcType="TIMESTAMP" property="createTime" />
    <result column="update_time" jdbcType="TIMESTAMP" property="updateTime" />
  </resultMap>
  <sql id="Base_Column_List">
    issuer_id, user_uuid, issuer_name, issuer_short_name, issuer_email, issuer_license,
    legal_person_name, legal_person_id_card_no, legal_person_mobile, issuer_attachment,
    delete_flag, create_time, update_time
  </sql>
  <select id="get"  resultMap="BaseResultMap">
    select
    <include refid="Base_Column_List" />
    from issuer where
    <choose>
      <when test="userUuid != null">
        user_uuid = #{userUuid}
      </when>
      <when test="legalPersonMobile != null">
        legal_person_mobile = ${legalPersonMobile}
      </when>
    </choose>
  </select>
</mapper>