<?xml version="1.0" encoding="UTF-8"?>
<!DOCTYPE mapper PUBLIC "-//mybatis.org//DTD Mapper 3.0//EN" "http://mybatis.org/dtd/mybatis-3-mapper.dtd">
<mapper namespace="cn.zjhf.kingold.user.persistence.dao.TradeOrderMapper">
    <resultMap id="BaseResultMap" type="java.util.HashMap">
        <id column="order_bill_code" jdbcType="CHAR" property="orderBillCode" />
        <result column="user_uuid" jdbcType="CHAR" property="userUuid" />
        <result column="user_type" jdbcType="SMALLINT" property="userType" />
        <result column="investor_organization_uuid" jdbcType="CHAR" property="investorOrganizationUuid" />
        <result column="user_name" jdbcType="VARCHAR" property="userName" />
        <result column="user_phone" jdbcType="VARCHAR" property="userPhone" />
        <result column="account_uuid" jdbcType="CHAR" property="accountUuid" />
        <result column="account_no" jdbcType="VARCHAR" property="accountNo" />
        <result column="transaction_channel" jdbcType="VARCHAR" property="transactionChannel" />
        <result column="transaction_time" jdbcType="TIMESTAMP" property="transactionTime" />
        <result column="product_uuid" jdbcType="CHAR" property="productUuid" />
        <result column="product_code" jdbcType="VARCHAR" property="productCode" />
        <result column="product_abbr_name" jdbcType="VARCHAR" property="productAbbrName" />
        <result column="product_annual_interest_rate" jdbcType="DECIMAL" property="productAnnualInterestRate" />
        <result column="product_interest_date" jdbcType="INTEGER" property="productInterestDate" />
        <result column="product_expiring_date" jdbcType="INTEGER" property="productExpiringDate" />
        <result column="product_payment_date" jdbcType="INTEGER" property="productPaymentDate" />
        <result column="order_amount" jdbcType="DECIMAL" property="orderAmount" />
        <result column="expected_profit_amount" jdbcType="DECIMAL" property="expectedProfitAmount" />
        <result column="paid_amount" jdbcType="DECIMAL" property="paidAmount" />
        <result column="marketing_amount" jdbcType="DECIMAL" property="marketingAmount" />
        <result column="product_price" jdbcType="DECIMAL" property="productPrice" />
        <result column="order_share" jdbcType="DECIMAL" property="orderShare" />
        <result column="profit_amount" jdbcType="DECIMAL" property="profitAmount" />
        <result column="cash_amount" jdbcType="DECIMAL" property="cashAmount" />
        <result column="order_status" jdbcType="TINYINT" property="orderStatus" />
        <result column="payed_time" jdbcType="TIMESTAMP" property="payedTime" />
        <result column="marketing_paid_time" jdbcType="TIMESTAMP" property="marketingPaidTime" />
        <result column="clear_time" jdbcType="TIMESTAMP" property="clearTime" />
        <result column="cancel_reason" jdbcType="TINYINT" property="cancelReason" />
        <result column="cancel_time" jdbcType="TIMESTAMP" property="cancelTime" />
        <result column="strategy_ids" jdbcType="VARCHAR" property="strategyIds" />
        <result column="product_period_type" jdbcType="SMALLINT" property="productPeriodType" />
        <result column="product_period" jdbcType="VARCHAR" property="productPeriod" />

        <result column="belong_merchant_num" jdbcType="VARCHAR" property="belongMerchantNum" />
        <result column="product_increase_interest_rate" jdbcType="DECIMAL" property="productIncreaseInterestRate" />

        <result column="signature" jdbcType="VARCHAR" property="signature" />
        <result column="delete_flag" jdbcType="TINYINT" property="deleteFlag" />
        <result column="create_time" jdbcType="TIMESTAMP" property="createTime" />
        <result column="update_time" jdbcType="TIMESTAMP" property="updateTime" />
        <result column="marketing_rate_amount" jdbcType="DECIMAL" property="marketingRateAmount" />
        <result column="product_period_type" jdbcType="VARCHAR" property="productPeriodType" />
        <result column="product_period" jdbcType="INTEGER" property="productPeriod" />
        <result column="service_user_uuid" property="serviceUserUuid" jdbcType="VARCHAR"/>
        <result column="service_user_org_path" property="serviceUserOrgPath" jdbcType="VARCHAR"/>
        <result column="belong_merchant_num" jdbcType="VARCHAR" property="belongMerchantNum"/>
        <result column="subcontract_filepath" jdbcType="VARCHAR" property="subcontractFilepath"/>
        <result column="subcontract_time" jdbcType="TIMESTAMP" property="subcontractTime"/>
        <result column="subcontract_no" jdbcType="VARCHAR" property="subcontractNo"/>
        <result column="unique_identifier" jdbcType="VARCHAR" property="uniqueIdentifier"/>
        <result column="channel_commission_flag" jdbcType="CHAR" property="channelCommissionFlag" />
    </resultMap>

    <resultMap id="linkedList" extends="BaseResultMap" type="java.util.HashMap">
        <result column="trade_order_bill_code" jdbcType="VARCHAR" property="tradeOrderBillCode" />
        <result column="trade_order_bill_code_extend" jdbcType="VARCHAR" property="tradeOrderBillCodeExtend" />
        <result column="account_type" jdbcType="CHAR" property="accountType" />
    </resultMap>

    <sql id="Base_Column_List">
         order_bill_code, user_uuid, user_type, investor_organization_uuid, user_name, user_phone,product_period_type,product_period,belong_merchant_num,product_increase_interest_rate,
    account_uuid, account_no, transaction_channel, transaction_time, product_uuid, product_code,
    product_abbr_name, product_annual_interest_rate, product_interest_date, product_expiring_date,
    product_payment_date, order_amount, expected_profit_amount, paid_amount, marketing_amount,
    product_price, order_share, profit_amount, cash_amount, order_status, payed_time,
    marketing_paid_time, clear_time, cancel_reason, cancel_time, strategy_ids, signature,
    delete_flag, create_time, update_time,marketing_rate_amount,product_period_type,product_period,service_user_uuid,service_user_org_path,belong_merchant_num,
    subcontract_filepath,subcontract_time,subcontract_no,unique_identifier,channel_commission_flag
    </sql>

    <select id="get" parameterType="java.lang.String" resultMap="BaseResultMap">
        select
        <include refid="Base_Column_List"/>
        from trade_order
        where order_bill_code = #{orderBillCode,jdbcType=CHAR}
    </select>

    <insert id="insert" parameterType="java.util.HashMap">
        insert into trade_order
        <trim prefix="(" suffix=")" suffixOverrides=",">
            <if test="orderBillCode != null">
                order_bill_code,
            </if>
            <if test="userUuid != null">
                user_uuid,
            </if>
            <if test="userType != null">
                user_type,
            </if>
            <if test="investorOrganizationUuid != null">
                investor_organization_uuid,
            </if>
            <if test="userName != null">
                user_name,
            </if>
            <if test="userPhone != null">
                user_phone,
            </if>
            <if test="accountUuid != null">
                account_uuid,
            </if>
            <if test="accountNo != null">
                account_no,
            </if>
            <if test="transactionChannel != null">
                transaction_channel,
            </if>
            <if test="transactionTime != null">
                transaction_time,
            </if>
            <if test="productUuid != null">
                product_uuid,
            </if>
            <if test="productCode != null">
                product_code,
            </if>
            <if test="productAbbrName != null">
                product_abbr_name,
            </if>
            <if test="productAnnualInterestRate != null">
                product_annual_interest_rate,
            </if>
            <if test="productIncreaseInterestRate != null">
                product_increase_interest_rate,
            </if>
            <if test="productInterestDate != null">
                product_interest_date,
            </if>
            <if test="productExpiringDate != null">
                product_expiring_date,
            </if>
            <if test="productPaymentDate != null">
                product_payment_date,
            </if>
            <if test="orderAmount != null">
                order_amount,
            </if>
            <if test="expectedProfitAmount != null">
                expected_profit_amount,
            </if>
            <if test="paidAmount != null">
                paid_amount,
            </if>
            <if test="marketingAmount != null">
                marketing_amount,
            </if>
            <if test="productPrice != null">
                product_price,
            </if>
            <if test="orderShare != null">
                order_share,
            </if>
            <if test="profitAmount != null">
                profit_amount,
            </if>
            <if test="cashAmount != null">
                cash_amount,
            </if>
            <if test="orderStatus != null">
                order_status,
            </if>
            <if test="payedTime != null">
                payed_time,
            </if>
            <if test="marketingPaidTime != null">
                marketing_paid_time,
            </if>
            <if test="clearTime != null">
                clear_time,
            </if>
            <if test="cancelReason != null">
                cancel_reason,
            </if>
            <if test="cancelTime != null">
                cancel_time,
            </if>
            <if test="strategyIds != null">
                strategy_ids,
            </if>
            <if test="signature != null">
                signature,
            </if>
            <if test="deleteFlag != null">
                delete_flag,
            </if>
            <if test="createTime != null">
                create_time,
            </if>
            <if test="updateTime != null">
                update_time,
            </if>
            <if test="marketingRateAmount != null">
                marketing_rate_amount,
            </if>
            <if test="productPeriodType != null">
                product_period_type,
            </if>
            <if test="productPeriod != null">
                product_period,
            </if>
            <if test="serviceUserUuid != null">
                service_user_uuid,
            </if>
            <if test="serviceUserOrgPath != null">
                service_user_org_path,
            </if>
            <if test="belongMerchantNum != null">
                belong_merchant_num,
            </if>
            <if test="uniqueIdentifier != null">
                unique_identifier,
            </if>
            <if test="channelCommissionFlag != null">
                channel_commission_flag,
            </if>
        </trim>
        <trim prefix="values (" suffix=")" suffixOverrides=",">
            <if test="orderBillCode != null">
                #{orderBillCode,jdbcType=CHAR},
            </if>
            <if test="userUuid != null">
                #{userUuid,jdbcType=CHAR},
            </if>
            <if test="userType != null">
                #{userType,jdbcType=SMALLINT},
            </if>
            <if test="investorOrganizationUuid != null">
                #{investorOrganizationUuid,jdbcType=CHAR},
            </if>
            <if test="userName != null">
                #{userName,jdbcType=VARCHAR},
            </if>
            <if test="userPhone != null">
                #{userPhone,jdbcType=VARCHAR},
            </if>
            <if test="accountUuid != null">
                #{accountUuid,jdbcType=CHAR},
            </if>
            <if test="accountNo != null">
                #{accountNo,jdbcType=VARCHAR},
            </if>
            <if test="transactionChannel != null">
                #{transactionChannel,jdbcType=VARCHAR},
            </if>
            <if test="transactionTime != null">
                #{transactionTime,jdbcType=TIMESTAMP},
            </if>
            <if test="productUuid != null">
                #{productUuid,jdbcType=CHAR},
            </if>
            <if test="productCode != null">
                #{productCode,jdbcType=VARCHAR},
            </if>
            <if test="productAbbrName != null">
                #{productAbbrName,jdbcType=VARCHAR},
            </if>
            <if test="productAnnualInterestRate != null">
                #{productAnnualInterestRate,jdbcType=DECIMAL},
            </if>
            <if test="productIncreaseInterestRate != null">
                #{productIncreaseInterestRate,jdbcType=DECIMAL},
            </if>
            <if test="productInterestDate != null">
                #{productInterestDate,jdbcType=INTEGER},
            </if>
            <if test="productExpiringDate != null">
                #{productExpiringDate,jdbcType=INTEGER},
            </if>
            <if test="productPaymentDate != null">
                #{productPaymentDate,jdbcType=INTEGER},
            </if>
            <if test="orderAmount != null">
                #{orderAmount,jdbcType=DECIMAL},
            </if>
            <if test="expectedProfitAmount != null">
                #{expectedProfitAmount,jdbcType=DECIMAL},
            </if>
            <if test="paidAmount != null">
                #{paidAmount,jdbcType=DECIMAL},
            </if>
            <if test="marketingAmount != null">
                #{marketingAmount,jdbcType=DECIMAL},
            </if>
            <if test="productPrice != null">
                #{productPrice,jdbcType=DECIMAL},
            </if>
            <if test="orderShare != null">
                #{orderShare,jdbcType=DECIMAL},
            </if>
            <if test="profitAmount != null">
                #{profitAmount,jdbcType=DECIMAL},
            </if>
            <if test="cashAmount != null">
                #{cashAmount,jdbcType=DECIMAL},
            </if>
            <if test="orderStatus != null">
                #{orderStatus,jdbcType=TINYINT},
            </if>
            <if test="payedTime != null">
                #{payedTime,jdbcType=TIMESTAMP},
            </if>
            <if test="marketingPaidTime != null">
                #{marketingPaidTime,jdbcType=TIMESTAMP},
            </if>
            <if test="clearTime != null">
                #{clearTime,jdbcType=TIMESTAMP},
            </if>
            <if test="cancelReason != null">
                #{cancelReason,jdbcType=TINYINT},
            </if>
            <if test="cancelTime != null">
                #{cancelTime,jdbcType=TIMESTAMP},
            </if>
            <if test="strategyIds != null">
                #{strategyIds,jdbcType=VARCHAR},
            </if>
            <if test="signature != null">
                #{signature,jdbcType=VARCHAR},
            </if>
            <if test="deleteFlag != null">
                #{deleteFlag,jdbcType=TINYINT},
            </if>
            <if test="createTime != null">
                #{createTime,jdbcType=TIMESTAMP},
            </if>
            <if test="updateTime != null">
                #{updateTime,jdbcType=TIMESTAMP},
            </if>
            <if test="marketingRateAmount != null">
                #{marketingRateAmount,jdbcType=DECIMAL},
            </if>
            <if test="productPeriodType != null">
                #{productPeriodType,jdbcType=VARCHAR},
            </if>
            <if test="productPeriod != null">
                #{productPeriod,jdbcType=INTEGER},
            </if>
            <if test="serviceUserUuid != null">
                #{serviceUserUuid,jdbcType=VARCHAR},
            </if>
            <if test="serviceUserOrgPath != null">
                #{serviceUserOrgPath,jdbcType=VARCHAR},
            </if>
            <if test="belongMerchantNum != null">
                #{belongMerchantNum,jdbcType=VARCHAR},
            </if>
            <if test="uniqueIdentifier != null">
                #{uniqueIdentifier,jdbcType=VARCHAR},
            </if>
            <if test="channelCommissionFlag != null">
                #{channelCommissionFlag,jdbcType=CHAR},
            </if>
        </trim>
    </insert>


    <update id="update" parameterType="java.util.HashMap">
        update trade_order
        <set>
            <if test="userUuid != null">
                user_uuid = #{userUuid,jdbcType=CHAR},
            </if>
            <if test="userType != null">
                user_type = #{userType,jdbcType=SMALLINT},
            </if>
            <if test="investorOrganizationUuid != null">
                investor_organization_uuid = #{investorOrganizationUuid,jdbcType=CHAR},
            </if>
            <if test="userName != null">
                user_name = #{userName,jdbcType=VARCHAR},
            </if>
            <if test="userPhone != null">
                user_phone = #{userPhone,jdbcType=VARCHAR},
            </if>
            <if test="accountUuid != null">
                account_uuid = #{accountUuid,jdbcType=CHAR},
            </if>
            <if test="accountNo != null">
                account_no = #{accountNo,jdbcType=VARCHAR},
            </if>
            <if test="transactionChannel != null">
                transaction_channel = #{transactionChannel,jdbcType=VARCHAR},
            </if>
            <if test="transactionTime != null">
                transaction_time = #{transactionTime,jdbcType=TIMESTAMP},
            </if>
            <if test="productUuid != null">
                product_uuid = #{productUuid,jdbcType=CHAR},
            </if>
            <if test="productCode != null">
                product_code = #{productCode,jdbcType=VARCHAR},
            </if>
            <if test="productAbbrName != null">
                product_abbr_name = #{productAbbrName,jdbcType=VARCHAR},
            </if>
            <if test="productAnnualInterestRate != null">
                product_annual_interest_rate = #{productAnnualInterestRate,jdbcType=DECIMAL},
            </if>
            <if test="productIncreaseInterestRate != null">
                product_increase_interest_rate = #{productIncreaseInterestRate,jdbcType=DECIMAL},
            </if>
            <if test="productInterestDate != null">
                product_interest_date = #{productInterestDate,jdbcType=INTEGER},
            </if>
            <if test="productExpiringDate != null">
                product_expiring_date = #{productExpiringDate,jdbcType=INTEGER},
            </if>
            <if test="productPaymentDate != null">
                product_payment_date = #{productPaymentDate,jdbcType=INTEGER},
            </if>
            <if test="orderAmount != null">
                order_amount = #{orderAmount,jdbcType=DECIMAL},
            </if>
            <if test="expectedProfitAmount != null">
                expected_profit_amount = #{expectedProfitAmount,jdbcType=DECIMAL},
            </if>
            <if test="paidAmount != null">
                paid_amount = #{paidAmount,jdbcType=DECIMAL},
            </if>
            <if test="marketingAmount != null">
                marketing_amount = #{marketingAmount,jdbcType=DECIMAL},
            </if>
            <if test="productPrice != null">
                product_price = #{productPrice,jdbcType=DECIMAL},
            </if>
            <if test="orderShare != null">
                order_share = #{orderShare,jdbcType=DECIMAL},
            </if>
            <if test="profitAmount != null">
                profit_amount = #{profitAmount,jdbcType=DECIMAL},
            </if>
            <if test="cashAmount != null">
                cash_amount = #{cashAmount,jdbcType=DECIMAL},
            </if>
            <if test="orderStatus != null">
                order_status = #{orderStatus,jdbcType=TINYINT},
            </if>
            <if test="payedTime != null">
                payed_time = #{payedTime,jdbcType=TIMESTAMP},
            </if>
            <if test="marketingPaidTime != null">
                marketing_paid_time = #{marketingPaidTime,jdbcType=TIMESTAMP},
            </if>
            <if test="clearTime != null">
                clear_time = #{clearTime,jdbcType=TIMESTAMP},
            </if>
            <if test="cancelReason != null">
                cancel_reason = #{cancelReason,jdbcType=TINYINT},
            </if>
            <if test="cancelTime != null">
                cancel_time = #{cancelTime,jdbcType=TIMESTAMP},
            </if>
            <if test="strategyIds != null">
                strategy_ids = #{strategyIds,jdbcType=VARCHAR},
            </if>
            <if test="signature != null">
                signature = #{signature,jdbcType=VARCHAR},
            </if>
            <if test="marketingRateAmount != null">
                marketing_rate_amount = #{marketingRateAmount,jdbcType=DECIMAL},
            </if>
            <if test="productPeriodType != null">
                product_period_type = #{productPeriodType,jdbcType=VARCHAR},
            </if>
            <if test="productPeriod != null">
                product_period = #{productPeriod,jdbcType=INTEGER},
            </if>
            <if test="serviceUserUuid != null">
                service_user_uuid = #{serviceUserUuid,jdbcType=VARCHAR},
            </if>
            <if test="serviceUserOrgPath != null">
                service_user_org_path = #{serviceUserOrgPath,jdbcType=INTEGER},
            </if>
            <if test="deleteFlag != null">
                delete_flag = #{deleteFlag,jdbcType=TINYINT},
            </if>
            <if test="belongMerchantNum != null">
                belong_merchant_num = #{belongMerchantNum,jdbcType=VARCHAR},
            </if>
            <if test="uniqueIdentifier != null">
                unique_identifier = #{uniqueIdentifier,jdbcType=VARCHAR},
            </if>
                update_time = now(),
        </set>
        where order_bill_code = #{orderBillCode,jdbcType=CHAR}
    </update>


    <select id="getList" resultMap="BaseResultMap">
        SELECT
        <include refid="Base_Column_List"/>
        FROM
        kingold_trade.trade_order
        WHERE
        1=1
        <if test="orderBillCodeList != null">
            and order_bill_code in
            <foreach collection="orderBillCodeList"  item="orderBillCode" separator="," open="(" close=")">
                #{orderBillCode,jdbcType=VARCHAR}
            </foreach>
        </if>
        <if test="belongMerchantNum != null">
            and belong_merchant_num = #{belongMerchantNum}
        </if>
        <if test="createTimeFrom != null">
            and create_time >= #{createTimeFrom,jdbcType=TIMESTAMP}
        </if>

        <if test="createTimeTo != null">
            and create_time &lt; #{createTimeTo,jdbcType=TIMESTAMP}
        </if>

        <if test="payedTimeFrom != null">
            and payed_time >= #{payedTimeFrom,jdbcType=TIMESTAMP}
        </if>

        <if test="payedTimeTo != null">
            and payed_time &lt; #{payedTimeTo,jdbcType=TIMESTAMP}
        </if>

        <if test="productUuid != null">
            and product_uuid = #{productUuid}
        </if>

        <if test="transactionChannel != null">
            and transaction_channel = #{transactionChannel}
        </if>

        <if test="userPhone != null">
            and user_phone = #{userPhone}
        </if>

        <if test="productAbbrName != null">
            and product_abbr_name like CONCAT('%',#{productAbbrName},'%')
        </if>

        <if test="serviceUserUuid != null">
            and service_user_uuid = #{serviceUserUuid,jdbcType=VARCHAR}
        </if>
        <if test="serviceUserOrgPath != null">
            and service_user_org_path like '%${serviceUserOrgPath}%'
        </if>
        <!--<if test="orderStatus != null">-->
            <!--and order_status = #{orderStatus}-->
        <!--</if>-->

        <if test="userUuid != null">
            and user_uuid = #{userUuid}
        </if>
        <if test="orderStatusList != null">
            and order_status in
            <foreach collection="orderStatusList"  item="orderStatus" separator="," open="(" close=")">
                #{orderStatus}
            </foreach>
        </if>
        <if test="deleteFlag != null">
            and delete_flag = #{deleteFlag}
        </if>
        <if test="channelCommissionFlag != null">
            and channel_commission_flag = #{channelCommissionFlag}
        </if>

        <choose>
            <when test="orderBy != null">
                order by ${orderBy}
            </when>
            <otherwise>
                order by create_time desc
            </otherwise>
        </choose>
        <if test="pageSize != null and startRow != null">limit ${pageSize} offset ${startRow}</if>
    </select>

    <select id="getCount" resultType="java.lang.Integer">
        SELECT
        count(1)
        FROM
        trade_order
        WHERE
        1=1
        <if test="orderBillCodeList != null">
            and order_bill_code in
            <foreach collection="orderBillCodeList"  item="orderBillCode" separator="," open="(" close=")">
                #{orderBillCode,jdbcType=VARCHAR}
            </foreach>
        </if>
        <if test="belongMerchantNum != null">
            and belong_merchant_num = #{belongMerchantNum}
        </if>
        <if test="createTimeFrom != null">
            and create_time >= #{createTimeFrom,jdbcType=TIMESTAMP}
        </if>

        <if test="createTimeTo != null">
            and create_time &lt; #{createTimeTo,jdbcType=TIMESTAMP}
        </if>

        <if test="payedTimeFrom != null">
            and payed_time >= #{payedTimeFrom,jdbcType=TIMESTAMP}
        </if>

        <if test="payedTimeTo != null">
            and payed_time &lt; #{payedTimeTo,jdbcType=TIMESTAMP}
        </if>

        <if test="productUuid != null">
            and product_uuid = #{productUuid}
        </if>

        <if test="transactionChannel != null">
            and transaction_channel = #{transactionChannel}
        </if>

        <if test="userPhone != null">
            and user_phone = #{userPhone}
        </if>

        <if test="productAbbrName != null">
            and product_abbr_name like CONCAT('%',#{productAbbrName},'%')
        </if>

        <if test="serviceUserUuid != null">
            and service_user_uuid = #{serviceUserUuid,jdbcType=VARCHAR}
        </if>
        <if test="serviceUserOrgPath != null">
            and service_user_org_path like '%${serviceUserOrgPath}%'
        </if>

        <!--<if test="orderStatus != null">-->
            <!--and order_status = #{orderStatus}-->
        <!--</if>-->

        <if test="userUuid != null">
            and user_uuid = #{userUuid}
        </if>
        <if test="channelCommissionFlag != null">
            and channel_commission_flag = #{channelCommissionFlag}
        </if>
        <if test="orderStatusList != null">
            and order_status in
            <foreach collection="orderStatusList"  item="orderStatus" separator="," open="(" close=")">
                #{orderStatus}
            </foreach>
        </if>
        <if test="deleteFlag != null">
            and delete_flag = #{deleteFlag}
        </if>

    </select>

    <select id="getTotalInvestAmount" resultType="java.math.BigDecimal">
        SELECT ifnull(sum(order_amount),0)
        FROM trade_order
        WHERE
        delete_flag = 0
        <if test="orderStatusList != null">
            and order_status in
            <foreach collection="orderStatusList"  item="orderStatus" separator="," open="(" close=")">
                #{orderStatus}
            </foreach>
        </if>
        <if test="userUuid != null">
            and user_uuid = #{userUuid}
        </if>
        <if test="productUuid != null">
            and product_uuid = #{productUuid}
        </if>
    </select>

    <select id="querySumAmountByUser" parameterType="java.lang.String" resultType="java.math.BigDecimal">
        SELECT ifnull(sum(order_amount),0)
        FROM trade_order
        WHERE
        delete_flag = 0
        and order_status &gt;= 2 and order_status &lt;= 4
        and user_uuid = #{userUuid}
    </select>

    <select id="getSumMarketingAmountByProductUuid" resultType="java.math.BigDecimal">
        SELECT ifnull(sum(marketing_amount),0)
        FROM trade_order
        WHERE
        delete_flag = 0
        AND order_status IN(2,3,4,5)
        AND product_uuid = #{productUuid}
    </select>

    <!-- 更新支付处理中状态 -->
    <update id="updatePayPendingStatus" parameterType="java.lang.String">
        update trade_order
        set order_status = 11
        where order_bill_code = #{orderBillCode} and order_status = 1
    </update>

    <!-- 更新支付状态 -->
    <update id="updatePayApplyStatus" parameterType="java.lang.String">
        update trade_order
        set order_status = 1
        where order_bill_code = #{orderBillCode} and order_status = 11
    </update>

    <!-- 更新支付成功状态 -->
    <update id="updatePaySuccessStatus" parameterType="java.util.HashMap">
        update trade_order
        <set>
            <if test="orderStatus != null">
                order_status = #{orderStatus,jdbcType=TINYINT},
            </if>
            <if test="strategyIds != null">
                strategy_ids = #{strategyIds,jdbcType=VARCHAR},
            </if>
            <if test="marketingAmount != null">
                marketing_amount = #{marketingAmount,jdbcType=DECIMAL},
            </if>
            <if test="paidAmount != null">
                paid_amount = #{paidAmount,jdbcType=DECIMAL},
            </if>
            <if test="expectedProfitAmount != null">
                expected_profit_amount = #{expectedProfitAmount,jdbcType=DECIMAL},
            </if>
            <if test="profitAmount != null">
                profit_amount = #{profitAmount,jdbcType=DECIMAL},
            </if>
            <if test="marketingRateAmount != null">
                marketing_rate_amount = #{marketingRateAmount,jdbcType=DECIMAL},
            </if>
            <if test="payedTime != null">
                payed_time = #{payedTime,jdbcType=TIMESTAMP},
            </if>
        </set>
        where order_bill_code = #{orderBillCode,jdbcType=CHAR} and order_status = 1
    </update>

    <select id="selectByUniqueIdentifier" resultMap="BaseResultMap">
        SELECT
        <include refid="Base_Column_List"/>
        FROM
        trade_order
        WHERE
        unique_identifier= #{uniqueIdentifier}
    </select>

</mapper>