<?xml version="1.0" encoding="UTF-8"?>
<!DOCTYPE mapper PUBLIC "-//mybatis.org//DTD Mapper 3.0//EN" "http://mybatis.org/dtd/mybatis-3-mapper.dtd">
<mapper namespace="cn.zjhf.kingold.user.persistence.dao.UserCertificationMapper">
  <resultMap id="BaseResultMap" type="java.util.HashMap">
    <id column="user_certification_id" jdbcType="BIGINT" property="userCertificationId" />
    <result column="user_uuid" jdbcType="CHAR" property="userUuid" />
    <result column="user_certification_type" jdbcType="TINYINT" property="userCertificationType" />
    <result column="user_certification_status" jdbcType="TINYINT" property="userCertificationStatus" />
    <result column="user_certification_info" jdbcType="OTHER" property="userCertificationInfo" />
    <result column="delete_flag" jdbcType="TINYINT" property="deleteFlag" />
    <result column="create_time" jdbcType="TIMESTAMP" property="createTime" />
    <result column="update_time" jdbcType="TIMESTAMP" property="updateTime" />
  </resultMap>

  <sql id="Base_Column_List">
    user_certification_id, user_uuid, user_certification_type, user_certification_status,
    user_certification_info, delete_flag, create_time, update_time
  </sql>
  <select id="getByUserUuid"  resultMap="BaseResultMap">
    select
    <include refid="Base_Column_List" />
    from user_certification
    where user_uuid = #{userUuid,jdbcType=CHAR}
    <if test="userCertificationType != null">
      and user_certification_type = #{userCertificationType,jdbcType=TINYINT}
    </if>
  </select>

  <insert id="insert" parameterType="java.util.Map">
    insert into user_certification
    <trim prefix="(" suffix=")" suffixOverrides=",">
      <if test="userUuid != null">
        user_uuid,
      </if>
      <if test="userCertificationType != null">
        user_certification_type,
      </if>
      <if test="userCertificationStatus != null">
        user_certification_status,
      </if>
      <if test="userCertificationInfo != null">
        user_certification_info,
      </if>
        create_time,update_time
    </trim>
    <trim prefix="values (" suffix=")" suffixOverrides=",">
      <if test="userUuid != null">
        #{userUuid,jdbcType=CHAR},
      </if>
      <if test="userCertificationType != null">
        #{userCertificationType,jdbcType=TINYINT},
      </if>
      <if test="userCertificationStatus != null">
        #{userCertificationStatus,jdbcType=TINYINT},
      </if>
      <if test="userCertificationInfo != null">
        #{userCertificationInfo,jdbcType=OTHER},
      </if>
        now(),now()
    </trim>
  </insert>

</mapper>