<?xml version="1.0" encoding="UTF-8"?>
<!DOCTYPE mapper PUBLIC "-//mybatis.org//DTD Mapper 3.0//EN" "http://mybatis.org/dtd/mybatis-3-mapper.dtd">
<mapper namespace="cn.zjhf.kingold.user.persistence.dao.UserOauthMapper">
    <resultMap id="BaseResultMap" type="cn.zjhf.kingold.user.entity.UserOauth">
        <id column="user_oauth_id" jdbcType="BIGINT" property="userOauthId"/>
        <result column="oauth_type" jdbcType="TINYINT" property="oauthType"/>
        <result column="user_uuid" jdbcType="CHAR" property="userUuid"/>
        <result column="oauth_id" jdbcType="VARCHAR" property="oauthId"/>
        <result column="nick_name" jdbcType="VARCHAR" property="nickName"/>
        <result column="head_image_url" jdbcType="VARCHAR" property="headImageUrl"/>
        <result column="sex" jdbcType="TINYINT" property="sex"/>
        <result column="country" jdbcType="VARCHAR" property="country"/>
        <result column="province" jdbcType="VARCHAR" property="province"/>
        <result column="city" jdbcType="VARCHAR" property="city"/>
        <result column="language" jdbcType="VARCHAR" property="language"/>
        <result column="user_mobile" jdbcType="VARCHAR" property="userMobile"/>
        <result column="status" jdbcType="TINYINT" property="status"/>
        <result column="delete_flag" jdbcType="TINYINT" property="deleteFlag"/>
        <result column="create_time" jdbcType="TIMESTAMP" property="createTime"/>
        <result column="update_time" jdbcType="TIMESTAMP" property="updateTime"/>
    </resultMap>

    <sql id="Base_Column_List">
    user_oauth_id, oauth_type, user_uuid, oauth_id, nick_name, head_image_url, sex, country, province, city,language,
    user_mobile, status, delete_flag, create_time, update_time
  </sql>

    <select id="getList"  resultMap="BaseResultMap">
        select
        <include refid="Base_Column_List"/>
        from user_oauth
        <where>
            <if test="userUuid != null">
                and user_uuid = #{userUuid}
            </if>
            <if test="userUuidList != null">
                and user_uuid in
                <foreach collection="userUuidList" item="userUuid" open="(" close=")" separator=",">
                    #{userUuid}
                </foreach>
            </if>
            <if test="oauthId != null">
                and oauth_id = #{oauthId}
            </if>
            <if test="oauthType != null">
                and oauth_type = #{oauthType}
            </if>
            <if test="oauthTypeList != null">
                and oauth_type in
                <foreach collection="oauthTypeList" item="oauthType" open="(" close=")" separator=",">
                    #{oauthType}
                </foreach>
            </if>
            <if test="status != null">
                and status = #{status}
            </if>
        </where>
        <choose>
            <when test="orderBy != null">
                order by ${orderBy}
            </when>
            <otherwise>
                order by create_time desc
            </otherwise>
        </choose>

        <if test="pageSize != null and startRow != null">limit ${pageSize} offset ${startRow}</if>
    </select>

    <insert id="insert" parameterType="cn.zjhf.kingold.user.entity.UserOauth" useGeneratedKeys="true"
            keyProperty="userOauthId"  keyColumn="user_oauth_id">
        insert into user_oauth
        <trim prefix="(" suffix=")" suffixOverrides=",">
            <if test="oauthType != null">
                oauth_type,
            </if>
            <if test="userUuid != null">
                user_uuid,
            </if>
            <if test="oauthId != null">
                oauth_id,
            </if>
            <if test="nickName != null">
                nick_name,
            </if>
            <if test="headImageUrl != null">
                head_image_url,
            </if>
            <if test="sex != null">
                sex,
            </if>
            <if test="country != null">
                country,
            </if>
            <if test="province != null">
                province,
            </if>
            <if test="city != null">
                city,
            </if>
            <if test="language != null">
                language,
            </if>
            <if test="userMobile != null">
                user_mobile,
            </if>
            <if test="status != null">
                status,
            </if>
            delete_flag,
            create_time,
            update_time,
        </trim>
        <trim prefix="values (" suffix=")" suffixOverrides=",">
            <if test="oauthType != null">
                #{oauthType,jdbcType=TINYINT},
            </if>
            <if test="userUuid != null">
                #{userUuid,jdbcType=CHAR},
            </if>
            <if test="oauthId != null">
                #{oauthId,jdbcType=VARCHAR},
            </if>
            <if test="nickName != null">
                #{nickName,jdbcType=VARCHAR},
            </if>
            <if test="headImageUrl != null">
                #{headImageUrl,jdbcType=VARCHAR},
            </if>
            <if test="sex != null">
                #{sex,jdbcType=TINYINT},
            </if>
            <if test="country != null">
                #{country,jdbcType=VARCHAR},
            </if>
            <if test="province != null">
                #{province,jdbcType=VARCHAR},
            </if>
            <if test="city != null">
                #{city,jdbcType=VARCHAR},
            </if>
            <if test="language != null">
                #{language,jdbcType=VARCHAR},
            </if>
            <if test="userMobile != null">
                #{userMobile,jdbcType=VARCHAR},
            </if>
            <if test="status != null">
                #{status,jdbcType=TINYINT},
            </if>
            0,now(),now()
        </trim>
    </insert>

    <update id="update" parameterType="cn.zjhf.kingold.user.entity.UserOauth">
        update user_oauth
        <set>
            <if test="oauthType != null">
                oauth_type = #{oauthType,jdbcType=TINYINT},
            </if>
            <if test="userUuid != null">
                user_uuid = #{userUuid,jdbcType=CHAR},
            </if>
            <if test="oauthId != null">
                oauth_id = #{oauthId,jdbcType=VARCHAR},
            </if>
            <if test="nickName != null">
                nick_name = #{nickName,jdbcType=VARCHAR},
            </if>
            <if test="headImageUrl != null">
                head_image_url = #{headImageUrl,jdbcType=VARCHAR},
            </if>
            <if test="sex != null">
                sex = #{sex,jdbcType=TINYINT},
            </if>
            <if test="country != null">
                country = #{country,jdbcType=VARCHAR},
            </if>
            <if test="province != null">
                province = #{province,jdbcType=VARCHAR},
            </if>
            <if test="city != null">
                city = #{city,jdbcType=VARCHAR},
            </if>
            <if test="language != null">
                language = #{language,jdbcType=VARCHAR},
            </if>
            <if test="userMobile != null">
                user_mobile = #{userMobile,jdbcType=VARCHAR},
            </if>
            <if test="status != null">
                status = #{status,jdbcType=TINYINT},
            </if>
            <if test="deleteFlag != null">
                delete_flag = #{deleteFlag,jdbcType=TINYINT},
            </if>
            update_time = now(),
        </set>
        where user_oauth_id = #{userOauthId,jdbcType=BIGINT}
    </update>


    <update id="unbind">
        update user_oauth
        <set>
           status = 0
        </set>
        where user_uuid = #{userUuid,jdbcType=VARCHAR}
        and oauth_type = #{oauthType,jdbcType=TINYINT}
    </update>
</mapper>