<?xml version="1.0" encoding="UTF-8"?>
<!DOCTYPE mapper PUBLIC "-//mybatis.org//DTD Mapper 3.0//EN" "http://mybatis.org/dtd/mybatis-3-mapper.dtd">
<mapper namespace="cn.zjhf.kingold.user.persistence.dao.UserMapper">
  <resultMap id="userInfo" type="java.util.HashMap">
    <id column="user_id" jdbcType="BIGINT" property="userId" />
    <result column="user_uuid" jdbcType="CHAR" property="userUuid" />
    <result column="user_type" jdbcType="TINYINT" property="userType" />
    <result column="user_login_name" jdbcType="VARCHAR" property="userLoginName" />
    <result column="user_login_password" jdbcType="CHAR" property="userLoginPassword" />
    <result column="user_pay_password" jdbcType="CHAR" property="userPayPassword" />
    <result column="encrypt_salt" jdbcType="VARCHAR" property="encryptSalt" />
    <result column="register_time" jdbcType="TIMESTAMP" property="registerTime" />
    <result column="register_channel_code" jdbcType="VARCHAR" property="registerChannelCode" />
    <result column="register_share_page_type" jdbcType="VARCHAR" property="registerSharePageType" />
    <result column="register_activity_batch" jdbcType="VARCHAR" property="registerActivityBatch" />
    <result column="register_version_code" jdbcType="VARCHAR" property="registerVersionCode" />
    <result column="register_device_id" jdbcType="VARCHAR" property="registerDeviceId" />
    <result column="register_device_type" jdbcType="VARCHAR" property="registerDeviceType" />
    <result column="register_device_name" jdbcType="VARCHAR" property="registerDeviceName" />
    <result column="register_merchant_num" jdbcType="VARCHAR" property="registerMerchantNum" />
    <result column="register_device_os" jdbcType="VARCHAR" property="registerDeviceOs" />
    <result column="register_device_ip" jdbcType="VARCHAR" property="registerDeviceIp" />
    <result column="login_time" jdbcType="VARCHAR" property="loginTime" />
    <result column="login_channel_code" jdbcType="VARCHAR" property="loginChannelCode" />
    <result column="login_version_code" jdbcType="VARCHAR" property="loginVersionCode" />
    <result column="login_merchant_num" jdbcType="VARCHAR" property="loginMerchantNum" />
    <result column="login_device_id" jdbcType="VARCHAR" property="loginDeviceId" />
    <result column="login_device_type" jdbcType="VARCHAR" property="loginDeviceType" />
    <result column="login_device_os" jdbcType="VARCHAR" property="loginDeviceOs" />
    <result column="login_device_ip" jdbcType="VARCHAR" property="loginDeviceIp" />
    <result column="signature" jdbcType="VARCHAR" property="signature" />
    <result column="delete_flag" jdbcType="TINYINT" property="deleteFlag" />
    <result column="create_time" jdbcType="TIMESTAMP" property="createTime" />
    <result column="update_time" jdbcType="TIMESTAMP" property="updateTime" />
    <result column="user_status" jdbcType="SMALLINT" property="userStatus" />
    <result column="user_verify_status" jdbcType="SMALLINT" property="userVerifyStatus" />
    <result column="user_trade_status" jdbcType="SMALLINT" property="userTradeStatus" />
  </resultMap>


  <!--<sql id="Base_Column_List">-->
    <!--user_id, user_uuid, user_type,login_merchant_num,register_merchant_num, user_status, user_phone, user_password, pay_password,-->
    <!--encrypt_salt, user_gender, user_avatar, is_inner, is_full_time, inviter_uuid, inviter_phone,-->
    <!--user_path, user_name, user_id_card_number, risk_assessment_level, user_register_time,-->
    <!--user_register_channel_code, user_register_channel_name, user_register_version_code,-->
    <!--user_register_version_name, user_register_device_id, user_register_device_type, user_register_device_name,-->
    <!--user_register_device_os, user_register_device_ip, user_login_time, user_login_channel_code,-->
    <!--user_login_channel_name, user_login_version_code, user_login_version_name, user_login_device_code,-->
    <!--user_ogin_device_type, user_login_device_name, user_login_device_os, user_login_device_ip,-->
    <!--delete_flag, create_time, create_by, update_time, update_by, signature,is_quali_inv,user_verify_status,parent_inviter_uuid,parent_inviter_phone-->
  <!--</sql>-->
  <sql id="Base_Column_List">
    *
  </sql>

  <sql id="Exclude_Freezing">
    and user_status != 2
  </sql>
  <sql id="Exclude_Delete_Flag">
    and (delete_flag is null or delete_flag = 0)
  </sql>

  <select id="get" resultMap="userInfo" >
    SELECT
    <include refid="Base_Column_List" />
    FROM
    user
    WHERE
    <choose>
      <when test="userUuid != null">
        user_uuid = #{userUuid}
      </when>
      <when test="userId != null">
        user_id = ${userId}
      </when>
      <when test="userLoginName != null">
        user_login_name = #{userLoginName}
      </when>
      <when test="investorMobile != null">
        user_login_name = #{investorMobile}
      </when>
    </choose>
    <include refid="Exclude_Delete_Flag" />
  </select>


  <select id="login" resultMap="userInfo" >
    SELECT
    <include refid="Base_Column_List" />
    FROM
    user
    WHERE
    user_phone = #{userPhone} and user_password = #{userPassword}
    <include refid="Exclude_Delete_Flag" />
    <include refid="Exclude_Freezing" />

  </select>




  <select id="getList" resultMap="userInfo" >
    SELECT
    <include refid="Base_Column_List" />
    FROM
    user
    WHERE
    1=1
    <if test="userUuid != null">
      and user_uuid = #{userUuid}
    </if>

    <if test="userName != null">
      and user_name like '%${userName}%'
    </if>

    <if test="registerMerchantNum != null">
      and register_merchant_num = #{registerMerchantNum}
    </if>

    <if test="loginMerchantNum != null">
      and login_merchant_num = #{loginMerchantNum}
    </if>


    <include refid="Exclude_Delete_Flag" />
    <include refid="Exclude_Freezing" />

    <choose>
      <when test="orderBy != null">
        order by ${orderBy}
      </when>
      <otherwise>
        order by create_time desc
      </otherwise>
    </choose>

    <if test="pageSize != null and startRow != null">limit ${pageSize} offset ${startRow}</if>
  </select>


  <select id="getCount" resultType="int" >
    SELECT
    count(1)
    FROM
    user
    WHERE
    1=1
    <if test="userId != null">
      and user_id = ${userId}
    </if>
    <if test="userName != null">
      and user_name like '%${userName}%'
    </if>
    <if test="registerMerchantNum != null">
      and register_merchant_num = #{registerMerchantNum}
    </if>

    <if test="loginMerchantNum != null">
      and login_merchant_num = #{loginMerchantNum}
    </if>


    <include refid="Exclude_Delete_Flag" />
    <include refid="Exclude_Freezing" />
  </select>



  <insert id="insert" parameterType="java.util.Map">
    <selectKey keyProperty="userId" order="AFTER" resultType="java.lang.Long">
      SELECT LAST_INSERT_ID()
    </selectKey>
    insert into user
    <trim prefix="(" suffix=")" suffixOverrides=",">
      <if test="userId != null">
        user_id,
      </if>
      <if test="userUuid != null">
        user_uuid,
      </if>
      <if test="userType != null">
        user_type,
      </if>
      <if test="userLoginName != null">
        user_login_name,
      </if>
      <if test="userLoginPassword != null">
        user_login_password,
      </if>
      <if test="userPayPassword != null">
        user_pay_password,
      </if>
      <if test="encryptSalt != null">
        encrypt_salt,
      </if>
        register_time,
      <if test="registerChannelCode != null">
        register_channel_code,
      </if>
      <if test="registerSharePageType != null">
        register_share_page_type,
      </if>
      <if test="registerActivityBatch != null">
        register_activity_batch,
      </if>
      <if test="registerVersionCode != null">
        register_version_code,
      </if>
      <if test="registerDeviceId != null">
        register_device_id,
      </if>
      <if test="registerDeviceType != null">
        register_device_type,
      </if>
      <if test="registerDeviceName != null">
        register_device_name,
      </if>
      <if test="registerDeviceOs != null">
        register_device_os,
      </if>
      <if test="registerDeviceIp != null">
        register_device_ip,
      </if>
      <if test="loginTime != null">
        login_time,
      </if>
      <if test="loginChannelCode != null">
        login_channel_code,
      </if>
      <if test="loginVersionCode != null">
        login_version_code,
      </if>
      <if test="loginDeviceId != null">
        login_device_id,
      </if>
      <if test="loginDeviceType != null">
        login_device_type,
      </if>
      <if test="loginDeviceOs != null">
        login_device_os,
      </if>
      <if test="loginDeviceIp != null">
        login_device_ip,
      </if>
      <if test="signature != null">
        signature,
      </if>
      <if test="deleteFlag != null">
        delete_flag,
      </if>
      <if test="userStatus != null">
        user_status,
      </if>
      <if test="registerMerchantNum != null">
        register_merchant_num, login_merchant_num,
      </if>
        user_verify_status,
        create_time,
        update_time

    </trim>
    <trim prefix="values (" suffix=")" suffixOverrides=",">
      <if test="userId != null">
        #{userId,jdbcType=BIGINT},
      </if>
      <if test="userUuid != null">
        #{userUuid,jdbcType=CHAR},
      </if>
      <if test="userType != null">
        #{userType,jdbcType=TINYINT},
      </if>
      <if test="userLoginName != null">
        #{userLoginName,jdbcType=VARCHAR},
      </if>
      <if test="userLoginPassword != null">
        #{userLoginPassword,jdbcType=CHAR},
      </if>
      <if test="userPayPassword != null">
        #{userPayPassword,jdbcType=CHAR},
      </if>
      <if test="encryptSalt != null">
        #{encryptSalt,jdbcType=VARCHAR},
      </if>
      now(),
      <if test="registerChannelCode != null">
        #{registerChannelCode,jdbcType=VARCHAR},
      </if>
      <if test="registerSharePageType != null">
        #{registerSharePageType,jdbcType=VARCHAR},
      </if>
      <if test="registerActivityBatch != null">
        #{registerActivityBatch,jdbcType=VARCHAR},
      </if>
      <if test="registerVersionCode != null">
        #{registerVersionCode,jdbcType=VARCHAR},
      </if>
      <if test="registerDeviceId != null">
        #{registerDeviceId,jdbcType=VARCHAR},
      </if>
      <if test="registerDeviceType != null">
        #{registerDeviceType,jdbcType=VARCHAR},
      </if>
      <if test="registerDeviceName != null">
        #{registerDeviceName,jdbcType=VARCHAR},
      </if>
      <if test="registerDeviceOs != null">
        #{registerDeviceOs,jdbcType=VARCHAR},
      </if>
      <if test="registerDeviceIp != null">
        #{registerDeviceIp,jdbcType=VARCHAR},
      </if>
      <if test="loginTime != null">
        #{loginTime,jdbcType=VARCHAR},
      </if>
      <if test="loginChannelCode != null">
        #{loginChannelCode,jdbcType=VARCHAR},
      </if>
      <if test="loginVersionCode != null">
        #{loginVersionCode,jdbcType=VARCHAR},
      </if>
      <if test="loginDeviceId != null">
        #{loginDeviceId,jdbcType=VARCHAR},
      </if>
      <if test="loginDeviceType != null">
        #{loginDeviceType,jdbcType=VARCHAR},
      </if>
      <if test="loginDeviceOs != null">
        #{loginDeviceOs,jdbcType=VARCHAR},
      </if>
      <if test="loginDeviceIp != null">
        #{loginDeviceIp,jdbcType=VARCHAR},
      </if>
      <if test="signature != null">
        #{signature,jdbcType=VARCHAR},
      </if>
      <if test="deleteFlag != null">
        #{deleteFlag,jdbcType=TINYINT},
      </if>
      <if test="userStatus != null">
        #{userStatus,jdbcType=SMALLINT},
      </if>
      <if test="registerMerchantNum != null">
        #{registerMerchantNum,jdbcType=VARCHAR},#{registerMerchantNum,jdbcType=VARCHAR},
      </if>
      0,now(),now()

    </trim>
  </insert>

  <!--**************************************-->
  <!--删除的where条件不能使用 if判断。这样很容易导致误删除数据 -->
  <!--**************************************-->
  <update id="update" parameterType="java.util.Map">
    update user
    <set>
      <if test="userType != null">
        user_type = #{userType,jdbcType=TINYINT},
      </if>
      <if test="loginTime != null">
        login_time = #{loginTime,jdbcType=VARCHAR},
      </if>
      <if test="loginChannelCode != null">
        login_channel_code = #{loginChannelCode,jdbcType=VARCHAR},
      </if>
      <if test="loginVersionCode != null">
        login_version_code = #{loginVersionCode,jdbcType=VARCHAR},
      </if>
      <if test="loginDeviceId != null">
        login_device_id = #{loginDeviceId,jdbcType=VARCHAR},
      </if>
      <if test="loginDeviceType != null">
        login_device_type = #{loginDeviceType,jdbcType=VARCHAR},
      </if>
      <if test="loginDeviceOs != null">
        login_device_os = #{loginDeviceOs,jdbcType=VARCHAR},
      </if>
      <if test="loginDeviceIp != null">
        login_device_ip = #{loginDeviceIp,jdbcType=VARCHAR},
      </if>
      <if test="signature != null">
        signature = #{signature,jdbcType=VARCHAR},
      </if>
      <if test="deleteFlag != null">
        delete_flag = #{deleteFlag,jdbcType=TINYINT},
      </if>
      <if test="userStatus != null">
        user_status = #{userStatus,jdbcType=SMALLINT},
      </if>
      <if test="userVerifyStatus != null">
        user_verify_status = #{userVerifyStatus,jdbcType=SMALLINT},
      </if>
      <if test="userTradeStatus != null">
        user_trade_status = #{userTradeStatus,jdbcType=SMALLINT},
      </if>
      <if test="loginMerchantNum != null">
        login_merchant_num = #{loginMerchantNum,jdbcType=VARCHAR},
      </if>
      <if test="registerMerchantNum != null">
        register_merchant_num = #{registerMerchantNum,jdbcType=VARCHAR},
      </if>
      update_time =now()
    </set>
    WHERE

    <choose>

      <when test="userUuid != null">
        user_uuid = #{userUuid}
      </when>
      <when test="userId != null">
        user_id = #{userId}
      </when>
      <otherwise>
        'error: must have request params!'
      </otherwise>

    </choose>


  </update>

  <update id="updatePassword" parameterType="java.util.Map">
    update user

    <set>
      <if test="userLoginPassword != null">
        user_login_password = #{userLoginPassword,jdbcType=CHAR},
      </if>
      <if test="userPayPassword != null">
        user_pay_password = #{userPayPassword,jdbcType=CHAR},
      </if>
      <if test="userVerifyStatus != null">
        user_verify_status = #{userVerifyStatus,jdbcType=SMALLINT},
      </if>
      update_time =now()
    </set>
    WHERE
    <choose>
      <when test="userUuid != null">
        user_uuid = #{userUuid}
      </when>
      <otherwise>
        'error: must have request params!'
      </otherwise>

    </choose>


  </update>

  <!--**************************************-->
  <!--删除的where条件不能使用 if判断。这样很容易导致误删除数据 -->
  <!--**************************************-->
  <!--<delete id="delete">-->
    <!--DELETE-->
    <!--FROM-->
    <!--user-->
    <!--WHERE-->
    <!--user_id = ${userId}-->

  <!--</delete>-->
  <update id="delete" parameterType="java.util.Map">
    update user
    <set>

      delete_flag = 1,
      update_time = now(),

    </set>
    WHERE
    user_uuid = #{userUuid}
  </update>

  <update id="updateLoginInfo" parameterType="java.util.Map">
    update user
    <set>
      <if test="loginChannelCode != null">
        login_channel_code = #{loginChannelCode,jdbcType=VARCHAR},
      </if>
      <if test="loginVersionCode != null">
        login_version_code = #{loginVersionCode,jdbcType=VARCHAR},
      </if>
      <if test="loginDeviceId != null">
        login_device_id = #{loginDeviceId,jdbcType=VARCHAR},
      </if>
      <if test="loginDeviceType != null">
        login_device_type = #{loginDeviceType,jdbcType=VARCHAR},
      </if>
      <if test="loginDeviceOs != null">
        login_device_os = #{loginDeviceOs,jdbcType=VARCHAR},
      </if>
      <if test="loginDeviceIp != null">
        login_device_ip = #{loginDeviceIp,jdbcType=VARCHAR},
      </if>
      <if test="loginMerchantNum != null">
        login_merchant_num = #{loginMerchantNum,jdbcType=VARCHAR},
      </if>
      <if test="loginMethod != null">
        login_method = #{loginMethod,jdbcType=TINYINT},
      </if>

      login_time = now(),
      update_time = now()
    </set>
    WHERE

    <choose>

      <when test="userUuid != null">
        user_uuid = #{userUuid}
      </when>
      <when test="userId != null">
        user_id = #{userId}
      </when>
      <otherwise>
        'error: must have request params!'
      </otherwise>

    </choose>


  </update>

  <!-- 更新用户交易状态-已购产品 -->
  <update id="updateTradePaidStatus" parameterType="java.lang.String">
    UPDATE `user`
    SET user_trade_status = 2 WHERE user_trade_status &lt; 2
    AND user_uuid = #{userUuid} AND user_status != 1
  </update>

  <!-- 恢复用户交易状态 -->
  <update id="restoreTradeStatus" parameterType="cn.zjhf.kingold.user.entity.TradeStatusDO">
    UPDATE `user`
    SET user_trade_status = #{oldStatus}
    WHERE user_trade_status = #{newStatus} AND user_uuid = #{userUuid}
  </update>

</mapper>