<?xml version="1.0" encoding="UTF-8"?>
<!DOCTYPE mapper PUBLIC "-//mybatis.org//DTD Mapper 3.0//EN" "http://mybatis.org/dtd/mybatis-3-mapper.dtd">
<mapper namespace="cn.zjhf.kingold.user.persistence.dao.UserTokenMapper">
  <resultMap id="userTokenMap" type="java.util.HashMap">
    <id column="user_token_id" jdbcType="BIGINT" property="userTokenId" />
    <result column="user_uuid" jdbcType="VARCHAR" property="userUuid" />
    <result column="token" jdbcType="VARCHAR" property="token" />
    <result column="user_mobile" jdbcType="VARCHAR" property="userMobile" />
    <result column="login_platform" jdbcType="VARCHAR" property="loginPlatform" />
    <result column="create_time" jdbcType="TIMESTAMP" property="createTime" />
  </resultMap>

  <sql id="Base_Column_List">
    user_token_id, user_uuid, token, create_time,user_mobile, login_platform
  </sql>

  <select id="get" parameterType="java.lang.Long" resultMap="userTokenMap">
    select
    <include refid="Base_Column_List" />
    from user_token
    where
    1 = 1
    <if test="userTokenId != null">
      and user_token_id = #{userTokenId,jdbcType=BIGINT}
    </if>
    <if test="userUuid != null">
      and user_uuid = #{userUuid}
    </if>
    <if test="userMobile != null">
      and user_mobile = #{userMobile}
    </if>
    <if test="token != null">
      and token = #{token}
    </if>
    <if test="loginPlatform != null">
      and login_platform = #{loginPlatform}
    </if>

  </select>


  <delete id="delete" parameterType="java.util.Map">
    delete from
       user_token
    WHERE
       user_uuid = #{userUuid}
       and login_platform = #{loginPlatform}
  </delete>

  <insert id="insert" parameterType="java.util.HashMap">
    <selectKey keyProperty="userTokenId" order="AFTER" resultType="java.lang.Long">
      SELECT LAST_INSERT_ID()
    </selectKey>
    insert into user_token
    <trim prefix="(" suffix=")" suffixOverrides=",">
      <if test="userUuid != null">
        user_uuid,
      </if>
      <if test="token != null">
        token,
      </if>
      <if test="userMobile != null">
        user_mobile,
      </if>
      <if test="loginPlatform != null">
        login_platform,
      </if>
      create_time

    </trim>
    <trim prefix="values (" suffix=")" suffixOverrides=",">
      <if test="userUuid != null">
        #{userUuid,jdbcType=VARCHAR},
      </if>
      <if test="token != null">
        #{token,jdbcType=VARCHAR},
      </if>
      <if test="userMobile != null">
        #{userMobile,jdbcType=VARCHAR},
      </if>
      <if test="loginPlatform != null">
        #{loginPlatform},
      </if>

      now()
    </trim>
  </insert>

  <update id="update" parameterType="java.util.HashMap">
    update user_token
    <set>

      <if test="userUuid != null">
        user_uuid = #{userUuid,jdbcType=VARCHAR},
      </if>
      <if test="token != null">
        token = #{token,jdbcType=VARCHAR},
      </if>
      <if test="userMobile != null">
        user_mobile = #{userMobile,jdbcType=VARCHAR},
      </if>
      <if test="loginPlatform != null">
        login_platform = #{loginPlatform},
      </if>

    </set>
    WHERE
    1=1
    <if test="userUuid != null">
      and user_uuid= #{userUuid,jdbcType=VARCHAR}
    </if>
  </update>


  <select id="getList" resultMap="userTokenMap" >
    SELECT
    <include refid="Base_Column_List" />
    FROM
    user_token
    WHERE
    1=1
    <if test="userUuid != null">
      and user_uuid= #{userUuid,jdbcType=VARCHAR}
    </if>
    <if test="loginPlatform != null">
      and login_platform= #{loginPlatform}
    </if>
    <if test="loginChannelCode != null">
      and login_channel_code= #{loginChannelCode}
    </if>

    <choose>
      <when test="orderBy != null">
        order by ${orderBy}
      </when>
      <otherwise>
        order by create_time desc
      </otherwise>
    </choose>

    <if test="pageSize != null and startRow != null">limit ${pageSize} offset ${startRow}</if>
  </select>

  <select id="getCount" resultType="int" >
    SELECT
    count(1)
    FROM
    user_token
    WHERE
    1=1
    <if test="userUuid != null">
      and user_uuid= #{userUuid,jdbcType=VARCHAR}
    </if>
    <if test="loginPlatform != null">
      and login_platform= #{loginPlatform}
    </if>

  </select>



</mapper>