<?xml version="1.0" encoding="UTF-8"?>
<!DOCTYPE mapper PUBLIC "-//mybatis.org//DTD Mapper 3.0//EN" "http://mybatis.org/dtd/mybatis-3-mapper.dtd">
<mapper namespace="cn.zjhf.kingold.user.persistence.dao.UserWechatHistMapper">
    <resultMap id="BaseResultMap" type="cn.zjhf.kingold.user.entity.UserWechatHist">
        <result column="user_uuid" jdbcType="VARCHAR" property="userUuid"/>
        <result column="nick_name" jdbcType="VARCHAR" property="nickName"/>
        <result column="head_image_url" jdbcType="VARCHAR" property="headImageUrl"/>
        <result column="delete_flag" jdbcType="TINYINT" property="deleteFlag"/>
        <result column="create_time" jdbcType="TIMESTAMP" property="createTime"/>
        <result column="update_time" jdbcType="TIMESTAMP" property="updateTime"/>
    </resultMap>

    <sql id="Base_Column_List">
    user_uuid,  nick_name, head_image_url, delete_flag, create_time, update_time
  </sql>

    <select id="getList"  resultMap="BaseResultMap">
        select
        <include refid="Base_Column_List"/>
        from user_wechat_hist
        <where>
            1=1
            and delete_flag = 0

            <choose>
                <when test="userUuidList != null">
                    and user_uuid in
                    <foreach collection="userUuidList"  item="userUuid" separator="," open="(" close=")">
                        #{userUuid,jdbcType=VARCHAR}
                    </foreach>
                </when>
                <when test="userUuid != null">
                    and user_uuid =#{userUuid,jdbcType=VARCHAR}
                </when>
            </choose>

        </where>
        <choose>
            <when test="orderBy != null">
                order by ${orderBy}
            </when>
            <otherwise>
                order by create_time desc
            </otherwise>
        </choose>

        <if test="pageSize != null and startRow != null">limit ${pageSize} offset ${startRow}</if>
    </select>

    <insert id="insert" parameterType="cn.zjhf.kingold.user.entity.UserWechatHist">
        insert into user_wechat_hist
        <trim prefix="(" suffix=")" suffixOverrides=",">
            <if test="userUuid != null">
                user_uuid,
            </if>

            <if test="nickName != null">
                nick_name,
            </if>
            <if test="headImageUrl != null">
                head_image_url,
            </if>

            delete_flag,
            create_time,
            update_time,
        </trim>
        <trim prefix="values (" suffix=")" suffixOverrides=",">
            <if test="userUuid != null">
                #{userUuid,jdbcType=CHAR},
            </if>
            <if test="nickName != null">
                '${nickName}',
            </if>
            <if test="headImageUrl != null">
                #{headImageUrl,jdbcType=VARCHAR},
            </if>

            0,now(),now()
        </trim>
    </insert>

    <update id="update" parameterType="cn.zjhf.kingold.user.entity.UserWechatHist">
        update user_wechat_hist
        <set>
            <if test="nickName != null">
                nick_name = '${nickName}'
            </if>
            <if test="headImageUrl != null">
                head_image_url = #{headImageUrl,jdbcType=VARCHAR},
            </if>
        </set>
        where user_uuid = #{userUuid,jdbcType=VARCHAR}
    </update>


</mapper>