<?xml version="1.0" encoding="UTF-8"?>
<!DOCTYPE mapper PUBLIC "-//mybatis.org//DTD Mapper 3.0//EN" "http://mybatis.org/dtd/mybatis-3-mapper.dtd">
<mapper namespace="cn.zjhf.kingold.user.persistence.dao.UserInvestorUnionMapper">
  <resultMap id="unionInfo" type="java.util.HashMap">
    <id column="user_id" jdbcType="BIGINT" property="userId" />
    <result column="user_uuid" jdbcType="CHAR" property="userUuid" />
    <result column="user_type" jdbcType="TINYINT" property="userType" />
    <result column="user_login_name" jdbcType="VARCHAR" property="userLoginName" />
    <result column="user_login_password" jdbcType="CHAR" property="userLoginPassword" />
    <result column="user_pay_password" jdbcType="CHAR" property="userPayPassword" />
    <result column="encrypt_salt" jdbcType="VARCHAR" property="encryptSalt" />
    <result column="register_time" jdbcType="TIMESTAMP" property="registerTime" />
    <result column="register_channel_code" jdbcType="VARCHAR" property="registerChannelCode" />
    <result column="register_merchant_num" jdbcType="VARCHAR" property="registerMerchantNum" />
    <result column="register_version_code" jdbcType="VARCHAR" property="registerVersionCode" />
    <result column="register_device_id" jdbcType="VARCHAR" property="registerDeviceId" />
    <result column="register_device_type" jdbcType="VARCHAR" property="registerDeviceType" />
    <result column="register_device_name" jdbcType="VARCHAR" property="registerDeviceName" />
    <result column="register_device_os" jdbcType="VARCHAR" property="registerDeviceOs" />
    <result column="register_device_ip" jdbcType="VARCHAR" property="registerDeviceIp" />
    <result column="login_time" jdbcType="VARCHAR" property="loginTime" />
    <result column="login_channel_code" jdbcType="VARCHAR" property="loginChannelCode" />
    <result column="login_version_code" jdbcType="VARCHAR" property="loginVersionCode" />
    <result column="login_device_id" jdbcType="VARCHAR" property="loginDeviceId" />
    <result column="login_device_type" jdbcType="VARCHAR" property="loginDeviceType" />
    <result column="login_device_os" jdbcType="VARCHAR" property="loginDeviceOs" />
    <result column="login_device_ip" jdbcType="VARCHAR" property="loginDeviceIp" />
    <result column="login_merchant_num" jdbcType="VARCHAR" property="loginMerchantNum" />
    <result column="signature" jdbcType="VARCHAR" property="signature" />
    <result column="user_status" jdbcType="SMALLINT" property="userStatus" />
    <result column="user_verify_status" jdbcType="SMALLINT" property="userVerifyStatus" />
    <result column="user_trade_status" jdbcType="SMALLINT" property="userTradeStatus" />
    <result column="investor_organization_uuid" jdbcType="CHAR" property="investorOrganizationUuid" />
    <result column="investor_organization_path" jdbcType="CHAR" property="investorOrganizationPath" />
    <result column="investor_mobile" jdbcType="VARCHAR" property="investorMobile" />
    <result column="investor_gender" jdbcType="TINYINT" property="investorGender" />
    <result column="investor_avatar" jdbcType="VARCHAR" property="investorAvatar" />
    <result column="investor_type" jdbcType="TINYINT" property="investorType" />
    <result column="is_inner" jdbcType="TINYINT" property="isInner" />
    <result column="inviter_uuid" jdbcType="CHAR" property="inviterUuid" />
    <result column="investor_real_name" jdbcType="VARCHAR" property="investorRealName" />
    <result column="investor_id_card_no" jdbcType="VARCHAR" property="investorIdCardNo" />
    <result column="investor_region_code" jdbcType="VARCHAR" property="investorRegionCode" />
    <result column="investor_address" jdbcType="VARCHAR" property="investorAddress" />
    <result column="is_eligible_investor" jdbcType="TINYINT" property="isEligibleInvestor" />
    <result column="investor_risk_score" jdbcType="INTEGER" property="investorRiskScore" />
    <result column="investor_risk_version" jdbcType="INTEGER" property="investorRiskVersion" />
    <result column="investor_risk_answer" jdbcType="VARCHAR" property="investorRiskAnswer" />
    <result column="signature" jdbcType="VARCHAR" property="signature" />
    <result column="delete_flag" jdbcType="TINYINT" property="deleteFlag" />
    <result column="create_time" jdbcType="TIMESTAMP" property="createTime" />
    <result column="update_time" jdbcType="TIMESTAMP" property="updateTime" />
  </resultMap>

  <sql id="Exclude_Delete_Flag">
    and (delete_flag is null or delete_flag = 0)
  </sql>

  <select id="get" resultMap="unionInfo" >
    SELECT
    u.user_id, u.user_uuid, u.user_type, u.user_login_name, u.user_login_password, u.user_pay_password,u.register_merchant_num,u.login_merchant_num,
    u.encrypt_salt, u.register_time, u.register_channel_code, u.register_version_code, u.register_device_id,
    u.register_device_type, u.register_device_name, u.register_device_os, u.register_device_ip,
    u.login_time, u.login_channel_code, u.login_version_code, u.login_device_id, u.login_device_type,
    u.login_device_os, u.login_device_ip, u.signature, u.delete_flag, u.create_time, u.update_time,
    u.user_status,u.user_verify_status,
    i.investor_organization_uuid, i.investor_organization_path,i.investor_mobile, i.investor_gender,
    i.investor_avatar, i.investor_type, i.is_inner, i.inviter_uuid,
    i.investor_real_name, i.investor_id_card_no, i.investor_region_code, i.investor_address,
    i.is_eligible_investor, i.investor_risk_score, i.investor_risk_version, i.investor_risk_answer, i.signature
    FROM
    user u, investor i
    WHERE
    <choose>
      <when test="userUuid != null">
        u.user_uuid = #{userUuid} AND i.user_uuid=#{userUuid}
      </when>
      <when test="userLoginName != null">
        u.user_login_name = #{userLoginName} and i.investor_mobile = #{userLoginName}
      </when>
      <when test="investorMobile != null">
        u.user_login_name = #{investorMobile} and i.investor_mobile = #{investorMobile}
      </when>
      <when test="userId != null">
        u.user_id = #{userId} and
        u.user_uuid = i.user_uuid
      </when>
    </choose>
    AND (u.delete_flag is null or u.delete_flag=0)
  </select>

  <select id="getList" resultMap="unionInfo" >
    SELECT
    u.user_id, u.user_uuid, u.user_type, u.user_login_name, u.user_login_password, u.user_pay_password,u.register_merchant_num,u.login_merchant_num,
    u.encrypt_salt, u.register_time, u.register_channel_code, u.register_version_code, u.register_device_id,
    u.register_device_type, u.register_device_name, u.register_device_os, u.register_device_ip,
    u.login_time, u.login_channel_code, u.login_version_code, u.login_device_id, u.login_device_type,
    u.login_device_os, u.login_device_ip, u.signature, u.delete_flag, u.create_time, u.update_time,
    u.user_status,u.user_verify_status,u.user_trade_status,
    i.investor_organization_uuid, i.investor_organization_path,i.investor_mobile, i.investor_gender,
    i.investor_avatar, i.investor_type, i.is_inner, i.inviter_uuid,
    i.investor_real_name, i.investor_id_card_no, i.investor_region_code, i.investor_address,
    i.is_eligible_investor, i.investor_risk_score,i.investor_risk_version, i.investor_risk_answer, i.signature
    FROM
    user u, investor i
    WHERE
    u.user_uuid = i.user_uuid and
    <if test="investorType != null">
      i.investor_type = #{investorType} and
    </if>
    <if test="registerMerchantNum != null">
      u.register_merchant_num = #{registerMerchantNum} and
    </if>
    <if test="loginMerchantNum != null">
      u.login_merchant_num = #{loginMerchantNum} and
    </if>
    <if test="investorRealName != null">
      i.investor_real_name = #{investorRealName} and
    </if>
    <if test="investorMobile != null">
      i.investor_mobile = #{investorMobile} and
    </if>
    <if test="hasInvestorRisk != null and hasInvestorRisk == 0">
      i.investor_risk_score = 0 and
    </if>
    <if test="hasInvestorRisk != null and hasInvestorRisk == 1">
      i.investor_risk_score > 0 and
    </if>
    <if test="userStatus != null">
      u.user_status = #{userStatus} and
    </if>
    <if test="userId != null">
      u.user_id = #{userId} and
    </if>
    <if test="investorIdCardNo != null">
      i.investor_id_card_no = #{investorIdCardNo} and
    </if>
    <if test="registerStartTime != null">
      u.create_time &gt; #{registerStartTime,jdbcType=TIMESTAMP} and
    </if>
    <if test="registerEndTime != null">
      u.create_time &lt; #{registerEndTime,jdbcType=TIMESTAMP} and
    </if>
    <if test="userVerifyStatus != null">
      u.user_verify_status = #{userVerifyStatus} and
    </if>
    <if test="userTradeStatus != null">
      u.user_trade_status &gt;= #{userTradeStatus} and
    </if>
    <if test="userUuids != null">
      i.user_uuid in
      <foreach collection="userUuids"  item="uuid" separator="," open="(" close=")">
        #{uuid,jdbcType=VARCHAR}
      </foreach>
      and
    </if>
    <if test="verifyStatusList != null">
      u.user_verify_status in
      <foreach collection="verifyStatusList"  item="userVerifyStatus" separator="," open="(" close=")">
        #{userVerifyStatus,jdbcType=VARCHAR}
      </foreach>
      and
    </if>
    <if test="tradeStatusList != null">
      u.user_trade_status in
      <foreach collection="tradeStatusList"  item="userTradeStatus" separator="," open="(" close=")">
        #{userTradeStatus,jdbcType=VARCHAR}
      </foreach>
      and
    </if>
    <if test="mobiles != null">
      i.investor_mobile in
      <foreach collection="mobiles"  item="mobile" separator="," open="(" close=")">
        #{mobile,jdbcType=VARCHAR}
      </foreach>
      and
    </if>
    (u.delete_flag is null or u.delete_flag=0)

    <choose>
      <when test="orderBy != null">
        order by ${orderBy}
      </when>
      <otherwise>
        order by create_time desc
      </otherwise>
    </choose>

    <if test="offset != null and limit != null">
      limit #{offset},#{limit}
    </if>
  </select>

  <select id="countList" resultType="java.lang.Integer" >
    SELECT
    count(u.user_id)
    FROM
    user u, investor i
    WHERE
    u.user_uuid = i.user_uuid and
    <if test="investorType != null">
      i.investor_type = #{investorType} and
    </if>
    <if test="investorRealName != null">
      i.investor_real_name = #{investorRealName} and
    </if>
    <if test="investorMobile != null">
      i.investor_mobile = #{investorMobile} and
    </if>
    <if test="registerMerchantNum != null">
      u.register_merchant_num = #{registerMerchantNum} and
    </if>
    <if test="loginMerchantNum != null">
      u.login_merchant_num = #{loginMerchantNum} and
    </if>
    <if test="hasInvestorRisk != null and hasInvestorRisk == 0">
      i.investor_risk_score = 0 and
    </if>
    <if test="hasInvestorRisk != null and hasInvestorRisk == 1">
      i.investor_risk_score > 0 and
    </if>
    <if test="investorRiskScore != null">
      i.investor_risk_score = #{investorRiskScore} and
    </if>
    <if test="userStatus != null">
      u.user_status = #{userStatus} and
    </if>
    <if test="userId != null">
      u.user_id = #{userId} and
    </if>
    <if test="investorIdCardNo != null">
      i.investor_id_card_no = #{investorIdCardNo} and
    </if>
    <if test="registerStartTime != null">
      u.create_time &gt; #{registerStartTime,jdbcType=TIMESTAMP} and
    </if>
    <if test="registerEndTime != null">
      u.create_time &lt; #{registerEndTime,jdbcType=TIMESTAMP} and
    </if>
    <if test="userVerifyStatus != null">
      u.user_verify_status = #{userVerifyStatus} and
    </if>
    <if test="userTradeStatus != null">
         u.user_trade_status &gt;= #{userTradeStatus} and
    </if>
    <if test="userUuids != null">
      i.user_uuid in
      <foreach collection="userUuids"  item="uuid" separator="," open="(" close=")">
        #{uuid,jdbcType=VARCHAR}
      </foreach>
      and
    </if>
    <if test="tradeStatusList != null">
      u.user_trade_status in
      <foreach collection="tradeStatusList"  item="userTradeStatus" separator="," open="(" close=")">
        #{userTradeStatus,jdbcType=VARCHAR}
      </foreach>
      and
    </if>
    <if test="verifyStatusList != null">
      u.user_verify_status in
      <foreach collection="verifyStatusList"  item="userVerifyStatus" separator="," open="(" close=")">
        #{userVerifyStatus,jdbcType=VARCHAR}
      </foreach>
      and
    </if>
    <if test="mobiles != null">
      i.investor_mobile in
      <foreach collection="mobiles"  item="mobile" separator="," open="(" close=")">
        #{mobile,jdbcType=VARCHAR}
      </foreach>
      and
    </if>
    (u.delete_flag is null or u.delete_flag=0)
  </select>


</mapper>