<?xml version="1.0" encoding="UTF-8"?>
<!DOCTYPE mapper PUBLIC "-//mybatis.org//DTD Mapper 3.0//EN" "http://mybatis.org/dtd/mybatis-3-mapper.dtd">
<mapper namespace="cn.zjhf.kingold.user.persistence.dao.UserIssuerUnionMapper">
  <resultMap id="unionInfo" type="java.util.HashMap">
    <id column="user_id" jdbcType="BIGINT" property="userId" />
    <result column="user_uuid" jdbcType="CHAR" property="userUuid" />
    <result column="user_type" jdbcType="TINYINT" property="userType" />
    <result column="user_login_name" jdbcType="VARCHAR" property="userLoginName" />
    <result column="user_login_password" jdbcType="CHAR" property="userLoginPassword" />
    <result column="user_pay_password" jdbcType="CHAR" property="userPayPassword" />
    <result column="encrypt_salt" jdbcType="VARCHAR" property="encryptSalt" />
    <result column="register_time" jdbcType="TIMESTAMP" property="registerTime" />
    <result column="register_channel_code" jdbcType="VARCHAR" property="registerChannelCode" />
    <result column="register_version_code" jdbcType="VARCHAR" property="registerVersionCode" />
    <result column="register_device_id" jdbcType="VARCHAR" property="registerDeviceId" />
    <result column="register_device_type" jdbcType="VARCHAR" property="registerDeviceType" />
    <result column="register_device_name" jdbcType="VARCHAR" property="registerDeviceName" />
    <result column="register_device_os" jdbcType="VARCHAR" property="registerDeviceOs" />
    <result column="register_device_ip" jdbcType="VARCHAR" property="registerDeviceIp" />
    <result column="login_time" jdbcType="VARCHAR" property="loginTime" />
    <result column="login_channel_code" jdbcType="VARCHAR" property="loginChannelCode" />
    <result column="login_version_code" jdbcType="VARCHAR" property="loginVersionCode" />
    <result column="login_device_id" jdbcType="VARCHAR" property="loginDeviceId" />
    <result column="login_device_type" jdbcType="VARCHAR" property="loginDeviceType" />
    <result column="login_device_os" jdbcType="VARCHAR" property="loginDeviceOs" />
    <result column="login_device_ip" jdbcType="VARCHAR" property="loginDeviceIp" />
    <result column="signature" jdbcType="VARCHAR" property="signature" />
    <result column="user_status" jdbcType="SMALLINT" property="userStatus" />
    <result column="issuer_name" jdbcType="VARCHAR" property="issuerName" />
    <result column="issuer_short_name" jdbcType="VARCHAR" property="issuerShortName" />
    <result column="issuer_email" jdbcType="VARCHAR" property="issuerEmail" />
    <result column="issuer_license" jdbcType="VARCHAR" property="issuerLicense" />
    <result column="legal_person_name" jdbcType="VARCHAR" property="legalPersonName" />
    <result column="legal_person_id_card_no" jdbcType="VARCHAR" property="legalPersonIdCardNo" />
    <result column="legal_person_mobile" jdbcType="VARCHAR" property="legalPersonMobile" />
    <result column="issuer_attachment" jdbcType="OTHER" property="issuerAttachment" />
    <result column="delete_flag" jdbcType="TINYINT" property="deleteFlag" />
    <result column="create_time" jdbcType="TIMESTAMP" property="createTime" />
    <result column="update_time" jdbcType="TIMESTAMP" property="updateTime" />
  </resultMap>

  <sql id="Exclude_Delete_Flag">
    and (delete_flag is null or delete_flag = 0)
  </sql>

  <select id="get" resultMap="unionInfo" >
    SELECT
    u.user_id, u.user_uuid, u.user_type, u.user_login_name, u.user_login_password, u.user_pay_password,
    u.encrypt_salt, u.register_time, u.register_channel_code, u.register_version_code, u.register_device_id,
    u.register_device_type, u.register_device_name, u.register_device_os, u.register_device_ip,
    u.login_time, u.login_channel_code, u.login_version_code, u.login_device_id, u.login_device_type,
    u.login_device_os, u.login_device_ip, u.signature, u.delete_flag, u.create_time, u.update_time,
    u.user_status,u.user_verify_status,
    i.issuer_id, i.issuer_name, i.issuer_short_name, i.issuer_email, i.issuer_license,
    i.legal_person_name, i.legal_person_id_card_no, i.legal_person_mobile, i.issuer_attachment
    FROM
    user u, issuer i
    WHERE
    <choose>
      <when test="userUuid != null">
        u.user_uuid = #{userUuid} AND i.user_uuid=#{userUuid}
      </when>
    </choose>
    AND (u.delete_flag is null or u.delete_flag=0)
  </select>

  <select id="getList" resultMap="unionInfo" >
    SELECT
    u.user_id, u.user_uuid, u.user_type, u.user_login_name, u.user_login_password, u.user_pay_password,
    u.encrypt_salt, u.register_time, u.register_channel_code, u.register_version_code, u.register_device_id,
    u.register_device_type, u.register_device_name, u.register_device_os, u.register_device_ip,
    u.login_time, u.login_channel_code, u.login_version_code, u.login_device_id, u.login_device_type,
    u.login_device_os, u.login_device_ip, u.signature, u.delete_flag, u.create_time, u.update_time,
    u.user_status,u.user_verify_status,
    i.issuer_id, i.issuer_name, i.issuer_short_name, i.issuer_email, i.issuer_license,
    i.legal_person_name, i.legal_person_id_card_no, i.legal_person_mobile, i.issuer_attachment
    FROM
    user u, issuer i

    where
    u.user_uuid = i.user_uuid
    <if test="userUuids != null">
      and
      i.user_uuid in
      <foreach collection="userUuids"  item="uuid" separator="," open="(" close=")">
        #{uuid,jdbcType=VARCHAR}
      </foreach>
    </if>
    <if test="issuerEmail != null">
      and
      i.issuer_email = #{issuerEmail}
    </if>
    <if test="issuerName != null">
      and
      i.issuer_name like #{issuerName}
    </if>
  </select>


</mapper>