<?xml version="1.0" encoding="UTF-8"?>
<!DOCTYPE mapper PUBLIC "-//mybatis.org//DTD Mapper 3.0//EN" "http://mybatis.org/dtd/mybatis-3-mapper.dtd">
<mapper namespace="cn.zjhf.kingold.user.persistence.dao.UserStatusLogMapper">
  <resultMap id="BaseResultMap" type="cn.zjhf.kingold.user.entity.UserStatusLog">
    <!--
      WARNING - @mbg.generated
    -->
    <id column="user_status_log_id" jdbcType="BIGINT" property="userStatusLogId" />
    <result column="user_uuid" jdbcType="CHAR" property="userUuid" />
    <result column="status_type" jdbcType="TINYINT" property="statusType" />
    <result column="status_old" jdbcType="TINYINT" property="statusOld" />
    <result column="status_new" jdbcType="TINYINT" property="statusNew" />
    <result column="change_time" jdbcType="TIMESTAMP" property="changeTime" />
    <result column="order_bill_code" jdbcType="VARCHAR" property="orderBillCode" />
    <result column="delete_flag" jdbcType="TINYINT" property="deleteFlag" />
    <result column="create_time" jdbcType="TIMESTAMP" property="createTime" />
    <result column="update_time" jdbcType="TIMESTAMP" property="updateTime" />
  </resultMap>

  <insert id="insert" parameterType="cn.zjhf.kingold.user.entity.UserStatusLog">
    <selectKey keyProperty="userStatusLogId" order="AFTER" resultType="java.lang.Long">
      SELECT LAST_INSERT_ID()
    </selectKey>
    INSERT INTO user_status_log (user_uuid, status_type, status_old, status_new, order_bill_code)
    VALUES (#{userUuid}, #{statusType}, #{statusOld}, #{statusNew}, #{orderBillCode})
  </insert>

  <select id="queryByOrderBillCode" parameterType="java.lang.String" resultMap="BaseResultMap">
    SELECT user_uuid,status_type,status_old,status_new,change_time,order_bill_code
    FROM user_status_log
    WHERE order_bill_code = #{orderBillCode} AND delete_flag = 0
  </select>

  <update id="deleteByOrderBillCode" parameterType="java.lang.String">
    UPDATE user_status_log
    SET delete_flag = 1
    WHERE order_bill_code = #{orderBillCode}
  </update>

</mapper>