<?xml version="1.0" encoding="UTF-8" ?>
<!DOCTYPE mapper PUBLIC "-//mybatis.org//DTD Mapper 3.0//EN" "http://mybatis.org/dtd/mybatis-3-mapper.dtd" >
<mapper namespace="cn.zjhf.kingold.user.persistence.dao.UserFeedbackMapper" >
  <resultMap id="BaseResultMap" type="cn.zjhf.kingold.user.entity.UserFeedback" >
    <id column="id" property="id" jdbcType="INTEGER" />
    <result column="user_real_name" property="userRealName" jdbcType="VARCHAR" />
    <result column="user_mobile" property="userMobile" jdbcType="VARCHAR" />
    <result column="feedback_type" property="feedbackType" jdbcType="INTEGER" />
    <result column="content" property="content" jdbcType="VARCHAR" />
    <result column="create_time" property="createTime" jdbcType="TIMESTAMP" />
    <result column="deal_time" property="dealTime" jdbcType="TIMESTAMP" />
    <result column="deal_person" property="dealPerson" jdbcType="VARCHAR" />
    <result column="feedback_status" property="feedbackStatus" jdbcType="INTEGER" />
    <result column="deal_ explain" property="dealExplain" jdbcType="VARCHAR" />
  </resultMap>
  <sql id="Base_Column_List" >
    id, user_real_name, user_mobile, feedback_type, content, create_time, deal_time,
    deal_person, feedback_status, "deal_ explain"
  </sql>
  <select id="selectByPrimaryKey" resultMap="BaseResultMap" parameterType="java.lang.Integer" >
    select
    <include refid="Base_Column_List" />
    from user_feedback
    where id = #{id,jdbcType=INTEGER}
  </select>
  <insert id="insert" parameterType="cn.zjhf.kingold.user.entity.UserFeedback" >
    insert into user_feedback
    <trim prefix="(" suffix=")" suffixOverrides="," >
      <if test="id != null" >
        id,
      </if>
      <if test="userRealName != null" >
        user_real_name,
      </if>
      <if test="userMobile != null" >
        user_mobile,
      </if>
      <if test="feedbackType != null" >
        feedback_type,
      </if>
      <if test="content != null" >
        content,
      </if>
      <if test="createTime != null" >
        create_time,
      </if>
      <if test="dealTime != null" >
        deal_time,
      </if>
      <if test="dealPerson != null" >
        deal_person,
      </if>
      <if test="feedbackStatus != null" >
        feedback_status,
      </if>
      <if test="dealExplain != null" >
        "deal_ explain",
      </if>
    </trim>
    <trim prefix="values (" suffix=")" suffixOverrides="," >
      <if test="id != null" >
        #{id,jdbcType=INTEGER},
      </if>
      <if test="userRealName != null" >
        #{userRealName,jdbcType=VARCHAR},
      </if>
      <if test="userMobile != null" >
        #{userMobile,jdbcType=VARCHAR},
      </if>
      <if test="feedbackType != null" >
        #{feedbackType,jdbcType=INTEGER},
      </if>
      <if test="content != null" >
        #{content,jdbcType=VARCHAR},
      </if>
      <if test="createTime != null" >
        #{createTime,jdbcType=TIMESTAMP},
      </if>
      <if test="dealTime != null" >
        #{dealTime,jdbcType=TIMESTAMP},
      </if>
      <if test="dealPerson != null" >
        #{dealPerson,jdbcType=VARCHAR},
      </if>
      <if test="feedbackStatus != null" >
        #{feedbackStatus,jdbcType=INTEGER},
      </if>
      <if test="dealExplain != null" >
        #{dealExplain,jdbcType=VARCHAR},
      </if>
    </trim>
  </insert>

</mapper>