<?xml version="1.0" encoding="UTF-8"?>
<!DOCTYPE mapper PUBLIC "-//mybatis.org//DTD Mapper 3.0//EN" "http://mybatis.org/dtd/mybatis-3-mapper.dtd">
<mapper namespace="cn.zjhf.kingold.user.persistence.dao.WechatBindMapper">
    <resultMap id="BaseResultMap" type="java.util.HashMap">
        <id column="wechat_bind_id" jdbcType="BIGINT" property="wechatBindId"/>
        <result column="user_uuid" jdbcType="CHAR" property="userUuid"/>
        <result column="open_id" jdbcType="VARCHAR" property="openId"/>
        <result column="platform" jdbcType="TINYINT" property="platform"/>
        <result column="delete_flag" jdbcType="TINYINT" property="deleteFlag"/>
        <result column="create_time" jdbcType="TIMESTAMP" property="createTime"/>
        <result column="update_time" jdbcType="TIMESTAMP" property="updateTime"/>
    </resultMap>

    <sql id="Base_Column_List">
    wechat_bind_id, user_uuid, open_id, platform, delete_flag, create_time, update_time
  </sql>

    <select id="getByUserUuidAndPlatform" resultMap="BaseResultMap">
        select
        <include refid="Base_Column_List"/>
        from wechat_bind
        where user_uuid = #{userUuid}
        and platform = #{platform}
    </select>

    <select id="getList" resultMap="BaseResultMap">
        select
        <include refid="Base_Column_List"/>
        from wechat_bind
        where platform = #{platform}
        limit #{offset},#{limit}
    </select>

    <select id="getByOpenIdAndPlatform" resultMap="BaseResultMap">
        select
        <include refid="Base_Column_List"/>
        from wechat_bind
        where open_id = #{openId}
        and platform = #{platform}
    </select>

    <delete id="deleteByUserUuidAndPlatform" >
        delete from wechat_bind
        where user_uuid = #{userUuid}
        and platform = #{platform}
    </delete>

    <delete id="deleteByOpenIdAndPlatform" >
        delete from wechat_bind
        where open_id = #{openId}
        and platform = #{platform}
    </delete>

    <insert id="insert" parameterType="java.util.HashMap">
        <selectKey keyProperty="wechatBindId" order="AFTER" resultType="java.lang.Long">
            SELECT LAST_INSERT_ID()
        </selectKey>
        insert into wechat_bind
        <trim prefix="(" suffix=")" suffixOverrides=",">
            <if test="userUuid != null">
                user_uuid,
            </if>
            <if test="openId != null">
                open_id,
            </if>
            <if test="platform != null">
                platform,
            </if>
            <if test="deleteFlag != null">
                delete_flag,
            </if>
            <if test="createTime != null">
                create_time,
            </if>
            <if test="updateTime != null">
                update_time,
            </if>
        </trim>
        <trim prefix="values (" suffix=")" suffixOverrides=",">
            <if test="userUuid != null">
                #{userUuid,jdbcType=CHAR},
            </if>
            <if test="openId != null">
                #{openId,jdbcType=VARCHAR},
            </if>
            <if test="platform != null">
                #{platform,jdbcType=TINYINT},
            </if>
            <if test="deleteFlag != null">
                #{deleteFlag,jdbcType=TINYINT},
            </if>
            <if test="createTime != null">
                #{createTime,jdbcType=TIMESTAMP},
            </if>
            <if test="updateTime != null">
                #{updateTime,jdbcType=TIMESTAMP},
            </if>
        </trim>
    </insert>


    <update id="update" parameterType="java.util.HashMap">
        update wechat_bind
        <set>
            <if test="userUuid != null">
                user_uuid = #{userUuid,jdbcType=CHAR},
            </if>
            <if test="openId != null">
                open_id = #{openId,jdbcType=VARCHAR},
            </if>
            <if test="platform != null">
                platform = #{platform,jdbcType=TINYINT},
            </if>
            <if test="deleteFlag != null">
                delete_flag = #{deleteFlag,jdbcType=TINYINT},
            </if>
            update_time = now(),
        </set>
        where wechat_bind_id = #{wechatBindId,jdbcType=BIGINT}
    </update>

</mapper>