<?xml version="1.0" encoding="UTF-8"?>
<Configuration status="WARN">
  <Properties>
    <Property name="log-path">/tmp/</Property>
  </Properties>
  <Appenders>
    <Console name="Console" target="SYSTEM_OUT" follow="true">
      <PatternLayout>
        <pattern>%d %p %C{1.} [%t] %X %m%n</pattern>
      </PatternLayout>
    </Console>

    <RollingFile name="RollingFile" fileName="${log-path}/gateway-server.log" filePattern="${log-path}/gateway-server-%d{yyyy-MM-dd}-%i.log" >
      <PatternLayout>
        <pattern>%d %p %C{1.} [%t] %X %m%n</pattern>
      </PatternLayout>
      <Policies>
        <SizeBasedTriggeringPolicy size="10 MB" />
      </Policies>
      <DefaultRolloverStrategy max="100"/>
    </RollingFile>

  </Appenders>
  <Loggers>
    <Logger name="org.springframework.cloud.netflix.zuul.web" level="debug" additivity="false">
      <AppenderRef ref="RollingFile"/>
      <AppenderRef ref="Console" />
    </Logger>
    <Root level="info" additivity="false">
      <AppenderRef ref="RollingFile"/>
      <AppenderRef ref="Console" />
    </Root>
  </Loggers>

</Configuration>
