<?xml version="1.0" encoding="UTF-8"?>
<DataDic>

    <element name="productType">
        <mappingItem value="PRIF" name="私募基金"/>
        <mappingItem value="FIXI" name="固定收益类"/>
    </element>

    <element name="productPeriodType">
        <mappingItem value="DAY" name="日"/>
        <mappingItem value="MONTH" name="月"/>
        <mappingItem value="YEAR" name="年"/>
    </element>

    <element name="productInterestType">
        <mappingItem value="1" name="到期付息"/>
        <mappingItem value="2" name="按月付息"/>
        <mappingItem value="3" name="季度付息"/>
        <mappingItem value="4" name="半年付息"/>
        <mappingItem value="5" name="年付"/>
        <mappingItem value="6" name="到期一次性分配收益"/>
    </element>

    <element name="productOnStatus">
        <mappingItem value="0" name="未上架"/>
        <mappingItem value="1" name="已上架"/>
        <mappingItem value="2" name="已下架"/>
    </element>

    <element name="productStatus">
        <mappingItem value="1" name="预热中"/>
        <mappingItem value="2" name="募集中"/>
        <mappingItem value="3" name="已售罄"/>
        <mappingItem value="4" name="已成立"/>
        <mappingItem value="5" name="封闭期"/>
        <mappingItem value="6" name="存续期"/>
        <mappingItem value="7" name="已结束"/>
    </element>


</DataDic>

